cluster_id,Y,X1,X2,X3,X4,X5,error_star
1,-2.3279829072140714,-0.5604756465522126,-1.0678237059868452,-0.6947069789205127,0.3796394827598821,0.005764185899886933,-0.6913756891902286
1,-2.4892342358283552,-0.23017748948327996,-0.21797491465829513,-0.20791727801959878,-0.5023234531093023,0.3852804011263305,-0.4543673520540869
1,-2.6311427315561042,1.558708314149124,-1.0260044483072397,-1.2653963515682645,-0.3332073836694201,-0.37066003179240936,-0.19064317742459913
1,-0.37527872485398905,0.070508391424576,-0.7288912292911403,2.1689559653385126,-1.0185753831070887,0.644376548518833,-0.2535483245498956
1,-1.1754337089058446,0.12928773516094624,-0.6250392678492567,1.2079619983049905,-1.0717912264755778,-0.22048656181875062,-0.5038854149621417
1,-2.05475672370902,1.715064986883281,-1.6866933107424134,-1.1231085832033492,0.30352864140425806,0.3317819639156969,0.18379164950395738
1,0.2958386431218594,0.4609162059892023,0.8377870444945247,-0.402884835299076,0.4482097786294262,1.0968390131493477,0.03234020447184288
1,-2.3309454737680486,-1.265061234606534,0.15337311783651522,-0.46665535362321886,0.053004226730504145,0.43518149083380286,-0.8226319064936738
1,2.1726726182818927,-0.6868528518935261,-1.1381369370119476,0.7799651183363179,0.9222674678797376,-0.32593158553122675,0.31382178244542464
1,4.431601880720942,-0.44566197009995806,1.2538149210699268,-0.08336906647182928,2.0500846856271444,1.1488076184510938,0.5743097916055431
1,0.18024477643665215,1.2240817974394615,0.42646422147681357,0.2533185139947548,-0.4910311660565353,0.9935038559621194,0.7373280733231657
1,-5.136847377719234,0.3598138270573638,-0.29507148299227115,-0.028546755348703018,-2.3091688756408124,0.54839695950807,0.18787203555710436
1,2.4261938654137394,0.40077145059405217,0.8951256610450222,-0.04287045729131609,1.0057385244622565,0.2387317351114412,-0.3777571488044065
1,3.1489796874346396,0.1106827159451197,0.8781334875330422,1.3686022840144576,-0.7092007625823926,-0.6279060760393714,0.9530968650327647
1,-2.5436693509399135,-0.5558411347540749,0.8215810816374871,-0.22577098565926762,-0.688008616467358,1.3606524485300076,-0.012003705246737939
1,6.520208760933203,1.7869131368030782,0.688640254100091,1.5164706044295397,1.0255713696966988,-0.6002595871471269,0.012003705246737939
1,-3.312592021949298,0.4978504782292394,0.5539176535375888,-1.5487528042302212,-0.2847730070510089,2.1873329930165766,0.9645732988624189
1,-3.3031997675066673,-1.9666171566296382,-0.06191171057672168,0.5846137496360692,-1.2207177122545356,1.5326106261851893,0.8391459476250305
1,0.5805319312154053,0.7013559015636855,-0.30596266373991676,0.12385424384461378,0.1813034797491502,-0.23570035910047687,-0.24827204019221885
1,-0.02600362857260108,-0.47279140772793404,-0.3804710010123827,0.21594156874397272,-0.13889136243904462,-1.0264209003067808,-0.48168745224090204
2,-2.366297980301306,0.11764659710012587,0.7017843353747109,1.052711465579332,-1.063326133971191,2.1988103488837196,-0.38051019576897577
2,-1.0055520904383066,-0.9474746141848022,-0.262197489402468,-1.0491770066660657,1.26318517608949,1.3124129764335104,0.09019084031019098
2,-3.975977129644954,-0.49055744370066834,-1.5721441591454877,-1.2601552447581124,-0.34965038795355474,-0.26514505669635297,0.16583433769879213
2,0.5903259205764033,-0.25609219219824725,-1.5146676537817514,3.2410399349424046,-0.865512862653374,0.5431940592320895,-0.3543004474174906
2,-0.6778557200057747,1.8438620052322074,-1.6015361735745934,-0.4168575881604318,-0.23627956894109653,-0.4143399479188597,0.6852550231566961
2,-0.37463006677381117,-0.6519499016954585,-0.530906522170303,0.2982275915407153,-0.1971758943485522,-0.4762468946155784,-0.04698508698532583
2,2.3639287072533492,0.23538657228485693,-1.4617555849958999,0.6365696740338487,1.1099202897136404,-0.7886028378502425,-0.25530692222147555
2,1.3169194900869137,0.07796084956371077,0.6879167729758275,-0.4837806257087436,0.08473729219719646,-0.594617267459511,0.5516013790384423
2,1.8098696468476867,-0.9618566341301286,2.1001089405256717,0.516862044313609,0.7540537851845215,1.6509074673366901,-0.4418041461156876
2,-1.3787501302619383,-0.07130808612359867,-1.287030476035179,0.368964527385086,-0.4992920171722608,-0.0540281250854405,0.3350435070164921
2,1.1569000051036449,1.4445508584233488,0.7877388474751781,-0.2153805076416934,0.21444530958160127,0.11924523642758414,-0.3396888928562859
2,1.0297850960446215,0.45150405307921465,0.7690422410009099,0.06529303352531526,-0.3246859114908347,0.243687429599092,0.8301105307968928
2,0.8487522979364438,0.04123292199293993,0.3322025789501177,-0.034067253738464,0.09458352817357142,1.2324758784853378,1.590342960735747
2,0.7335311588361964,-0.4224968323396248,-1.0083766082770078,2.128451899016181,-0.8953633579775416,-0.5160638309447803,0.03514121976904766
2,-2.6183610299876046,-2.0532472215405155,-0.11945260663065868,-0.7413360962728284,-1.310801533327972,-0.9925071503920374,1.2688152480864618
2,0.757841038541835,1.1313372134141755,-0.2803953351702467,-1.095996267074664,1.9972133847479665,1.6756969324031898,-0.20216766947575343
2,1.4040155608506832,-1.460640070924822,0.5629895332204798,0.03778839917107882,0.6007088236724176,-0.44116321690528554,-0.12791739991412454
2,-0.5304235483542303,0.7399475108773345,-0.37243875610382904,0.310480749443137,-1.251271361624944,-0.7230659699398736,0.7857970814562403
2,2.5651104554130404,1.9091035692174834,0.9769733866856207,0.43652347891018295,-0.6111659166804209,-1.236273118883293,-0.03514121976904769
2,-2.9356441066530157,-1.4438931609717993,-0.37458085776701383,-0.4583653327111057,-1.1854800845973104,-1.2847157223177965,-0.06532422245661901
3,-6.237949553906676,-0.7886219708540015,-0.5211173175525201,-1.667475097585663,-0.7152421872227963,0.23743027249102577,-1.153393957612042
3,-0.9167157341237866,-0.5021987183428608,-0.48987045313847427,0.7364959647734421,-0.752688968217742,1.2181086103258114,1.4429966777872503
3,1.20282766370164,1.4960606698463506,0.04715443276152723,0.3860265683496758,-0.9385387036068938,-1.3387742872349724,0.36690616347123883
3,-1.5469001321904292,-1.137303620665745,1.3001986776668206,-0.26565162527822234,-1.0525132793387366,0.6608202977898003,0.8858772948602293
3,3.1849591791711154,-0.17905159438019844,2.293078973831094,0.11814451104668068,-0.43715953318039885,-0.5229123763134219,1.1555959260074755
3,1.4880615295207846,1.902361821678927,1.5475810589837693,0.13403864536846335,0.33117917295898186,0.6837455218507125,-1.1903712324223945
3,-3.2232842992643582,-0.1009748853288084,-0.13315096432894447,0.2210194685610021,-2.01421049792072,-0.06082195466007423,0.5964239460688533
3,-1.6592951652650156,-1.3598407038213938,-1.7565273955576375,1.640846165977486,0.21198043337229178,0.63296071303145085,-1.475116820476043
3,-0.23599554228438757,-0.6647694352740622,-0.3887798640717435,-0.21905037893347584,1.2366750464165703,1.335517615059392,-0.32408786994914807
3,3.615899235180913,0.48545997890487813,0.08920722307329454,0.16806538388465753,2.037574018240435,0.0072900903168987945,-1.0359939993357776
3,3.053303131439599,-0.37560287166977346,0.845013004067436,1.168383873069093,1.3011759922005872,1.0175586369520924,-0.9412775938456722
3,5.1659961749920855,-0.561876363549783,0.962527968484271,1.054181023376919,0.7567747637959615,-1.188434035147979,0.20115129047742525
3,-0.2999675737108283,-0.34391723412845926,0.6843094294164646,1.1452631103803574,-1.72673039911433,-0.7216044404360152,0.20164330615904513
3,-4.676912244617398,0.09049664713922118,-1.3952743497994675,-0.5774680010595568,-0.601506708006782,1.5192177113881782,0.2615469106035355
3,2.8716346010844096,1.598508771145826,0.8496430456333551,2.0024827302928294,-0.35204645658261685,0.3773879730239293,-0.6995060393719396
3,2.162818939236622,-0.08856511213888398,-0.44655721642722224,0.06670087093018297,0.7035239027568945,-2.05222282043373,-0.9056632206095071
3,4.98728093365392,1.0807994961515173,0.17480270016125568,1.8668518447068625,-0.10567133400377447,-1.3640374520823753,0.3191059342817857
3,-4.105837689450039,0.6307541156505666,0.07455117717373456,-1.3509026860307116,-1.2586486280601719,-0.2007810155891212,-0.15289565487176682
3,2.0390156756237303,-0.11363989550614068,0.4281667649705055,0.02098358635423748,1.6844357080941148,0.865779404334488,-0.8668985329788029
3,3.210657332013579,-1.5329020028905982,0.02467498282613994,1.2499145709692157,0.9113912917959627,-0.10188325571522247,0.15289565487176687
4,4.428955385022885,-0.2052992574681995,0.034551067133851025,-0.07355601913647834,1.7795029097751494,-1.241044496808491,-0.1926623410309385
4,-1.340912359475058,0.6511932815876703,0.1902303156924571,-1.1686514244243555,0.2864244196288247,0.45476926898263287,-0.2218417495998336
4,-0.8942350029036658,0.273766491036548,0.17472639698184156,-0.6347482649089092,0.12631585845888565,0.6599026381426083,0.15354867318441967
4,1.1039358932512158,1.0246732348183503,-1.0550170426026815,-0.028841552928314446,1.272266779468519,-0.1998898281014332,-1.0545447392012772
4,1.363942946367151,0.8176594463740879,0.476133278302629,0.6706959687339302,-0.7184662213192593,-0.6451139568597918,0.2647544775553094
4,-1.324458822505162,-0.20979317122850863,1.3785701369592405,-1.6505465434251092,-0.4503386239247119,0.16532102124205025,0.9436857103789895
4,4.492098844850087,0.378167772208507,0.4562364031798125,-0.3497542392112684,2.397452480049763,0.4388187007144536,0.015323654997852265
4,-1.4965696150198446,-0.9454088311238928,-1.135588470374343,0.7564064385454836,0.011129187220887952,0.8833028199487049,-0.16184194139485153
4,4.419958028152829,0.8569230108993184,-0.43564546969190504,-0.5388091599775925,1.6335684214083066,-2.0523369839019527,-0.08411809435710282
4,-0.799435344147031,-0.461038338884354,0.34610361955360675,0.22729192167294204,-1.438506644914523,-1.6363792680590246,-0.015323654997852154
4,-0.2325272976398614,2.416773353788211,-0.647045631318269,0.4922285700644314,-0.19051680204290142,1.430402341188183,0.27922474696164085
4,-2.152535931656524,-1.6510488956881872,-2.157646335015277,0.26783501533168314,0.37842390363683187,1.046628847111547,0.7186633680432054
4,2.796114285589015,-0.4639872429660149,0.884250820028209,0.6532576794713816,0.30003854520579754,0.4352889489076821,0.9991824263328279
4,-2.253222806510908,0.8253798627592425,-0.829477611624518,-0.12270866097738006,-1.0056362595108368,0.7151784071110604,1.0740787913327934
4,-2.32477104554276,0.5101325468786635,-0.5735602707682829,-0.41367651359212027,0.019259274625370804,0.9171749176410033,-0.5071059094353667
4,-2.8644109315958497,-0.5894810385150003,1.503900609004535,-2.6431489520289784,-1.0774206531119819,-2.660922798465681,-0.6149290855411345
4,-1.120526812932769,-0.9967807422075223,-0.774144929605405,-0.09294101847947203,0.7127033252442824,1.1102770966388196,-0.023709538354140025
4,2.7898683110564004,0.14447570471069665,0.8457315401892959,0.4302846963599871,1.0847750898606459,-0.4849875965623248,-1.4280659023118414
4,-4.629375124663139,-0.014307413166913387,-1.2606828788187754,0.5353988408681499,-2.2249876964874127,0.23061683063120178,0.5159554230428951
4,1.5514682122300663,-1.7902812372640602,-0.3545424030739777,-0.5552783513132517,1.2356934623001432,-0.29515780088357724,0.8675240354220879
5,-0.0015005681988353725,0.020450708525032547,-0.3164158681969931,0.38230514254636994,0.8134003740790647,0.47703723828470007,-1.418531277957343
5,5.484092963472338,0.31405766350626224,-0.10234651352059783,0.9821130025226407,0.9044354644496952,-0.9719942114759335,1.1753760010805197
5,-2.017477800489513,1.3282146960369865,-1.1815592270556854,-0.7273835290875355,0.0026916612301209055,-0.18520216940099382,-0.5995361196822528
5,-4.603381744085214,0.12131837749077803,0.49865804382992457,-0.9968389823780047,-1.1766921577497271,1.2209637083488218,-0.09309247924524344
5,-5.501797479606084,0.7128423200311134,-1.038956440307033,-1.0416888589895097,-1.3182207274590878,0.5412841434823501,-0.0790033124298164
5,-2.3888678142604025,0.7788600297835346,-0.22622198144240974,-0.41458872636367367,-0.5929973656553169,0.45735733162533,-0.28684069522828604
5,3.3495654887958874,0.9147732708556343,0.3814258294513523,-0.23902906815256408,0.7973805005498356,-1.0381310396872052,0.23640458535868802
5,-4.522222676003828,-0.5743945521843834,-0.783515789013048,0.48361753383826944,-1.9582051746569251,-0.6045132303341167,-0.8650387926762588
5,-1.4160440828310932,1.626881214194677,0.5829914056800642,-0.3213248421683899,-1.8863251587325458,-0.7646060137535687,0.677555471355612
5,-4.370075256171993,-0.38095673929401297,-1.3165104016516926,-2.078489268860023,-0.6537798247601029,0.39529587001349903,1.9575029379504463
5,-0.5726814642561253,-0.10578416764975175,-2.8097746789605416,-0.09143427555013835,0.39439484798058455,-0.9905076304665589,0.6478393854267717
5,0.6611585269711485,1.4040502677141713,0.4649679907858525,1.1871868106515564,-0.9135660481649922,0.5620413900990521,0.10255867277991193
5,6.1913983283122125,1.2940839061455802,0.8405398269609996,1.1916012685103252,0.8867490370960592,-1.116416411933542,0.026500159387274902
5,-3.593242156759251,-1.089991872411238,-0.2858454235913839,-0.7889632181112297,0.3333699701551824,1.8285304581353643,-0.4171654519704038
5,-3.924683253059979,-0.8730710004174634,0.5041262545916082,-1.5477765436375708,-0.17063961823860985,0.4605913494781038,-0.8687386060311761
5,3.9983723720191233,-1.3580790593706142,-1.1559165250836716,2.458060491865274,0.8188281365317798,-0.7010036122532697,-0.1924221963266386
5,0.12097718673912494,0.18184719261983215,-0.1271486068256622,-0.16242194247941932,0.3883651628193677,0.2410459325012233,-0.1348492821635121
5,-3.7722436349802635,0.16484086791846608,-1.9415183760406178,-0.09745125010561723,-0.44593502721215617,-0.35245319922795615,-1.2275519625440963
5,1.8178659904391223,0.3641146873550629,1.1811808914385218,0.42057418869814694,0.23111493441816,0.371147959759657,-0.26731543680081393
5,1.3772472682898798,0.5521577142185579,1.859910861543161,-1.6140394566191194,0.6475133579775916,0.2435327187603004,0.610822737371236
5,1.5705803734708073,-0.6018928459850164,1.07401226028199,-0.7282191111912876,0.35628334486204694,-1.0141141726614744,0.16316234058268853
5,-3.866797380327374,-0.9936985910987144,-0.027346966413741798,-1.5404424052900094,-0.6580102079494788,-0.79131387881947,-0.5072309733497729
5,0.8509297604696152,1.0267850560749041,-0.03333034227591927,-0.6930946140105951,0.8552022050641918,0.2995936847395636,-3.012296648448043e-4
5,-0.6632558846254837,0.7510613026063233,-1.5160676231510992,0.11884943300456097,1.152936225558616,1.6390519087515616,-0.36781360465005775
5,-1.872990996475334,-1.509166537328701,0.790385343888228,-1.3647094579869121,0.27627455654333666,1.0846170086709221,0.6703390108654057
5,0.8880705261365016,-0.09514745084928676,-0.21073418069177566,0.589982679367313,0.14410466246218698,-0.6245674736180938,-0.6513723853405164
5,-1.3536707608833107,-0.8959478227564988,-0.6567429253610754,0.28934402881733584,-0.07562508077983801,0.8259229016474942,0.2942030958371804
5,-0.015967962330780017,-2.070751070541964,-1.4120257926583086,-0.904215025620639,2.1614158463027877,-0.04856835275628854,-0.583644141332395
5,0.32877311639843726,0.15012013118814335,-0.2997624966462722,0.22632494238106354,0.2763155321357929,0.3013136517184046,-0.03732927867413882
5,0.16212632410382505,-0.07921170925858824,-0.8490611350167082,0.7480811624938435,-0.15829402869994402,0.2603614907365583,0.5056211181455084
5,-5.893571843587404,-0.09736926751308099,-0.39703052032783664,1.0610952532617417,-2.5079178021972544,2.575449763723391,0.5517857987222607
5,-3.3755403649846514,0.21615254180123264,-1.2175999877635975,-0.2128482786465276,-1.5652817650305326,-1.1852888105872244,-0.0014695106780371336
5,0.44646827439211667,0.8824651643965872,1.6875894829456983,-0.09363679391104562,-0.0776732006105648,0.10091985901285687,-1.2856323396513203
5,2.5291072636700003,0.20559750448338662,-0.01600252720796886,-0.08671413498192511,0.20629404484309793,-1.7799772879676157,0.3798168634553518
5,3.7015449191020453,-0.6164358428735284,1.0749450772723859,1.4414617560550447,0.2768724588616144,0.5898359229587584,0.8087161344193862
5,-0.5754849310558869,-0.7347992519212811,-2.601699670257652,1.1250718922779939,0.8215067804486178,1.0966084717214049,0.159601437569584
5,-2.097266953072928,-0.13180279304118106,-0.4531978299948375,0.8344015677570392,-0.19415240932045666,1.4456622411011533,-0.9958030184509921
5,3.931830199180753,0.31001698657895177,-0.6754822915920712,-0.2873407998406928,1.214588794482562,-1.9251452518371208,0.5289923564421426
5,-3.282433203399668,-1.0396803527020415,-1.2229261793659132,0.37324143416640604,-0.921516042869578,0.4127694971940302,0.15627258400084298
5,-1.0924553389260145,-0.18430886884238382,1.546609154224095,0.4032903312206958,-1.2084427204430666,1.5933699513836517,0.8584098367098234
5,-5.54813692601321,0.9672672601679138,-1.4152819197694901,-1.0416732942893223,-1.2289861775538142,-0.414015863042303,-1.0100222028283679
5,-0.7470384318576901,-0.10828009123448613,0.31839026040802515,-1.7283045153207428,0.7422970241865179,-0.21215053208194942,-0.11557645412234341
5,1.31577274468903,-0.6984206675943903,0.8464362855796922,0.6418300276516161,-0.08291994233922603,-0.03653722220474125,-0.014895586097180447
5,-1.8629996089541503,-0.27594516842553973,0.17819018841802312,-1.5293105311804218,0.7898179218204991,0.3650187514330356,-0.8238685085967334
5,-0.8567722772210664,1.1146485453619799,-0.8752554774955156,0.00168368848420991,-0.26770642155708474,0.6651598757459689,0.6592061137272829
5,-0.22574052777155984,0.550043961214136,0.9411658067241672,0.2502478213483311,-0.5918921022128126,1.317820883711482,0.6843050410118154
5,2.0521659673090067,1.2366758000816054,0.17058808184083793,0.5638673903058834,-0.36835257512650604,-0.09548759044499239,1.0586564597765604
5,-4.836245346649076,0.1390978571617711,-1.0634979063820433,0.18942623751481066,-1.8526168242417291,0.1962780454724688,-0.22492403116420712
5,-7.307653181771045,0.41027509649042515,-1.3880490476020615,-0.7328538062971252,-1.1696152604141148,2.4879978772214617,-0.19823257491881674
5,0.7441521812722396,-0.5584569123481329,2.086717434493147,0.9863658598954617,-1.4420346463584501,0.4310989281149912,0.7722826339418579
5,4.4853491827472,0.6053706689303329,-0.6785031454184371,1.7386337669062457,1.0543222719753484,0.18875310932983336,0.33332490872023857
5,-0.6440131167000063,-0.5063335421892394,-1.8555716539180402,0.8811788089254428,-0.5973300913628001,-1.3422431252834488,-0.004625847633358937
5,-1.5735981104337706,-1.4205655046957444,0.5332593627536522,-1.9436509013239756,0.7894598527901798,0.002856047622226594,-0.05716202681172011
5,4.516654042059046,0.12799296568412577,0.3102302560608955,1.3995761854029438,1.5164906016919582,-0.22132615316688106,-1.2112443314991255
5,-1.621653120467125,1.9458512177314353,-1.3538343357225984,-0.05605594618626797,-0.19177480910994216,-0.011045829809373778,-0.7841566859203317
5,2.107781749692942,0.8009143395730616,-1.9429564135819501,0.5249142793192899,0.2838789063523513,-0.5754176412711666,1.7197341205335572
5,-0.5126395346854329,1.1652533899462603,-0.11630251715860555,0.6220332358710604,-1.7510675193960785,-0.6868156524427007,0.903305820042908
5,0.9383829463137687,0.3588557230931522,1.1393962917094222,-0.09668607320670514,-0.8186697775198026,-0.7207736318201219,0.6811538260873116
5,0.4155019793956104,-0.6085571783162245,0.6361240351821486,-0.07526319764872627,0.05621484938283862,-0.2145045153997742,-0.13038288432078793
5,1.0462614784871134,-0.20224085511028375,-0.49293742416197733,1.0191570693309,0.29908690333615234,1.3681326480286269,0.8815425675642047
5,-2.5043498908821373,-0.27324810681192524,-0.8341882315843776,0.711601922486244,-0.7593981172988821,1.0490866265593277,-0.03305762846407134
5,6.781652714045474,-0.4686997797820871,0.27106675675054515,0.9902622460442313,2.684858999226799,-0.3599751179430565,-0.4701506382770291
5,5.22230997898315,0.7041672839297158,0.1573533472161576,2.3829266952303274,-0.4583901390923888,-1.68591645453874,0.3693467706026814
5,1.7991179531371655,-1.1973635023654117,0.6297117466927278,0.664415863694087,0.0642435566300379,-0.8445834285359536,-0.20160637971001627
5,2.55043250981218,0.8663661321127734,-0.3957979502888964,0.20738115738530685,0.6497918671535179,-0.4577605332405078,0.44463139041918565
5,-2.4902871797012454,0.8641524862258932,0.8993540532030995,-2.2106331105756207,-0.026018634773995304,0.1036380042283041,-0.35009253637756577
5,1.582929496875873,-1.1986223590687484,-0.8308115273362484,2.6917140032461155,-0.643567387027114,-0.6626072757008146,-0.39999130276926453
5,0.9777832986140538,0.6394919979005336,-0.3305447001199631,-0.48267682179630783,1.0453056639633052,2.00668069083189,1.6286665953834918
5,9.413844944717637,2.4302266523445084,0.7408145237259045,2.374734715095394,1.615545323207201,-0.27226753441835105,0.39245684134363423
5,1.8514086407659176,-0.5572154819416083,0.9899716086271126,0.3746435680049877,-0.0296939710498354,-1.2139444702395097,-0.5764771070377115
5,2.060346789834653,0.8449042414080717,-1.9385047014533794,1.5384301988967937,0.5622673454030662,-0.14126175728251325,0.0029576241501600986
5,0.3169828460338746,-0.7822018456194033,0.10719040701615291,-0.10971032117623881,-0.09741249850263016,-1.0053775815934138,-0.04509374099637187
5,4.895236929659386,1.1107114182028008,0.6087790117346299,0.5114707546981254,1.0164552177021617,0.15615570727532643,1.0871413486471704
5,-4.185147870848784,0.2498247199265625,-1.4508243134906313,0.2139579796422618,-1.156167394259853,0.23363361408986943,-0.6342044841752517
5,5.985730259268952,1.6519153916231646,0.48062559987521725,-0.1861206993734956,2.3208602239944756,0.3555876116283844,0.6721951762818297
5,-1.5957184496319812,-1.4589707285369156,-0.828174270396797,-0.1203938246224936,-0.6035312477883376,-1.6218582591242146,-0.2722638415805254
5,0.08373300241904347,-0.051297886125361236,1.020253012164429,1.0128343358442544,-1.4588494144380924,0.22071129097064884,0.7082875493977467
5,-1.0315386191767746,-0.5269251761255977,0.538482032102641,-0.20145814697149975,-0.3509178271930697,0.31045008054164597,0.00791489216841823
5,-0.15428452739133958,-0.1972648690762991,0.7690522949956095,-2.0376824944408,0.14670848414500187,-1.4211084475044877,0.5172939380179093
5,2.7345998385165498,-0.629578742686005,0.12071932928703423,-0.19588924882982778,1.6236212076802288,0.9553656397304111,0.9306269781872133
5,1.9074182455876334,-0.8338435805350006,0.8636484341577534,0.5397906055362739,0.9112096767713199,0.7841708790943376,-0.38724278105533316
5,1.3198893288672997,0.5787223746164499,1.3805145283145377,0.6164557163514397,0.14245843204578665,2.2996193611544453,0.7400325357802495
5,-0.2555473222010807,-1.0875807140769271,1.9662480154556337,0.616567817477434,-1.38948352398816,0.156702987375728,0.332813328517646
5,-2.0258040565564484,1.4840309315562832,-0.028395054749064987,-1.6921015208690813,-0.8660377446721136,0.04673352751800071,1.5775368305803248
5,-3.622752837524164,-1.1862065853137507,-2.249051090332405,0.36874205801119403,-0.1632849322292941,0.09658583408243634,-0.91055584301065
5,7.446671713462385,0.10107915139527966,0.031526004593991706,0.9678592099470636,2.553026113460593,0.06976623090030058,0.8765313222292723
5,0.4899228022295061,0.5329892868264807,0.20556120844997466,1.2765786814676567,-1.860227574218415,-1.8484727753376669,-0.02501869873603102
5,2.865410167892418,0.5867353390926253,-0.15534534714439854,-0.22496127104411592,1.1310546518460212,-1.6711270586422435,-0.868406610277608
5,-0.9115155602199037,-0.3017466638663803,0.5682886207770745,-0.3218925861828012,-0.5272342572339209,-0.07753896679120335,0.13083757788705208
5,6.138109664927541,0.07950199532840103,1.010677964514265,1.4878378318780394,1.6659908999874187,-0.5810673805664984,-1.05712522560932
5,-5.054656803723933,0.9612641518096774,-0.5179824301678216,-1.6679280457793197,-1.1392006399734047,0.054736525057425274,-0.1822765757877356
5,1.5137153785596065,-1.4564659170764258,-0.2940953271561105,-0.43682997691312486,0.14362323466274737,-2.1112083732605313,0.792833787037591
5,-0.9020016111716886,-0.7817397115320819,0.39784220880033905,0.45746207935745464,-1.099550941702751,-1.4986982545267578,-0.8947634543634246
5,-0.13184423789826094,0.3204023143166103,-0.5502237414891381,-1.6177737653812263,0.9035164263616751,-1.1014834389387425,-0.22367729715768103
5,2.607590608734045,-0.4447819783369915,0.09126738348823545,0.27962786243175747,1.4837794887380855,0.9860582210602473,0.33777166435074557
5,5.6793208719197334,1.3700039939710003,-1.961707598885302,1.877864021052193,1.9507210064011518,-1.0984900070901165,-0.8607015776511739
5,2.4118366246340104,0.6732538633548357,-1.119899721397624,-0.00406065343634058,0.7976006575895186,-0.7995139535765308,0.8064851257531592
5,1.8976067833043082,0.07216675241475584,-1.3277554756041252,-0.27845402496358623,1.8432662545778213,0.07987381867405269,3.012296648448043e-4
5,2.749985656610916,-1.50775731753668,-0.8536236967272416,0.4749117140340542,1.2464239086616464,-0.32274636182510885,0.8295262619070148
5,-0.6599559097621276,0.026100225326241802,-0.6933045279306658,-0.2790721707873067,-0.13187491182401517,0.14641717866796228,0.8490737640023699
6,0.598752690203707,1.9050435849087044,0.9159920579402111,-0.6431947915936632,-0.3589365605846804,0.5102732511394306,0.9231773995084298
6,-1.6555663960113167,0.3326217314703942,0.8006223565097664,-1.4368434436577757,-0.32903883042166854,-0.3331209012239486,-0.14227769315022826
6,1.7423450422290112,0.23063364049945073,-0.9365690341357926,1.395313438946077,0.06923647785301654,-0.06596094635246347,0.2661931956374667
6,-2.2645637929433344,-1.691862414884067,-1.400787433995731,-0.19070343264485706,0.09690423370105476,-0.11522170942194963,-0.04082017936234336
6,1.3336337310035962,0.6597918995493273,0.16027753999317776,-0.5246711994696713,0.2900343877655705,-0.65051261877452915,0.39988564613459154
6,4.591421172996234,-1.0236235888797118,-0.2739623747751827,3.1840444740663285,-0.7466789410462559,-2.018688659082417,0.07579785412187451
6,-4.800411956537182,-0.8915215743542977,-0.9855391125622962,-0.050037267887628245,-0.8468963888203188,0.3488349701765925,-1.2514284071490644
6,1.1815458811069397,0.9183411710216488,0.08393067951503286,-0.44374931186652355,1.197077663746084,0.7616395076468586,-0.32844723596444203
6,-2.005908771398076,-0.45270064650823005,-1.319996526486906,0.2998652501361448,-0.5486273611033227,-1.2887162353501251,-1.1008213100047515
6,-3.9010878684532067,-1.7483722800031807,0.161226351326199,-1.5684246207549688,0.30304569522545066,1.4824027184586064,0.04082017936234336
6,1.055293261576268,1.769904109889355,-0.6249283875419198,0.4903026426720676,-0.05697053380333201,0.38515482368723486,0.5589115214593079
6,-4.588496855058389,-2.3774069253925205,0.957164274192481,-0.09616320107996684,-0.9578493921506691,1.341640294993872,-0.9553737856394492
6,5.759149884338921,0.5728115298595848,2.424489141161533,0.4685251225301459,0.5910619094115072,-0.9571704712422884,0.20617300438707453
6,-4.084782365600348,1.01724924908461,-0.915979243686792,-0.9823706359378539,0.17310487349295478,0.1667812883542511,-2.3833002511807386
6,2.192263544287882,-0.6309678666605345,1.057664170942975,-1.0229838421479434,1.399783356212508,-0.10001395893880842,0.08497839853326489
6,-0.44025458566905395,0.44428705141155417,0.8251497277682832,-0.6934146632761847,0.11745958462698798,0.7685074318817763,0.08616241839896319
6,-1.9181769442417895,0.4391303883885552,-0.07019422430535867,-0.7679895730927822,-0.3315457582008531,-0.5758595679126932,-0.8283316060025224
6,3.3345072578848556,1.0406231529145125,-0.4536463740570145,1.2990499666835893,0.2782949133053641,-0.01009767195246111,0.7525796068960403
6,2.928762459984372,0.48409938795252205,1.5753077068374846,1.5791455618080903,-1.185591649035339,-1.778659148743945,-0.6647891342147765
6,-3.676794793157577,-0.24488377909252476,-2.005457818236247,-0.15689195303906714,-0.8358940533935968,-0.7776214428705004,-0.41939049189977395
7,-2.6041608339958504,0.619850074568692,-0.749725786852189,-1.08611824061135,-0.8209866971199974,-0.28902327046257326,0.8177674002664385
7,-3.0806206043006004,-0.7575101606958491,-0.32160606988796075,-0.6653027955601559,-0.3072572329886394,0.6565134105793828,-0.11127738416781968
7,-1.3756530638515865,0.8515246815061833,-1.1477707504592545,0.7148483559493388,-0.9020980085394634,-0.4539977006386823,-0.37571887162918743
7,0.9344489672739769,-0.7479299709163061,0.3543521964493546,-0.4316611003819278,0.6270687431149836,-0.593864562445098,-0.24644864181939824
7,4.679196003363583,0.6302398296539802,0.4247997823890222,0.2276149399400876,1.1203550284261068,-1.7103796663946265,-0.3532358270094006
7,6.678332506079705,1.0966616331035524,0.6483473512240818,1.2949457956703048,2.127213552493526,-0.2094484282727383,-0.9246398884613996
7,-2.0002073473150954,-0.9884429223832061,-1.219810031516902,0.5783349404694549,0.36611438293171894,2.4787458013570896,0.5928387701828788
7,-0.4598568834607462,1.1079950409795976,0.10723503475476404,1.3646727814735395,-0.8747813771936855,0.9897022081293694,-0.4288336483988778
7,-3.5032201842586046,-0.4895328712124124,-0.9440576916498457,-1.7015798026604063,1.0244748629932277,1.6755721558268284,-0.1354039231715705
7,1.3936003201086051,0.29435338843696807,-3.8464871602350223e-4,-0.2806762797137925,0.9047588936953099,0.914965318314041,0.7732702251002547
7,-1.857086568470118,0.20183747228876955,1.3426239200060799,0.06506801949219311,-0.2382486959028266,1.1442627079618553,-1.7774711540913641
7,-4.460717261341605,-0.4271963863382019,-0.5035252869342756,0.5785892916085147,-1.5578549038723142,0.9028764144991072,-0.5928914964072649
7,0.03608907397696426,0.268102869997785,0.716683320938825,-1.1692066215289703,0.7613098953939142,0.47539243176510304,-0.10806310869002345
7,3.218375897507777,-1.2304309254238375,-0.7496685840836952,0.8061848554472886,1.1291443956416265,-0.5825287739970079,0.5331650958521971
7,-0.09986662900770653,-0.1361368721849644,-0.4785282104503053,0.3073900761623333,-0.29510783070593405,-0.5329347373234755,0.042925827379973594
7,3.7792421540797023,0.8257908316651706,0.43872175058661655,0.2638060136047168,0.5362428183580256,-1.6008399963752884,-0.14140966583791464
7,-0.9240447778115312,-2.174124649229314,-0.6791122704578678,0.5084847916050458,-0.2758904747505109,-0.005817713879992531,0.6253658654744539
7,-2.5110871464211786,-1.4879261873582548,-1.7029648351454352,-0.1163584398769944,0.6823152451375133,0.8993556758567128,-0.3548963721994381
7,2.611756672164042,-1.1619375575969724,1.26516843521333,0.9255460984991137,-0.11729071471484881,1.0319225565260735,1.8057418539562984
7,-0.79712882673650165,-1.5890896941454298,0.36035723787984647,0.6482297737314899,-0.34467586392006194,0.09513270445541844,-0.5508014458453259
7,0.3340353252478613,0.4195830392963589,-0.5836394405600897,-0.1502093741676993,0.1116204981972104,-0.547627617221911,0.16232869379498865
7,-4.570153652622776,-0.9929283497560106,-1.9940787873306007,1.0403770193406996,-0.28340531498229576,3.290517443318531,0.21715185385790403
7,-0.9579888987574046,-2.164547085328973,1.9022097713993047,0.2925586849461817,-0.5910171644542849,0.7366855312504241,-0.29804329475250135
7,1.3961277621736403,-0.6375687650804497,3.3903708212715418,0.6687513994394646,-0.3159369312423981,1.4205753048791356,-0.6261366083529414
7,-1.0558282438078468,-0.3906352514748059,0.20748040735545656,-0.5941776416242215,-0.008152152325535164,-0.33768064066732417,-0.498100899005822
7,3.623306534562527,0.8567854737781101,0.8498066475111891,1.5804318369859205,0.20749514071847383,-0.03795762705459461,-0.4784885138081404
7,3.931825034159046,-1.103752135998829,1.2245603120741604,-0.003988944349983704,1.5324236216258385,0.44860709770672613,0.6488840610643247
7,-3.5275028921191307,1.1612892557386956,-0.7018044335386087,0.8478427688934755,-1.357997830953484,1.6765223119482935,-0.28558926593482165
7,0.015818186969383252,0.3983627156286049,-0.3511962295565402,-0.100116525892691,-0.19961905055294246,-0.3114745454561275,0.4057714032004149
7,-2.2002115434834804,0.3623521576355447,-1.7271210366451961,-0.27962990698059936,0.6315231277808262,0.8536156667830691,-0.6442523139637405
7,5.219224350336731,-0.8525256703145023,-0.7365782322718721,0.7844382452800064,1.7620209034428664,-2.094814634320229,-0.41344839136011746
7,1.426835626249558,1.953667879898038,0.6224097828861144,-1.5846166445911747,0.42601436261549497,-0.507254434081633,0.8452337109885637
7,1.7539072846720953,-0.1642708320971552,-0.29071598924087044,0.47836614779403047,-0.013753416475399925,-1.292009076763314,0.14470722445798362
7,-2.20147154263945,-1.8248975841783333,-0.21421153418307687,0.39356637299481456,-0.30755690959635934,1.113362717357099,0.06331576069038924
7,-3.339131192636611,-0.20385647139249596,-0.1125595515025161,-2.6953293691245164,0.4143081641082895,-0.16445308828025726,-0.07471876824790918
7,-0.22682994359692976,-1.9344440707320507,-1.8636669824956047,0.3683773285332568,0.9890579201963897,-0.3903740820067419,-0.3169968409347061
7,-3.17284323622797,-0.3105101157866735,0.8376299342316704,-2.1684177473470054,-0.18385831054605267,1.3690998461985748,1.1342249757448843
7,-0.5249871593017159,-0.42222700318961875,-1.443492888935421,0.6598043768927199,0.1637614068465574,1.116272858240025,0.928662710436345
7,0.22592547571052013,0.6818296904034101,-0.20857016241564835,-0.45391373338119023,0.216936344144384,-0.8980212034674973,-0.5574424987600165
7,0.8151645266556224,1.0094961857374911,-0.4385634620588304,-0.6949368252348941,0.7292776342096561,0.42786648760964663,0.7606963528883829
7,4.688124810095935,-0.7261049649011545,-0.21859381685619822,-0.0068463031726650895,1.1113804070246887,-1.22844456851225,1.8288351816000818
7,5.02079676542386,0.8061088683750256,1.4599659447357858,1.3730520449839898,0.279160816939631,-0.4756150242111788,0.06426166093413513
7,-1.3218439170793481,1.4243231096687634,-0.5820599179153695,-0.6353230772178938,-0.0761706715471799,1.6165776371469507,1.269958042069791
7,2.564335741781459,-0.7841440048426462,-0.7830975957118963,0.5581032939487768,1.394663132208576,1.4501279513304426,1.5631520859048038
7,-1.674278405078845,-0.6524043664993325,-1.519653994943845,0.34115786842187723,0.16453411760558453,1.1090187554668374,0.43979149073751844
7,3.5136173751628137,0.650778363153682,-0.8056980816112492,-1.1795186291415571,1.577851978793479,-0.570903886330324,2.0365963749922757
7,-2.0804658680193775,0.1830479699439354,-1.1661847073677385,-1.7410220173339699,-0.061922657619549785,-1.881431470275554,-0.15185827465910676
7,0.8304142781726899,0.5487749604442832,0.4079461962482959,-1.992585771239143,0.6139229641936856,-1.175698184024158,0.7334151461494375
7,-3.721047604841142,1.4046842945475624,-0.8630042460078766,0.551274211467889,-1.546088594245239,0.9525565246275196,-0.34256311019088276
7,0.03127479570026598,0.38708311957639535,0.304042035028136,-0.0347420615312984,-0.11239196133740753,-0.2905678861650877,-0.47997967030939276
7,5.238502995967606,1.0517012701753732,-0.14642748784792053,1.850571703610622,-0.02179453996088574,-2.16260814556798,-0.03579677233430243
7,-0.629672853230042,0.6229054623371942,-1.433562179910804,0.5736751082630449,-0.7583454174165456,-0.18018748771646206,0.9684272802342269
7,-2.771086625869494,0.43362038980885464,-0.7906077857226979,0.8496958910826087,-1.035892884422299,1.410239221124576,0.01019211829403734
7,4.591481203471282,0.3860844381844121,0.8851124550576773,1.3343835853349533,0.9481593025518112,0.6434686405195341,0.2589011867348803
7,2.398083077120692,1.2913233044580799,0.9030760859545676,-0.5007190979649736,0.9141587339277195,-0.821258543529422,-1.0491520255003157
7,1.8445061950388935,-1.0022598737106545,2.0055732743006276,0.5100979282284891,-1.2987319948464597,-1.5459166520650243,0.6264633028787546
7,1.6655129374351614,-1.1051827291574945,-0.003580308399780853,0.8687932702441542,0.42437879493434205,-0.8265472256367883,-0.7568101104580138
7,-1.1906121480786496,0.5919460033972092,-1.4958268139821398,1.3693516880030274,-1.1125453199550859,0.03452767132152256,0.21483244343203847
7,-1.7893169197133414,-0.11968966413311385,-0.7684170270151593,0.7626511463263687,-1.051073226181558,0.8880737009120571,0.885188373153995
7,5.236687518596504,0.07400521168496045,0.4084885048401484,0.4211471730373329,0.5254124482663555,-1.939940154790256,1.1687105970349099
7,-1.2648516811003319,0.741277377171399,1.900136334894722,-0.8682240472712233,-0.6860240000930541,1.0232017552741226,0.16195912178631242
7,3.3290498451970287,0.7532950478490763,0.11000912343972276,0.7295603609576935,0.9934799821222139,0.005457726588021921,-0.23344958126017812
7,0.8613591402385165,-0.26267050336177766,1.1403868251284695,0.5002658724182875,0.038523599075345465,0.5697789696058285,-0.4053594703813578
7,4.214696505390922,-0.3125438689971024,0.7680813046922612,0.6342502537069106,0.5361489757857238,-1.6532555632348704,-0.07404176016947123
7,-0.63491719967842,0.07359860900786931,-1.1680916221173332,0.42364504557225646,-0.5236266978861612,-0.6666543801221816,0.24150656522673475
7,-2.586995896863985,1.063017789294744,-0.1711126522648586,-0.20183804471000424,-1.1512213349435927,-0.4482341892655238,-0.7904265915598301
7,3.4111366967536916,0.4260204866790045,1.305261536347683,-0.07686589843401419,0.9147522410027559,1.043891348309028,1.2225506310210439
7,3.2853756163138605,1.4330075108231943,0.8760961095959137,0.6873641132815168,0.23807149156271395,1.0281740473954162,1.2137606456540622
7,1.3151379526929796,-0.007636870419971943,0.46379614156779764,0.17163150692454043,-0.23906775945470643,0.4350904592483371,1.5109389641061073
7,-0.36911342036349093,1.125667605220753,0.4771142453768791,-0.8301085743269884,0.0692353265457363,1.6042121816238846,1.301842921672148
7,3.573401968790168,0.8830023110172466,-0.49140530020940226,-0.29015911980566744,1.3259083425992457,-0.5154111997453659,0.8913169082555908
7,-4.292688548884372,0.6120834609000705,-1.319385313344202,-1.319125724176509,-0.6981666346200724,1.0125371937739238,1.1082140832886278
7,-0.985328907455304,0.4147007067784645,1.2954257908313074,-0.9670319026689118,-0.7494084444631809,-0.03594002979071897,0.4253196614631671
7,-1.3857848789657277,-0.27988239714251806,-1.4202194916669288,-0.14461107013551744,-0.6196150527073547,-0.6673420961764086,0.9631804257140371
7,-6.86007440238022,-0.10903750916923187,-0.9388959197058298,-1.7981325563749255,-1.5849912682098666,0.9233800383308375,0.9239016812231847
7,-1.6025941055334043,0.2293954957084669,0.6289649925198404,-1.6885424745915787,0.8196281375037423,1.3811003308494996,-0.07159907817809506
7,0.5045778539985739,0.04888889067928617,-1.2621945493896012,1.1025651994360843,0.19236964674424611,0.8782504161848493,0.5819912815907626
7,-0.8607338977334741,0.9432244683862205,-0.5518704132727917,-0.5766189242114401,0.20717197421792885,-0.5094034554222636,-0.8392947361947538
7,-3.992157614549931,-0.10931712318643116,-1.1827995067824777,-1.8516917295514876,-0.043347354347687266,-0.4697876341550991,-0.3602548773067311
7,-2.351920914334789,-0.07037692158782763,0.6206635577289502,-0.11286323942897494,-0.5101604414241099,1.3776758468060026,-0.37010442247214037
7,-0.04502784054559514,-0.48431908756566466,0.44631301663809564,1.321069267221515,-0.8234186137762235,0.35282640641774815,-0.23112158026293575
7,2.5577503289364167,-0.13833632854332842,0.4218846932736879,0.6622542969346411,0.8518564032926723,0.8295739793211206,0.3375135272682073
7,-0.864078666704407,-0.06876564230384444,0.44246477214563673,0.4413831983536375,-1.426184672920152,-0.3387019836643065,0.5794319469474195
7,0.5235531360501775,-2.313735773899415,0.557245746378939,1.1837459122798408,0.4402989419654114,1.2610349364646514,-0.27200653926498686
7,-3.3267036102128666,-1.3648316972143173,0.639356491970517,-0.7715014411008939,-0.7926116507576835,-0.8087551449621929,-1.3499239353717103
7,-0.5305744495187843,-0.07248690995195904,-1.9686615566742218,0.729689191352037,0.2823102145454672,0.6253515208666307,0.44052786687905765
7,-2.391313316941331,-0.26528377486449883,-0.14881636135986792,-0.5870856157788601,-0.7406905221901531,-0.817174965568112,-0.5650205656687295
7,1.3823701428115833,-1.200869328207436,0.11246381255190067,7.641863625140159e-4,-0.52334168268403,-2.462575016585768,0.45330306360192174
7,8.261938851028901,-1.9915381760430189,0.7246762026477596,2.214465319340126,1.7693659170270113,-1.3429575106796705,0.3296444126587697
7,1.4661530201582411,-0.35436921991342674,-1.187486076005285,0.9694343957092608,0.6682826189335127,0.13629519921016184,0.1764020738994846
7,-4.158275722591989,0.6534957656942765,-0.499600189815913,0.7680077137172147,-2.1448970242756595,0.8829227496258274,0.03528181197810981
7,-0.35490098435847506,1.7732386319275648,-1.0736429907511584,-1.1083279118181597,0.12641241610031692,-1.7513020830948152,-0.5095123571393084
7,0.11111899264738277,-0.038456793709338445,1.05724021270968,-0.7862359199947131,-0.45181293625722485,-1.251424468919526,-0.09533753962063464
7,1.4038492334907324,1.4931848406277166,1.2790725832093337,2.2841164802616007,-1.1366261877776689,1.7645459965754862,-0.01019211829403734
7,-0.6004806352321623,0.08302215763596832,0.7876767253592327,-1.0933007639733108,0.20978589043119394,-0.433899349823264,-0.6431884241350649
7,-1.2919043665313896,0.11553210425955959,-1.2224033825769909,0.21447937528507294,0.12996551601936235,0.5057001319306016,-0.20321699911991103
7,1.5148587340291162,0.32482531334874665,0.4519521167366538,0.8925710596370724,-0.3285065725680835,-0.5269353213773206,-0.30828480507867323
7,6.300123132470093,-0.8705772452609188,1.1504491863809165,1.0187579723422582,1.9727035673374507,-0.29858288515150483,-0.18716440962015746
7,-3.1933003538925195,-0.0517182128948834,0.1679409807364591,1.0891120109192385,-2.2486900668165575,0.08724420660523748,-0.3844259043220423
7,0.1703229667543924,0.9084476987922507,-0.5661093328959699,-0.1631289898852147,0.8382193872784914,0.010961842799005831,-1.138574996675918
8,-2.392926626709419,-1.2893641882232227,1.537327535495946,-0.5116037221895808,-0.20014701271576113,2.281966955726994,0.16409449634913414
8,0.24011410049668103,-0.6545686381132461,-0.4557710627789024,0.23693787912763065,0.387820244768823,-0.4636830131037335,-0.5715608390006189
8,0.6288309246572793,-0.05732410384777965,-0.03265845235572894,-0.541589171621698,0.7939183670514974,-0.3263535719082666,-0.41165511964181645
8,3.7870987185220835,1.2567478203570461,1.6367573491654979,1.219227647043073,-0.1405139582483636,0.8824932103979493,0.8566471155081293
8,0.8953877046405005,1.587454139864543,-0.32904197052653794,0.17413587510614925,0.4558051989458743,1.281286126504464,0.5391745211882584
8,-4.340234267501299,0.3194814625447458,-2.604038170607104,-0.6152683160964779,-1.145572907085964,-0.6586818566049756,0.6594296035451013
8,-2.4993557073760395,0.3815916226931482,0.5139837864479315,-1.806892964085328,-0.24965068816887054,0.6645704549444135,0.670075972239601
8,-2.3646472150239815,-0.24364488363944514,-0.886468011111257,-0.6436811058960393,-0.42029827549404175,-0.5651575140423387,-0.11539606630319799
8,3.0304620817591985,0.048053084053034094,-0.998538406003926,2.0460188521328164,0.19566450356004084,-0.9621782702422383,-0.4175616098249373
8,-0.738269195468203,-1.404545861101792,1.4208168135848522,-0.5607624211310649,0.35731951384298416,0.6233609019002571,-0.7069475725912732
8,0.3835582464057389,0.28993372889576424,2.4479980070152316,-0.835999305852858,-0.1236179789973376,0.10649777220107108,-0.6016739360823418
8,-2.4263524800225684,-0.535553582293745,-1.0397825414035429,0.6529475027778473,-0.7662142227898014,0.38933087814222045,-0.17645507791710074
8,-0.750834090394617,0.3346787731005488,1.03102518166676,0.4412931248429338,-0.9297142167847186,-0.580503496721951,-1.332213409028566
8,-1.7230155436354584,-0.3459813391545017,-0.09414783836963309,0.7516290565912752,0.2785206106020793,1.7949779559267636,-1.3453838858528822
8,1.840878929180544,-0.661615734836447,0.14180745922044782,-0.2779750851553372,1.3568368522754184,0.6652880090477075,0.39845626960819613
8,1.1040790932696147,-0.21911137680204623,1.2222367014564033,1.122654216259672,-0.7871355949296951,-0.37440242565203274,-0.49271447996791606
8,-2.520315389081529,-0.36690491063370656,0.21367451844106594,-1.1726088601980096,-0.3847986722971946,0.7027489310104584,0.6807221136961201
8,1.1784403378611108,1.09457820784237,-0.8513653538607575,-0.04887676797365898,0.3306805602519427,-1.2145143838936778,-0.3200437646363915
8,-1.9576268100932088,0.20920808243712766,-0.47040887474286147,-0.7041403372179568,-0.5546204500628299,-0.1377501269492269,0.43587930243445705
8,1.5060809341810468,0.4324914261532156,0.6861352552988725,0.6807586380171834,0.12157231482045275,1.4033578986805229,0.7427752778194088
8,-1.8982914057189864,-1.2408535858007763,-2.335947331859901,0.13000676140213618,-0.047596116978360234,-0.1888393116043442,0.7694254992904747
8,1.5349607618961811,1.4968217096280179,1.0952443818484723,1.1097080817701364,-0.7762515905666826,0.9104903719955493,0.48973695570740955
8,3.6585347646541857,0.15937044116076196,-1.5671500988322402,2.0585008689813455,0.8314412511383115,-0.2219220001899123,0.17344383696749163
8,5.4244860090694225,-0.8562814034032533,0.021931062818382398,0.14065553172498402,0.8463078372229702,-2.298026400306224,1.6290702756130264
8,2.0867465654571444,0.30904664544682114,-0.1903589775919601,-0.5346166521983824,1.024139506657201,-0.8802125455660964,-0.003984360257230896
8,3.561954380217072,0.870434029844877,1.2930694860243448,-0.8235167265187038,1.2679965861823759,0.22273568903497049,0.7556854857185635
8,-3.4162552284378926,-1.383677138301561,0.18884931505662947,-0.2630339822306447,-0.5063617879225755,1.4465527109340062,-0.059438714218617406
8,-0.05997528640222616,1.6901069700305613,0.10193913490521193,-0.06960183636037785,-0.46448189650830535,-0.5934021250008334,-0.5670034837663747
8,3.5569037722133543,-0.15803070517836224,0.6981358088585979,1.9918019147205748,0.2612180004917402,0.275979011382551,-0.2963765457378543
8,1.0198592417525818,1.1211707806486448,-0.8270145561904321,-1.1291095427377684,0.630080976551625,-0.9648192894795669,0.7549714791425274
8,-2.690003431512964,0.07226131908891507,-0.1958988560663759,-1.0932174365248821,-0.3396261562249037,-1.0164562413337992,-1.2276130090877142
8,0.6359520983607714,-0.3324228445667241,1.177584413807768,-0.40796669031777893,-0.42334480840048105,-0.7773166434168225,0.3059021156971735
8,-1.7650940899018208,-1.8349200466268643,0.6834736209798509,0.5875594634983127,-0.618271527554652,1.3690620673335796,0.19315823962717524
8,1.33071287535809,-1.1001722185871914,-1.2754967067525274,0.8211118597374072,1.4822018907267425,0.940310089910901,-0.09946578974448203
8,-6.519725338935211,-0.04134029991743095,0.6379563674108806,-0.9079346992418467,-2.5081663520414756,0.5936651573176999,-0.16511164612395451
8,-1.8175181878814919,0.8278525451171422,-1.3775896246037207,0.12703860634958844,-0.16757803378387975,1.1154625534364764,0.406205875643511
8,-0.5985109379480037,-1.8816786541545718,-0.5983108037196698,-0.042892977897576484,0.038212877053534135,-0.4244249967335062,0.5041279088547422
8,2.347199594651825,1.3754411123242434,1.2109203838570053,1.1952064704257663,-1.0596096029935698,0.7595769368931217,1.5345450918743098
8,1.2609830017657706,1.3989904643029756,-2.2510451754458516,1.0891922365020534,0.38542589482063766,0.20962927787154928,0.6175220785373282
8,-5.460591474153472,-1.1433162559109404,-1.7790141908808283,-0.3122806944345209,-1.9670876838101063,-1.0491009248128176,0.24357632914200258
8,5.1278869351502765,0.47230056219311034,1.301372672826425,0.0459937666619196,0.9549688611119184,-0.8310622222817431,0.7803733867288365
8,-4.312041250257284,-1.0336392133542112,-0.8147927840526547,0.652722613401543,-1.663360584870596,0.050052931919145775,-0.5827386779695009
8,-5.32130358463259,-0.12519997868828364,1.2437070185789116,-1.653492636596966,-2.202734880097026,0.20563006149654442,0.5889281627186844
8,-1.6240512996948049,0.9286627388466829,-0.1682502007561059,-0.31027096548004574,-0.7635638257920285,-0.3213584186609779,-0.2489567872188927
8,3.182398002674739,0.8683396476987715,0.4277756783629235,0.5748728840024815,0.16208039391232126,-0.9964912437865372,0.1374911428475279
8,-0.32512840506365437,-0.8491746036334779,0.8132788896292387,-0.5232321543801185,-0.6515671647641642,-2.0908919404891564,-0.7167293722668043
8,-2.3469348718192125,-0.386636454475566,-0.6512118693600442,-0.05991820134818852,-0.5592869952776186,0.4252354794410991,0.1312819967972335
8,0.26607692887819967,-0.9761635709971657,-0.30459092314660546,-0.021007535433706925,0.33320497505777946,-0.29527170913709666,0.1285792814212928
8,-3.831832032535472,0.3395436599049148,-0.4150971696456358,-0.7236532143163125,-1.0589009214884515,0.5491608831812799,0.16593585479035805
8,1.7275889800706632,-1.5590751644337728,2.816084276022378,-0.9944798361783912,-0.08584954576047259,-1.5458918132501644,-0.19143068119646095
8,2.107398270960849,-2.629325441551361,0.12614706909757933,-0.1998672349981279,0.4979329929293943,-1.2533359353124425,1.3465128539649112
8,5.3696068974380715,1.4698122818728592,0.4728004231110856,-0.34702782280708566,1.6339896567086085,-0.11133187467196781,1.3031308795119996
8,3.71436524778202,2.273472912994724,-0.34075354094094984,0.8340950656614534,0.47945188124019666,-1.4128135356317029,-0.7044775643786685
8,8.104104548397839,-0.45503354023882847,-0.24179064265460962,1.5298822124949227,1.714762992166759,-1.982953850720711,0.8661088073752499
8,1.3802403983360576,0.7611024870948923,1.3787546688573127,-0.011922379366647194,0.4531600335297158,0.7835954078335663,-0.48390660424459564
8,-1.7668188663676987,-0.007502783709721126,-0.3388836695373906,0.3986719924915465,-0.003241126825360251,0.900869339749533,-1.1148402003125137
8,-1.1741040435865364,1.474313799715992,0.020136302760760887,-0.0704153139057291,-2.2565348562493934,-1.0299636420045029,1.6573317951475843
8,-0.3929794647346394,0.5541439325693811,0.3769621641410672,0.6013598438811312,-1.2246585519306439,-0.2720572685665931,0.2282064743126007
8,0.6465715655858545,0.20366396511615098,-0.43172374503787664,0.21849546227879746,-0.3189626237382235,-1.1339729051712542,0.1526724769526523
8,2.1415719930505297,-1.799136451765872,1.9590641561770328,0.23659550186020864,0.7122704558537823,0.3164269167529842,-0.3809311849884608
8,-1.1983488519080352,1.0829556807977543,-1.4284596122211728,1.1129151276160028,-0.32251357317817025,-0.029678301001991567,-1.3653909261553947
8,2.2152463762006573,-0.3508536150468556,2.0112929798456256,-0.9874211493954547,0.5436486212548373,-0.8694604509593662,-0.09624576549739908
8,0.019838490335992942,-1.4034900847150265,-0.3515918888791792,1.4478640131254945,-1.0638113518387406,-0.7742175438961854,0.2547845616657396
8,2.3086323931110644,-0.20179666491333048,1.3571196468494904,0.34911241217982925,-0.274129717350557,-1.062081193428197,0.014920701721412244
8,-2.0467611087306388,-0.1267781597923033,-1.9991774110074705,0.1808220107121947,0.21700603247715006,0.43637426219254294,-0.2530654366570659
8,-1.218069534294826,1.0592068726661537,0.9560806214284532,-0.5602418511305788,-0.35938571816561066,0.5710088478141007,-0.573610531215166
8,0.11843089129244444,-1.167396032263996,0.8764312649768653,-0.16387759158252949,0.11283169498315024,0.3764748944158862,0.22232553427095714
8,-0.21747611201078088,-0.5576436273184449,-1.2712169715600858,0.37368480443044355,-0.6707480260532576,-0.8428896974159769,1.2706418212534
8,0.36829244083685264,1.4881199283831594,-0.7683238784896285,-2.0637142573984217,0.3743452232595039,-1.7861696282352726,0.9532676664782536
8,-2.046938329321153,1.3586657687700314,0.1935248454702216,-0.6015219488380925,-0.08105489251125736,0.5308756631544721,-1.3245276877422647
8,2.6913747335521974,1.1632145439023622,1.1438354287970096,0.5859916123058095,-0.04704934665312854,-0.17705894739431854,0.003984360257230868
8,-4.910783560245615,1.6615239453478807,-0.7659993040286744,-0.2944817863517749,-1.9487870864461452,-0.0393923499714967,-0.6756417264424238
8,-3.922731001564552,0.2040309798298962,-0.22412599905329844,-0.8005275454842627,-0.6736685812787409,1.0321279848733869,-0.2203640267689384
8,-1.597982946777486,-0.5818836868697749,1.5713469349773357,-0.6356945311349901,-1.489644084898248,-0.8935158344015999,0.16092609377744702
8,-5.56124037322223,0.555204061863422,-1.1273472408514922,0.23574903241404346,-1.6057180576203038,1.144015325685013,-0.7096672709978927
8,-1.1714280619036606,1.058723125825928,0.9477939807168583,-1.6348323848475084,-0.49388310084523634,-0.4131914952129293,0.3782396782153233
8,3.789022638596594,2.4136332714710496,0.4487681892348966,0.8712292405822065,-0.1607983677456032,-0.7131878217560127,0.43500286648805614
8,-4.6801441553562615,-1.964982332711188,-1.105814528556326,-2.168934674435948,0.28360022580061933,-0.20574614381756742,-0.11138304420922596
8,0.17522064590079633,0.2732357030668174,-0.6678678421737813,-0.5033395223155588,1.0912626503003218,0.3900197288428461,-0.33102565174329046
8,0.4832413110042203,0.6547945828696455,0.7832775103021972,-0.7871824789734865,0.44440029692258465,-0.20721564525572372,-0.5426760113734627
8,0.5271594270229394,-0.054598655360383136,0.24895943271212673,-1.248600209548419,1.0120703407584755,-0.9005072205478586,-0.7462482657511769
8,-1.5888750924199515,-1.5578222484851116,1.4250982774674756,-1.077907340112954,-0.5263102876345331,-0.28162427879077867,0.15279506100284693
8,1.3057102977058312,0.7415008920862444,-0.6017839620915865,0.2500773536056022,-0.30784017318878687,-2.5419311011379797,-0.7646229714145136
8,-0.8493700219653167,-0.7790857412639195,-1.7144876963794764,-0.11977403121588014,1.0851688844262524,-0.5085116818724448,-1.2445278588550097
8,0.2885685809335016,0.5058614988305128,1.0478269264782647,-0.3008526324528602,0.001207183938103782,0.45596621753902666,-0.10735829661791008
8,-8.142292650432951,0.9075517060178504,-0.6086216184341284,-2.3207637755818555,-1.6802447156833742,-0.16925977453208682,-1.315071564800304
8,-3.1640895719740816,1.2839570104745937,0.12034052682255575,-1.3243207114957858,-0.8465555190921247,0.6883277222612257,0.44151122365521955
8,1.3157494875819722,-1.5578637973855691,1.7190418138518015,-0.13130711246270269,1.0075920598327344,0.4859824339744601,-0.9566014445739992
8,-3.856879815496359,1.0817418481791166,-0.2504140523111954,-0.87803515301306,-0.6107372576774602,0.6456467463555882,-0.9631626960446233
8,-1.3246577029252693,-0.7569813569460193,1.5495553273969773,-0.7967689303110083,0.3334441327771222,0.6560449450254824,-1.3114122769114867
8,2.3650398287041723,-1.2890194738489609,-1.0971396499324457,1.0495407129977026,0.014222695680645088,-1.7385807613742659,0.765351993328989
8,-0.22889925012557188,1.3143206659194346,0.9255112361162364,0.17558834851734118,-0.4963576073496625,0.004159680018443051,-1.0780784472597695
8,-2.5488388660164354,1.1462599732649759,0.246799211870998,-1.0438446216387702,-0.3507863924063811,1.6300673346068268,0.5286389873578228
8,-0.3396111187397067,-0.24258326770500363,-0.7367715393514505,-0.46869601500221436,0.39172054785809457,-0.48048522704441904,-0.04243024579304111
8,-1.4710232504291745,0.7595407062383449,-1.2800089388896547,-0.28490348155086953,0.20957882889224522,0.4528024424205636,-0.10978465769631462
8,1.1826011746982834,-0.8603257414230616,0.07664366359450792,-0.6802951812351034,1.2346701398991657,0.14339373097993627,0.23061660484956603
8,-2.2625976058565045,-0.15103157905204367,0.2551647624540821,-0.9640536104945644,-0.1998197844349366,0.5570122251880225,-0.039514368984822246
8,-0.8946513940002971,-0.09372323376087192,0.27744681703467833,-0.05180408200039419,-0.9232080420266825,-0.2720301171705142,0.5268554957289027
8,2.0804867016610724,-0.28074005450400413,0.5368560222315483,0.7411947195197625,0.16590310157944332,-0.6482992965160024,-0.4078968722730063
8,2.9155475721302313,0.7340987364972428,-0.46048556597671114,0.2268520035672952,0.7053345532441804,0.07196084436564502,1.3299975023846626
9,-4.209261415130394,-0.48313506865227235,-1.6123286879499859,-0.7849893053373102,0.01390365830339165,1.2991960937568394,0.0935075423017504
9,0.795543369859101,-0.531346919490549,-0.6305524168643192,1.2149484309783092,-0.5162159872836841,-0.4562968935454586,0.44548168102314056
9,-4.438219758318086,-0.5876847565859007,-0.5604859866558851,-0.18898157577090266,-1.1905425755175283,0.01066486185805599,-0.9086690168197842
9,-0.8126188594516794,-0.41169786898750266,-0.20258128441701895,-0.7571986226798254,-0.41306920783702766,-1.454089144934241,0.10365856421864317
9,4.502782035901875,0.7091856212533847,1.6228851811316756,0.7920594778802739,0.3719949454229079,-0.7277533259687435,-0.13452838949146295
9,-0.5023929790309201,0.25639675353565655,-0.6767705304379961,1.3451800190221719,0.09234296402046377,2.0082403974651797,-0.1480363844697583
9,-2.2008535243105434,-1.8563605863048016,0.07626440513869112,-0.6945314840713152,0.6934837625211262,1.4980096855109506,-0.19609824972116235
9,0.682535950264757,-1.8605876298144537,-0.705398341626911,-0.44493254404237403,0.9408992431535469,-0.2292547252831336,0.8745737112722285
9,2.392285342101938,-0.022834093734352193,-1.240227849043919,0.3452841867237856,0.8284640297278588,-0.6924651453027735,0.776610753168864
9,1.4004427225828961,0.14993874728103912,0.6359478978686006,-0.004844436535966924,-0.3244891764753478,-1.3666232971684023,-0.020852838339980195
9,-6.092005840439773,-2.307474342035292,-1.050628679652747,0.40636647148477717,-1.3281561980570558,2.1260518537636957,0.2851745528812616
9,4.243836539050071,-0.8164472258121069,2.735209189622194,1.7141985257714312,-0.2803349699123615,0.11462972483847393,0.020852838339980195
9,3.2353462117243352,0.0275611516966839,0.09256293782721456,-0.0603865541209644,1.1696554365108156,-0.5939489093671171,0.2863227468414773
9,-0.08579306484934146,1.461785915176476,0.06025357607867635,-0.2807022675342426,-0.12147636490807197,1.0780673379512546,0.8651338705525067
9,-2.9940020731064445,-2.012868728322283,-0.06654521101086049,0.48541446089445633,-1.637291651045118,-1.0995858328589143,-0.47414672004480535
9,-0.08187767525078682,-1.2554442779819779,1.8436455400400587,-0.04934452973996204,0.4913832228697763,0.7265641976064524,-1.4799865298230137
9,-0.679459014177172,-1.0803068472182236,0.6639271104036059,0.6277650615327856,0.28181931069337085,1.4408703022385987,-0.8676486124189874
9,-1.604410035647386,0.17539607864885132,-0.25099064374796853,-0.22397115142025653,-0.4006033551921848,-0.2101701596216645,-0.5141241533307532
9,-1.5078007039511694,0.3308392214142527,-1.1661898066108356,0.4435227144011074,0.1733615028560026,1.4512809438833691,-0.06775664147775717
9,-0.9739148008547001,-0.3206892313003926,-1.0387277607174439,-1.563740707567892,1.369387669545333,0.6415514314092494,0.47354472918336166
10,-2.5281734062325913,1.2429990080513273,-2.3736708560499182,-1.0636005176128858,1.2061964752058247,1.623659252227336,0.030665024026678367
10,4.921213222776622,1.9822097124291669,1.1245748375291145,1.1442586560685963,-0.08459094013825177,-0.9204848780725976,0.33784254713393613
10,0.34577974111512344,-0.646441834619146,-1.7795477471535113,0.03337684262739164,0.5632622816360335,-1.2021976468191766,0.06976093154587637
10,0.8969297098861762,0.96618929222735,-0.3445503624354278,0.8184077748478462,0.5281944000151005,0.8826780683644817,-0.6429369677295595
10,1.5547262386442795,-1.4272674470952096,-1.1091731137592769,0.21819208582220573,0.4230384324103252,-1.5164790356007307,0.6876890467964714
10,-2.8787157763330242,-0.4574837586480237,-0.6301057829230928,0.868497252409914,-0.5967642297091114,1.9216115577685413,-0.2074739755140269
10,-1.4404586889296631,0.9454666846084647,1.3168837687242412,0.021680520898077173,-1.2508442776011965,0.572135777806248,-0.18877224829661143
10,0.04940006626525184,-0.7383891503690581,0.5345133882840732,1.1152286496930137,-1.6816007097738304,-1.7148950538385566,-0.1404553556647088
10,-0.6911200343888764,0.34564069987790413,0.49389808574188065,-0.3521808649111263,-0.456296359001271,0.3549188957324227,0.4379444410319451
10,-0.9419103489065822,-0.9004446938952714,-2.077992431344813,0.527288318248801,0.6827931922024669,0.10518186581099433,-0.4650325665812747
10,3.6678488844586123,-0.3703507041150595,0.19632534274156427,0.37857152224394275,-0.23903748350282003,-2.4684135331846724,1.0985030442296315
10,0.2611277100160382,-0.04079692645006229,0.6288031538738976,0.8438597770983789,-1.2033509334679413,-0.04185803032395254,0.7517771903315333
10,4.4927749654958165,-0.6123187664060443,0.8609471433936164,-0.6210424949568668,2.1564776019500815,-0.5872607678670373,-0.030665024026678256
10,0.25972969020029923,-1.9458520898163674,-0.9732473504752289,0.1776914978678661,0.7020094230486094,-0.8872969927572538,-0.3519500000725597
10,3.6016704390644443,0.24309632952757546,0.9375430520306579,-0.580165079131849,1.9466181002656322,0.23871681975068165,-0.24169253981281047
10,2.2019250966424924,0.47490009540452655,-1.3952057782952674,0.9086378257334438,1.2130363537212878,0.850890302293807,0.4215416834865625
10,-0.6790061996545251,0.13671457406114243,1.7387430188763333,-0.636686379475083,-0.6113791183645116,1.727008833214051,1.4186901335942688
10,2.4409719253746087,-0.48874772568831,-0.7986342902435353,1.7322386963767478,-0.4119212032467859,-2.632507646095411,-0.9230432057046616
10,-0.4346197616731201,0.9002036572604378,0.7650243867693473,0.790371602039116,-1.4406809782697114,0.7436113278099648,0.7896699042180274
10,2.6885104292268895,1.077535660061418,0.31791134513543556,-0.01370797885383979,0.7404734531096803,-0.952351111335292,-0.5809047952131483
11,-1.9023241867350766,-1.259027472935798,-0.46807256433612715,-1.2653121502560367,0.696628740831187,0.009515892464883588,-0.29051124974448617
11,-2.631127105418564,0.25740821114071505,-0.36373856081583394,-0.7534912150681838,-0.06598145971361055,0.41724022397800276,-0.716652684165588
11,-1.0118245818091807,-0.8242933276718085,-0.23668393949552707,0.2730384191629524,-0.13434798554826033,0.6268341966807692,0.12297856055511192
11,2.048232998624827,-1.0606242189471378,1.2228807495982663,-0.5778989410850425,1.6547408440022162,1.2062431387085881,0.11927422083184869
11,-1.4135716583897446,0.7255054613659082,-2.32835963269809,0.3542896890776104,0.37189488202031357,0.7725653686136237,0.04937631458197256
11,4.104618668817568,-0.7079318871063409,-0.7018458284103414,0.7325726419582184,0.6235404626101028,-1.37756706406485,1.4369234885586968
11,1.0977615016098232,-0.14404875050961502,-0.13288071936665663,0.42112227665107055,0.4748986268306972,-0.3624269253151832,-0.6412409977218964
11,-1.376748914360368,-0.9737155768814342,-1.2832584037532,-0.13461283417085013,0.5716346266452416,0.30229849579678075,-0.24568422840387816
11,3.113922457492069,0.055944425853140085,1.6191006101055323,-0.6435389338625755,1.3357364670379936,-0.10907987611813215,-0.34839477494028914
11,-0.16155179596779834,0.4923465531504887,-0.23394830101185804,-1.2893206891641649,-0.057104160966593334,-2.179165281203928,-0.3047526970556784
11,1.2291745608120204,0.5025452546669092,-1.1169181312135916,0.3408948985983139,0.2428439464224319,-0.7581147249943846,0.33967509895543824
11,3.760831911807431,-1.0752579772293882,-0.8916137868106756,0.922335674092897,1.96963413281427,1.0145511513230838,0.8818540617879993
11,-0.9750891788600112,1.2580422500265764,0.8723951625134398,-0.0796694097451784,-0.530038313429479,0.15804716206518518,-1.1388775628448284
11,7.827958942431043,1.4929717130443894,1.8690093405040888,0.7536176527244803,1.291008979536237,-1.4725604376147208,0.027458869630843763
11,1.3685875759659556,0.37291042641074934,-0.12426850381224111,2.227529683524001,-0.6070781960723213,0.21592620622953682,-0.6048110603390005
11,6.7263719879348205,0.1574795478843466,0.10702880737631272,1.9338212819577063,1.7101396753202303,-0.1587074732078472,0.06088465983146718
11,-3.7912043787188514,0.07734290332108054,-0.9485350600551035,-0.49490547677613506,-0.6662473797606543,0.6718538734011147,-0.1346339222376629
11,-1.4710235793551625,0.25754594593974656,1.3166447107291828,0.5467118413950658,-0.81437227671525525,2.106558601750968,-0.0012058699653387794
11,3.4474640140153365,0.37642358872263776,0.7226569263459693,-0.7022106377461341,1.036402624449527,-1.515900131062857,0.0012058699653387794
11,1.84055124646666,0.13682361894816877,-2.3292534628575314,0.6898134239016104,0.964931532612911,-0.5050635219908008,0.6317461767810686
11,0.17440437372661888,0.6538231709147325,-0.6452325458175256,-0.05836314007674862,0.5517108374600808,-0.13876294034240214,-0.6619145710606624
11,3.387481215938293,-0.33576854237753373,-0.2341174943415288,0.277587578066646,0.2731885293402829,-2.1362050003837685,0.6905195553042853
11,-1.3077966852526166,1.1293449285021728,-1.1081606733805254,-0.859014614409201,0.2418598033418995,-0.031219995960159005,0.009273842846666103
11,5.56777333874148,-0.03768281177062367,-0.2732241756021567,1.2053779158326423,2.054760706046506,-0.5931690379124313,-0.6509184035254583
11,-7.271679565904763,-1.7556940165361625,-1.1334411542641945,-0.08417996647686944,-1.4325344952180872,2.2356027685796405,-0.033449694641368266
11,1.128482143276725,-0.09972036938340337,0.35930795373057245,-0.4459199579550633,-0.9863363170532693,-2.9179762138833563,0.5426107313936315
11,-4.363838887519319,0.447020452653874,0.335644763865137,-0.07662137261518677,-1.2791401229060928,1.4882211682074835,-0.7615604047689437
11,2.9078535981617857,1.2300316728337009,0.8109843531393804,0.07639837999587511,0.9607554903763437,1.0080246676911238,0.45376952555017835
11,2.1704786966856924,0.060210432615107584,0.4164561359335705,1.636864011693845,-0.24564193533386738,0.7350916296202976,0.494996827191833
11,-1.9580156220213243,-1.9400692016710017,1.5941140388538622,-1.1107239883337499,-0.1300084558967963,0.1468119927248049,-0.5091801730206632
11,8.355789106142572,0.0048317659253613796,-0.38613787728810095,2.4589912034909815,1.7833068183391347,-0.710800295204202,0.7736103633490472
11,-5.161247914428562,-1.1992119219674737,-2.1533033674364304,-0.7733123864630121,-0.5790264527845362,1.1056314007816173,1.015314300036814
11,5.9576292840174965,-0.9761057036497488,0.025659213079887007,0.1746433749600649,2.0227946012432843,-0.8857470650355951,1.226721592800223
11,-7.691906207641091,-1.0256270512349683,0.6498488450254971,-2.0581413647492526,-1.409440813643634,0.6947618178618757,-1.2280860347760814
11,1.2941254571322582,-0.7992269245125628,-0.401235599512803,-0.6544605303297218,1.3178356130484905,0.40263918531463716,0.8436332736135816
11,1.8179125795179203,1.1371290905566924,1.4008764776329115,0.731773364128733,0.32312100257482745,1.0762381964351682,-0.8191922983009234
11,0.24056198890874336,-0.8315288995438426,1.0947686786860684,0.5052330585790196,-0.38860051999162515,-0.5965464314884921,-1.015637219379175
11,1.905179422636351,-0.4390627739529659,0.5374932989212154,0.4105722217525487,-0.17283690338707378,-0.5809876279770252,0.7360453568599179
11,1.6956941106752668,0.18417346140025279,0.06977475777461063,-0.46676530353268647,1.338974667778917,0.30207656381221143,-0.14189219424606292
11,0.8406618525846645,0.8903796255791901,-0.5515006331937851,-1.8435724660578292,1.7038058723768865,0.3056851555143374,0.610404782836163
11,-6.19909752752662,-0.6667050100749847,-0.17694336778194275,-1.0728246270594173,-1.6784678210513433,1.3739983540022531,0.651369281986881
11,6.522540362083413,-0.8262238638699952,0.4691778476699249,-0.2298287653240428,3.421094608357052,0.48539942838606814,0.4544278060065148
11,5.171018391138512,-0.5186157222138411,0.9677967882476901,0.6216371749907004,2.577942654377772,0.14484003934764828,-1.4809715678962037
11,-1.2499028433566286,-1.1717186992333761,-0.29611465681433186,0.8374454813896983,-0.5253218346556197,0.842619843915447,0.2691664542165304
11,-1.1046079214645315,0.9200333494698119,-0.7282532584236359,-0.30288804915390916,-0.0643819052069338,-0.5436078157627623,-0.7968832693938324
11,-1.3261257409668277,-2.1819581340989447,2.475605861866101,-0.15155253441238897,-0.6635473555366723,1.0929718962790955,-0.06335712681243266
11,0.5839443733008394,-0.5276920773549002,0.5185571703497004,-0.16285152252374116,-0.0930010885901879,-1.0225416038615893,-0.2630289012670127
11,-1.3179726954695639,-1.441140022093875,-0.9036032053374526,0.05784553295572572,0.7398594382458352,0.33814737137287293,-0.9221392836375597
11,3.825469960800488,-1.9567847841897763,0.930979056343251,1.537144885586153,0.10336281493056215,-1.7068457636127294,-0.34640542530095797
11,-1.1683327363001452,0.028658197079261812,0.06168649789785304,-0.7267125280903918,0.19200699820433537,0.24644925820667243,-0.29184427880403996
11,5.722582464442492,1.538235661322778,0.8267892485216332,-0.20476271955235303,1.4788076026963912,-1.5679631311420332,-0.09175887194681676
11,-4.030507403493724,1.6346403547998216,0.051796952560828884,0.07872629244299599,-2.2038684785808504,-0.23148494496533276,-0.8414619599225897
11,-2.224588413752641,-0.5627762083527648,-0.058429051245209536,-1.3382658931850586,-0.4914430474018209,-1.7574554500664599,-0.6519417738162786
11,-0.16265014904312503,-0.6969557085182437,0.09061162071226052,-0.9210292352029479,0.14441727126288928,-0.639619829898748,0.5483055648836317
11,-0.33421928091577313,-0.538226303471587,0.4127807970525482,0.20026194860910598,-0.7831006373176839,-0.7761669099342856,0.011754515554895262
11,1.5566890192301646,0.7101102317838512,-0.6100857315439304,0.4270691277390947,1.060966240287039,0.5547746529879682,-0.3960418843125826
11,-0.7164290317552637,-2.561696962980021,-0.6553632302731398,1.1400902093803145,-0.44550564212202654,-0.5821221300857055,-0.1814634799042375
11,-1.5055399605843287,0.24770047442229023,-0.18477920613936066,-0.4657059564385072,-0.4291801537727653,-0.7685951018725488,-0.6562868513253706
11,3.357658732300303,-0.40554038100755374,0.17130143163708939,1.453900621234354,1.1890118005298518,1.2215156878147562,0.05176864607051157
11,-2.2774621457170445,-0.7439384968511037,-0.3173764552693964,-0.8645562173195352,0.8342940730615042,1.6691704096720725,-0.2906998524937293
11,-4.878174276248009,-2.0061200313201244,0.3169845624579017,-1.596283079502264,-0.15030747786407897,1.093480384210248,-0.4035788638540466
11,-3.3990895464732844,-0.20582641778295274,-1.1017354126019978,-1.9460134455519935,-0.32775713278646235,-1.4912425051414508,-0.11114899622034602
11,-6.635895621785439,-1.6490567724558676,-1.4309584528673769,1.1040502749405832,-1.448165290183992,1.276653082595257,-1.8635005321377613
11,2.9838328137368437,-0.015307873192336499,1.8920106325080828,0.3048721113054557,-0.6972845845516217,-1.2285375707397037,0.8081995492302854
11,4.643158924814817,-0.8949016775134193,0.3978771130603111,-0.13042188994852583,2.598490232129876,-0.07195102198180679,-0.380566000807555
11,-0.7243180361457839,0.0463197241835662,-0.3970281333945788,-0.29361338701189404,-0.03741501363404934,0.7344582033127353,0.8992585462556866
11,4.492775126786654,0.4610040793837833,-0.2799578484903634,1.5862554554067665,0.9134918904433199,-0.21388708039002527,0.12197689119831101
11,2.71519032503442,-0.5037387671979443,0.7851185310435599,1.2011455040592476,-0.18452649826472853,-0.15039280361781546,0.5988831144126028
11,-1.058994690835972,-1.0223984562160031,-0.2103208142293564,-1.0037397111992499,0.6098242961614463,0.1253824262305525,0.07386875220792066
11,-3.534438067078238,-0.6117422290303103,0.19211496387668328,-1.3910169828162255,-0.05272680898797451,0.4278580221065228,-0.800844802132956
11,3.382442876377502,-0.6673935032144934,-0.26472562609845124,1.0852958809298645,1.3639219556814572,0.4113506790732573,0.03642820039874595
11,-0.36003203509827597,-1.4932758290554702,-0.5013910579367586,0.5606118060173425,-0.5036334171343835,-1.726361253866636,-0.6720151912576651
11,-2.7503294148151314,-0.7806182139061965,0.6021898135202557,-0.5109809850897138,-1.709060168681699,-0.17564823405989435,1.0467334595557856
11,2.343771552325265,-0.193405134857153,0.14149455835014815,0.3964519655710972,0.8985496831276993,0.28683852320497455,0.19404076999662334
11,-3.010425435581512,-0.22083330979939936,1.301812666970339,-2.0232311039113613,-0.23773402649431685,0.590740011639347,-0.1007667271571282
11,1.5118217269142278,0.3295417398872918,-1.1253968576747433,-0.6651414729334464,1.4634075805302524,-0.31736028416263,0.22598447882235995
11,2.479511335976905,1.2918757231235398,-0.13530740604939492,0.4350072055260972,0.12437826647930716,-0.7026516404341724,0.36496189878259777
11,4.027974068115867,0.33367103166386675,-0.208988948819788,-0.07291163902396186,1.453740843833106,-1.3675878015959808,-0.09557452962252833
11,-0.816860164680454,1.4757869747420564,-1.074862333913673,-1.281887644115335,0.350226959507424,-0.7288072489198324,0.01367898010051305
11,2.2119468738495858,-0.6479259647203062,0.9978587262582683,1.0152661306769704,-0.3490254796597721,-0.12152492564292167,0.5916779676126374
11,4.615892883070552,1.3506684100003286,-0.10739974907414367,1.163059339202018,0.7255986078198288,-0.6352060488731921,0.2169661538286547
11,-4.70237299522651,0.5934089078176071,-1.3855579904314672,-0.9400398384570009,-0.4592384296214695,0.5947026881205781,-0.6902801536548272
11,2.0805275236964382,-1.1917088852340318,-0.5921406273942201,-0.18546662912301862,1.6847592312539355,0.3675012308977593,0.5447053057820908
11,0.8954243751047843,0.4021710124852243,-1.1053335606460946,0.7306139394602488,0.1465840168035088,-1.608738434686273,-1.198154947975397
11,-4.107449611935283,-1.2376928405694774,1.0390885126144176,0.8637248427186627,-2.029857092929592,0.31733184479832877,-1.4462329376854435
11,1.826655783449391,0.9472306756917119,2.542904456862107,-0.5287476146348647,-0.4721700801060289,0.5417046582179432,1.0893022291237262
11,-4.449978910762615,-0.5397461450275833,-0.6737158191364112,-0.8785398395680991,-1.6323719267870378,-0.2613269899145132,0.8148366038992985
11,-4.2097432159203105,-0.23611018703661898,-0.09223000810179766,0.345075406845387,-2.178355306094603,-0.026495761966364238,-0.18685637434544233
11,-2.779091576614171,-0.679536488943232,0.2797350342906579,-1.916018218029673,0.05920865108760867,-0.43223830695373366,-0.39568664851765445
11,2.4947310404249166,-0.8521782923642967,2.708959419006808,-0.9500775893483626,0.6478606366976364,-0.29338674278661186,0.047869135440916644
11,-1.790370483142193,1.7021397091967818,-2.329003463675738,0.773587127057442,-0.7614268886653133,-1.0070401253673127,-0.9570039126876952
11,-5.344864386271716,0.9918045229027724,-0.513955735696316,-1.7037984055143036,-1.328842326123941,0.4252075996399009,0.3117789481324511
11,-2.2517543930917956,0.6752130770274481,-1.2027947572277435,-1.2007771267826397,-0.6020307472283671,-1.2248165923354877,0.39384441791742986
11,-3.59377202306073,0.07361995900393714,-0.2276248062369144,-0.24078506361436677,-1.550525272350483,-0.5904646553271169,-0.5311937115303852
11,3.107804997054431,0.7363338145518079,-0.2758992175860073,-0.3020735011372116,0.7030017951500707,-0.9136380691384904,1.14900589963172
11,-0.8309386600784514,0.6617127769159509,-0.7298088060249305,-1.7540447576872817,0.5745030051083075,-0.8709177143566686,0.17915716944614246
11,0.1505342884872557,1.6035205983812866,1.8341557175235457,0.5093788418909196,-1.5952915095662132,-0.3685556397935724,-0.4274226117244586
11,-0.7803492470766098,0.8500397782124396,0.25706533706497736,-1.0214563370837635,-0.6240688615707058,-0.485252516092759,0.8326352394264909
11,5.55426570615893,-0.20618900645751403,2.3935853741879614,-0.15805893740321839,1.0472160550896108,-0.6999618791820347,0.7064692519432956
11,-0.6687669664432524,-0.21489294325989583,0.8236166262183529,-0.19657220700095457,-0.16805923532807449,-0.2534338967826245,-1.007394236656701
12,0.7095760481588431,-0.08278120444429887,-0.2480332656015074,-0.19121820035662102,0.10177204172181403,-0.46707523121585826,0.6152079018579452
12,-0.22303388377012545,-0.8278446928048021,0.6820994967397186,-1.025437555372282,1.1691235460632337,1.251855336046486,-0.0394464571290013
12,1.588838349456888,0.21519900561092947,0.7462015267358434,0.333196336107161,-0.5665910938970414,-1.5714725855299934,-0.20304758198107203
12,-1.9925045678993736,-1.6119363569036296,0.2790770377860668,0.5950690713111392,-0.3753402883235606,0.8197544520824106,-0.7877820054708025
12,-3.1192044179021163,-2.9498717842832276,0.46404938204627966,0.0543192874307289,0.1239935389961075,1.3910960881963272,-1.0466878287487633
12,6.71525077246379,1.8801063432658334,0.37846041253328855,0.5671015874380835,0.8973744777333246,-2.6095250091857802,0.14181084248803077
12,3.20189001647474,0.7572616974226986,0.2783740015529941,-0.4640106287359775,1.8955969931734156,0.6477465969605093,0.09745371992804092
12,5.603391515150588,0.6347286340604443,0.09123016010695419,1.2848008150599872,1.58218645567045,-0.3629795820714617,-0.25975667798893004
12,1.9812888927205663,-2.2365082658029936,0.9156102257648271,-0.3579722818056599,0.9602553537831744,0.11022175101804287,0.9106022660174198
12,-2.452692582318835,0.6771291170271893,0.709899292255341,-0.5796518898459452,-1.9030769771044622,-0.2700741475598456,0.904401208330226
12,2.635204457367987,0.519814270578053,0.7939328385720233,1.041592782480644,0.9473247538752367,0.6920973069337157,-1.1835768910307862
12,2.858084292159664,-0.07765504139994914,1.1069684984940966,1.1148821810778802,0.7534203721730116,0.9282803054719992,-0.4609403961253022
12,-0.11081838924510606,0.8250387626537471,0.5493373330145538,0.6806556371010812,-0.6977971270218262,0.5931301013396949,-0.10493420385480817
12,-0.37491921367571995,1.1205690307061964,-0.15299832869466642,0.22050665992610413,-0.5649302110342529,-0.10629276882251526,-0.0893977369773174
12,-0.8322206633215053,-0.1221635991869465,-1.0894704232452632,1.5948859846480987,-1.3691503449419802,-0.42412912886889,0.24017414356015332
12,-1.4179141310574015,1.9453370776588272,-0.488032453801593,-1.0106408939135005,-0.012546974779610597,-0.14031375201880988,-0.5018086776745598
12,2.205512241868715,0.9883626994998055,-0.8699549173007949,1.1377699929415048,0.09063001567830735,-0.2272911513118029,0.46607963733893226
12,-1.1609000389732511,1.2243853812857863,-0.2985085869752527,1.7143938344849419,-1.753550460644578,0.2050619382332048,-0.3340120348459437
12,-2.2636465534429107,-0.31511761483263706,-0.5252945726403874,0.05460957413673073,-1.5813376329750373,-0.8245954885437242,0.6753722428150497
12,-0.202796196995096,-0.1311228556615006,-0.19668581587695164,0.5857220039454017,0.174485077417376,0.584580583678504,-0.5835215303617447
12,-1.8590609101219262,-0.9225854224539012,-1.0238999182742454,0.6097021936426442,-1.0268839383677253,-0.9982986658702838,-0.23295236021952975
12,2.438574855177059,0.4073690854803554,-0.6223021165739546,1.193582008310369,-0.29921632236948076,-1.4842815061272476,0.18097055515699637
12,0.8851672337548298,0.26401143438050706,0.3555871570779304,-0.8588104266207737,1.0077166861106257,0.2577774830874896,-0.07186588971595531
12,0.07570360935461207,0.09128355394166468,0.213605953502618,0.8957061933489671,-0.42591120128335047,0.4152900040588136,-0.2599910045167743
12,-2.3065211489329744,-0.6806874288657527,-0.4040696815721422,-1.7089470661689259,0.12706431482694808,1.0254195729126208,1.7726037895841584
12,3.6424952460348257,-0.23196949513098408,1.0128223320510175,2.076903545390092,0.6157710245831568,0.7260760679209013,-0.8751636377812495
12,-5.099479864650911,1.985111782764588,-1.6411294413330677,-0.5713397592954456,-1.1246577110211373,0.2197873761463571,-1.1247938775683377
12,0.9575899367394649,-0.9291593571052255,0.48275860856041514,-0.31619096548670533,1.242677021945182,0.6915996117960662,-0.3800569771325771
12,5.139259119696922,-0.4060902326261959,1.5698305671206172,0.25888517664978805,0.9170153572797162,-0.9804977353711327,0.5696174539841554
12,0.41804732116219107,-1.403432553812459,-0.40784775824861924,-1.2503120602036704,1.272965292994459,-1.1406097038614702,-0.28346084322784276
12,0.09827988817799632,-1.2407290675759317,0.3875849180408471,-0.26289484323598755,-0.42620110290016033,-1.2154879967948256,0.3623159777845915
12,-3.493830789327111,-0.28676520143518575,-0.5582880033242786,0.061487440465567395,-1.4643195896013532,0.04472853632332509,0.08897636954244043
12,-0.26345705574725925,-0.3912873017870771,-0.02201503624008618,-0.33996748817809075,0.5111629497808782,0.6614703746809389,0.10329733877268416
12,3.6163707643454743,-0.6169015642325728,0.8156034621223971,2.026294061344481,0.6185322517842494,0.9063922471426443,-0.26089526410321223
12,-0.8686259085304642,-0.7738443095328821,-0.9140144813935646,-1.7867606509564387,2.5403686238564416,1.4837014530501478,-0.48458409059853563
12,1.0421849854472773,-0.1966269232189711,-0.5548207977491377,-0.10538841564191462,1.719492926049952,0.3292005875748379,-1.256383396256294
12,2.6864734116969755,1.1340205431204344,0.5322233473848478,1.1788472885932895,-0.4648827645136577,-0.12819144934417767,0.6205429395451139
12,-3.1980890733151432,-0.35780118552667795,0.41570968972445765,-0.836164804463538,-1.0067772901929553,-0.661276942989563,-0.8283733261846074
12,1.3820063563245402,-1.2832038636231045,0.8068591818123119,-0.13895112180598576,0.6209889634438984,0.2540682196467313,0.43726608179169363
12,8.129017361085802,-1.0690518045006863,1.2527481968965113,1.9432848967731378,1.993242492543392,-0.06435527480315036,0.44502746138999283
12,-6.445170283963841,-2.004347649071132,0.7698527417815159,-1.8673455976503874,-1.1831339655082926,-0.3251293166621928,-1.3706921903798168
12,-3.2329380309911326,-1.7105163222180741,-1.07763260721319,-0.8035978651580801,-0.7805016085864929,-0.6770230652825618,0.7893296869586384
12,2.9203961266181233,-0.7474201827629657,0.1537813665439573,-1.1984085625780547,1.7476949879024237,-1.005864898028695,0.43668282148918797
12,5.029310559042489,-0.9764154612343763,-0.39908742024896304,0.6295213842899204,1.8371869821669802,-0.9829469980268453,0.3150026711129543
12,-3.050394866363097,-1.1490261106011166,-0.005857498112794223,-0.8661285229605838,0.19455641444647742,1.468830361837915,-0.0911139955639087
12,0.42940657433264184,1.989243653807418,0.9173623553891427,0.46780560296681223,-1.6202302842384417,0.25061783329351645,1.3067923893599718
12,-0.3562904827794868,1.7511310826985007,0.27615544386933916,-0.6458063822065706,-0.5425705274232437,-0.43007175663329644,0.11576740352497067
12,5.240328636442568,2.5644093006129545,0.15518836020888613,-0.15252555965847903,1.1674188404750194,-1.57919107955978,0.1176952049051036
12,5.657391668328054,0.7764959015413376,-0.12011474539778341,0.8562148793766421,2.153733574877312,0.19286373691063854,-0.00966726895377984
12,0.8919009111371872,-0.16124854483926318,0.3970185048569813,0.13700375362852815,-0.01587654017253335,-0.49730005518043335,-0.09554592657832134
12,-5.29476169477348,-1.0432606944506182,-1.1786251885581451,-1.9407054539663513,-0.6314451339640044,-0.08589155134215208,0.4935507385453589
12,-0.5879386467002155,-1.1007662621362087,-0.4215480240071168,-0.5358874674612235,0.30528731624952027,-0.20714875528978338,0.3701003217780169
12,1.4579818241832019,-0.49687394747077945,1.6165760360428338,0.7135950976766335,0.14487860389208415,0.7760553887025036,-0.4942517037208573
12,2.2231974533757546,1.2805209265964546,0.616122843297705,1.8601483196388267,-0.909335306190533,-0.06863525905283865,-0.07337297935019077
12,-0.308112977991154,0.6664705623391142,-0.9617940267648004,-1.114826144975048,0.5918841737191857,-0.17800141703070854,0.6309152205975816
12,-0.5351988838281901,0.889500197272317,-1.2285566593492734,-0.22862103608953407,1.3904443077912318,2.3728384785312002,0.18348909396796245
12,-1.0405183185026072,-0.18712142773661072,-0.9593302535892922,-0.08158987985488388,0.013120427285450733,1.08720419757735,1.195720811743765
12,0.9234558274401893,-1.5536363429259088,0.5801568565632989,-0.7325664873621737,0.6257502005598977,0.13001823130187154,1.0974847035651814
12,-0.6616424459481518,0.3264026717795808,0.43315896458261294,-1.3826328230557627,0.2520850331973359,-0.7311979966279684,-0.4194215748595514
12,1.5664590401702716,-0.2146119720644967,-0.5685823031411192,1.8387966003440583,0.4615660938108507,1.1791296835530756,-0.25985007524107445
12,1.3817173803719491,-0.30395830714933225,-0.3686843408989345,1.478334459417218,-0.21362309040986008,-0.9326495561927671,-0.8205241896533244
12,2.3521838831089674,2.184173228392278,0.9782280695256063,-1.4067867166078127,1.1978760579136116,-0.04806417322764977,-0.05176701475593132
12,-3.5401176230589413,0.8696912832185534,-0.3070736099660176,-1.8839721321278544,0.23180313344191159,0.8525857485209763,-0.4529519748732653
12,-1.9466534231791615,-0.2284062036873213,-0.05840927984516585,-0.2773662276072785,-0.5028414519507383,-0.41131211532592843,-0.7636209115038692
12,2.0720219150960584,-1.903446419523319,0.35253374715867875,0.4304278051912534,0.6304571304870613,-0.36720982390869805,0.39744558502933847
12,1.820700734202128,-0.28664147072375606,-0.1823276305088935,-0.12878666805470665,0.9572975257809242,0.44030914140307614,0.8652431919961872
12,0.30637094654938757,0.9903889201001861,-0.7350264044028009,1.1292645954138028,-0.07448286314166074,0.13947113263085203,-0.8592571433044354
12,-5.179448060885517,0.3728209927142495,-0.41294127515640955,-0.24652849301114668,-2.678164410820933,-0.24925261200885823,0.523951667063496
12,0.3711952752890298,0.27210736801551677,-1.081000435198684,-1.1655478157906602,1.636164386587317,-0.20937403494184242,-0.41723905795053046
12,1.5754256494621093,1.045093639128089,0.4693126160076739,1.519882292950407,-0.7506305486363835,0.25089922580312235,0.05590309754066963
12,0.2005456588610462,-0.1690099872148245,1.3320401225175387,-0.2340267438126366,-0.34914390762377595,0.4667286674139219,0.46906712833134845
12,0.5243840431092819,-0.34580202521675923,0.2442626358690967,-0.28397358703892706,1.6186307397949737,1.2942618159530432,-1.0640168632299487
12,-2.511751105057775,-0.2539661336689666,0.8127292261938402,-0.26315828412099557,-1.898039888502157,-0.41923227934038676,0.5740876594282882
12,-3.555636485023635,0.734512927460703,-0.6511350249343286,0.05600430375821818,-1.106544360431104,1.3166594512835588,0.1739837926887813
12,-3.314950133797636,-0.26934813096432286,-0.14030877626356777,-2.3186618896667923,-0.7494507087513926,-1.4652163568428793,0.4717106031081876
12,-0.9933017051075039,0.7603011424390613,-0.13611215659361006,0.6832971320177769,-1.3128813701278923,-0.6450865698934426,-0.281609647397748
12,2.598994145277955,-1.2281836193586013,-1.4306406250992105,0.721231898711608,1.103288323964749,-1.3529018495034582,0.0024002345560972804
12,3.1198981169963123,-1.2710650213820214,0.08889294253109002,0.6292451908108684,1.2644961336434901,0.30944156174369036,0.5031191933966402
12,0.5613307795535873,0.12738360830644302,0.4792372589690123,-0.41112562017654075,0.5008761311005229,0.42086138072343404,0.05419926521855284
12,2.0957532020275407,0.7603831579880271,0.6834064555388025,0.09930842688086647,-0.4394058257268495,-1.366025418585391,0.39597876004173305
12,-2.226705767744581,-0.4076529160222047,1.3156540407747002,-1.4349126716444949,-0.4236799756121373,0.04786447215678736,-0.29093991966037486
12,-2.1366910895702116,-0.5774213449180433,-1.4726494367774996,0.35978035427046373,-0.568073072207334,-0.9138662742098204,-0.6927216415345381
12,-3.4092661144833727,-2.8393761669088944,0.6176514590206077,-0.8170553570547887,-0.5247063662818277,0.4938428550942171,0.16160913319052228
12,5.397738689826809,0.37432087422096266,0.7170740728326012,1.316892924858621,0.482825593869976,-1.5549138394119406,-0.0024002345560972804
12,-2.4466676774438367,-0.9028549787428151,-0.21002580802477658,-0.9258235679908005,0.9092633653927553,0.8647173158228757,-1.3502884430240873
12,-4.379260573662703,0.40257490618306696,0.6024593327486247,-2.0590853829354625,-0.4565776870187551,-0.044407932368368985,-1.2256318434305256
12,1.696212906409354,1.4272117229533985,-1.4145324747416996,0.17265918396297056,0.3189903989668572,-1.0359426937414666,0.46422725205471754
12,-6.516645968490402,-0.49591904592732877,0.21439467394076758,-1.6305561326458535,-2.3857927508948733,-0.0829221120128502,0.6514164692781711
12,-4.092276296435746,0.6967253815538811,-3.1290881913917135,-0.927846619109304,0.07583697315758502,-0.2656670251390437,-0.3371218386112304
12,-0.8149278720421294,-0.15254577329763427,0.3120583031454704,0.8040322901425144,-0.8784418563748956,-0.36446137409918505,-0.8643393851019483
12,8.668912821116313,0.3686046357116577,1.6015634550043427,1.872331748639304,1.098533179803085,-1.497349091565915,0.3801339741251002
12,3.75417658955529,-1.1557993852795636,1.541987027708236,-0.2626780900148427,1.1858244076336708,-0.5852101559690124,0.227247418272746
12,-6.214620728196529,0.41782359492810583,-2.6596693797358957,0.9716512976805789,-2.19649538110396,-0.17332762282201036,-1.0016769530596452
12,2.347323765555424,1.3049615444489677,0.5350268426841378,-1.3773638616919641,0.9223175184720701,-1.4832522072821366,-0.1020253010415279
12,0.9652828848776844,1.7967118556211066,-0.34972099434698295,1.7305013142838654,-0.5657283937178436,0.3023613851827436,-0.7452858473932533
12,-1.8699888987451243,-1.187380654857084,-0.025008058096458226,-0.005087181455134254,-0.16394102167780336,1.3731163860589826,0.4573386883771663
12,-1.6014321436806767,0.5336850083572168,-2.2161334557134986,-0.7798802434194972,0.8985008270154393,0.7820872003459194,0.5027647192985004
12,3.991850156213951,-0.5080241707657533,0.38504050117513655,0.39754392141563144,0.6891673190229803,-0.7985329575251369,1.0876382627271468
12,-3.2210779623655377,0.522720628103725,-0.5267206877428837,-0.8092489367071423,-0.8190232453426811,-0.6568662171352502,-0.7606639100636914
12,1.4836991518650136,-0.17846386245643206,0.3738894888988656,0.05032303024864501,0.3200667569762179,-0.4656922544803157,0.017731280388645076
13,2.5517889246275676,0.5903511516859332,-0.564277936786275,1.8578212424169172,-0.02623864299651823,-0.3653366349313013,-0.27869992699276475
13,-1.478874570266699,-1.2684398987987517,1.1403566006523826,-0.052950217812520406,-0.3395089961232722,0.6688607321261223,-0.5577071704282586
13,-0.09493582660633976,0.020477664707116504,0.6240534704728141,0.33333620077998183,-0.5939899800810541,0.31905529591831594,0.2778028254777392
13,4.494190315506337,1.3413162587743404,1.6577361002455557,1.3090976820364069,0.2909620760368917,-0.3641663897854077,-0.7439409790401906
13,-0.9197431332447362,-0.2224740874494411,-0.04209058454730888,-0.17446224484665032,-0.055021997706913524,0.05006535632758912,-0.34461278596131506
13,-2.8074260077423445,-0.10639759420363668,-0.30044452817298695,-1.0436258651072061,-0.3717382771934115,0.155990601900036,0.011123271480129059
13,6.267183614005776,1.4041903117897583,1.7322579791516997,0.9942003661615466,0.17658846965934039,-0.7524105261949188,1.2359424642032772
13,-0.8445594267466723,2.0362965531614887,2.1565298233994756,-1.5246345396298324,-0.7730669219899767,0.05455507893136907,-0.1315967943708207
13,-0.4668210862604676,2.483105112706674,0.3185188803512537,-0.24525312914981454,-0.802419608349066,0.11226854696815876,0.05809493442595425
13,3.7629937805499534,-0.3936253244304239,0.16984704552344043,-0.40215507782346427,1.3735661326631332,-0.7228314604482398,0.9232282882024152
13,-2.514244138472907,-1.055136590659028,0.7423494982910565,-0.5227443363676963,-0.8813560626806459,0.1981955638145353,0.015998852292922035
13,-5.174279037267224,0.6511543424175014,-0.6725366904095316,-2.753608754149067,0.3157880605273778,0.3105603138376985,-1.0179221940598997
13,-1.5427333110749335,0.4355954442568363,0.49782615238743994,-0.5869002422073278,-0.9683865786382553,0.5263236017057498,1.0850899367024605
13,0.4218529107356042,1.2852082343666436,-0.9896120021407147,1.2663129307259555,-0.23060964649542828,0.7110465220196712,0.04165721461459166
13,-1.1649481963995216,0.15021336768369753,-0.29747961441229664,-0.46887065503328235,0.3903622821334836,0.41031061325937396,-0.6096832342867435
13,-2.5946543562772075,0.16081935944895873,0.7948835338316712,-0.6190431852079391,-1.0095367841786382,0.3013989271920114,-0.22091029647216145
13,0.6063317019739003,1.513758634433156,-0.7629534101753632,-0.66613948273847,0.5950386711269963,-0.09543009646226393,0.3261075803241342
13,0.2459156109888342,0.16199076997496578,0.8508606236314413,-0.8747392937008777,0.21891522857555304,0.4487603052257026,0.6370983909958229
13,1.598588304248796,0.6822351269443403,0.5021790596860937,0.14602170384100044,-0.31660629064460344,-1.2692450421112313,-0.09977333549299278
13,0.5491049167714881,0.48451754499858174,1.43374253551606,0.5927807080876272,0.24546654240252122,0.6542701930414734,-1.852730345138873
13,4.390940369714963,-0.04447192039145447,2.1656629893547334,1.448705750106612,0.07504483526323338,-0.5349093746304354,-0.6105443297608626
13,-7.151605419631304,-0.5348111632302801,-0.5753757575705406,-1.5660912885075806,-0.8396500337690674,2.337528822682681,0.05714174253656366
13,-0.8592658689354171,-0.33754784352241607,0.39063883260337406,0.3953533306836656,-1.3970639202077428,-0.5963380589248862,0.5236290056875177
13,2.4808596767473374,-1.948526968123008,1.5586637810958792,-0.15323395996321748,0.10613176878206328,-2.8876298290488793,-0.9735830469552177
13,-1.6945316037986573,1.2784550164989514,0.19904542772655226,0.2852860185723186,-1.0047211700923826,1.3720853008714053,0.4207940734230075
13,-2.339649354671806,-1.5951108292080456,-0.6538130013196788,-1.031717268426286,-0.035219989364719075,-0.5986523816788445,0.13108256094191878
13,-5.129682731583584,-0.5907004833097331,-0.9975708054152409,0.04551141761144725,-1.6480761654837341,0.5929509178596021,-0.015925562103577366
13,-1.8431902374569296,-0.37033104572975417,1.400444303209297,-1.1536137871377306,-0.9290324898875387,0.22574206980329006,0.7557587124836139
13,2.6445457747065757,1.2055283566878563,2.5994917056840383,0.6597032763878624,0.2721108141936119,1.096312062138143,-0.995174590152265
13,-0.0944900848495207,0.05785070424817016,-1.0473002830109126,-0.9461898167309877,1.0453227945903347,-0.903266023923327,-0.6507420419702081
13,0.969503327663902,0.9442252893767589,0.11053730402209966,0.06354727856790894,0.16927854921524568,-1.1890615912479272,-1.2360862285768588
13,-7.719412435350315,-0.29423184949256875,-1.5680691456143487,-2.1272326769291587,-0.9944349825801888,1.064969000178881,0.24046061574331412
13,1.3170902097440427,1.6713684484401057,0.06967120631415212,0.32696686109307704,-0.4153373983239793,-0.9585674675059409,-0.20660818328775996
13,4.820498111817215,0.4869978183568821,-0.3071798647523207,1.1077228977015914,1.0936361266673191,-1.5336941178731454,-0.4983716503690768
13,1.835681805810125,0.5472942173680829,-0.012053286253722073,0.7661628767748956,0.5186842575679063,0.7779694950098568,0.16544464809150672
13,6.543455549305826,0.8775309839690361,2.8948543908046727,1.0536729823113025,0.7870403389893753,-0.06525827559036926,-0.010012760519438182
13,-4.83192248873931,-1.4822322527289475,-1.3986804784596691,-1.3559427984614905,0.99670095378985335,2.278204224388913,-0.37340936941372577
13,2.0466466374281733,-0.010524012400954777,0.4321134017064531,-0.1693013865733869,0.37746797722109726,0.3436096226346789,1.4624209899747624
13,4.408206727156653,0.21442424854362793,1.8326577167113545,-0.06970098801841397,1.1093799976364231,-0.3530927403612973,0.0010356325669621247
13,-3.0968086431770976,-0.7667292483367801,-0.6110225434158649,0.7201956486951699,-0.9732139557355738,-0.6271845498948493,-1.8634715870592993
13,-3.7355254818655976,0.01217051996509671,-0.8193427131601871,-0.16778187653855833,0.299645255805759,1.6846086733036654,-1.585277052187974
13,-0.3377044778529207,-0.7213403308483716,0.04830946044580999,-0.20327891601515335,-0.339482321326464,-1.2149278842314877,-0.25638864043037446
13,4.927326251509208,0.21974742967961505,1.3005513699564302,1.6781282501124262,0.20173889509150128,0.6169620453109106,1.213193046672239
13,2.074043674984252,-1.7848282232218833,-0.34312484040499297,1.090935128028605,1.3253979709255168,0.5616800152463362,-0.41593599164741824
13,-1.3967955327237087,0.28440958867349886,-1.0257912707783445,-1.7564446296717822,0.5037934820228301,-0.572805931639577,0.5410649925403221
13,-3.5868189510106614,-0.6362734935286107,0.07054854179255568,-0.3846107929948947,-0.6296366937921443,1.5357178798243356,0.032676710862054544
13,-3.5155217773312613,0.9393398974119083,-2.017819268110738,-0.9921581873978336,-0.3501541129172452,-0.7476554644684404,-0.5264824154636775
13,1.335001023482323,-1.9731104981532352,-1.4754551209871012,2.971585033284305,-0.9513386268081439,-0.019471857856034957,1.222839239379837
13,-0.1274079404141142,0.04251330930585285,1.0864627980909636,-0.49433453134630473,-0.08981425124899091,0.3876284039164592,0.07363131027589381
13,0.13684430915651302,-0.22090964246246048,0.4588155744423823,1.148039783439153,-0.49959689807872315,2.323125973465358,1.3887436504094361
13,-1.339068407355028,0.9405236131283989,-2.1739964299639727,0.09627124904588923,0.7915726949633615,0.6151522383147571,-0.7477338091360545
13,-2.763951018368923,-1.580011108812814,0.6176162572229321,0.10883021014479795,-0.4927276042936714,1.731548029132086,-0.037803798683216046
13,-0.5505428564081745,-0.5487310150649676,-2.3047953524489175,0.4952369490377233,0.7103147110119478,-0.7285626232021755,-0.8634294652094289
13,2.3938807481467084,0.711861517361881,-0.44696871184510795,-0.14264349766904588,0.7207301338673991,-1.7454403067835242,-0.4880166267038779
13,0.3626088119245553,0.6128736225984994,0.29949067695871956,0.8329369960595566,-0.43533021606465405,0.8893567851825972,0.26729304688915645
13,3.8990984719700092,0.3563341075989208,-1.4284745867245772,0.5598237734837808,1.4264917430963255,-1.628468999686122,-0.17178214120931815
13,0.6988523526227292,0.28857030726887867,1.2674974840329065,-1.6850959457075096,0.02692430532790239,-1.3422103638945684,0.41865465896627485
13,-0.8313569950678374,-1.6685417140276166,1.2145057899453102,-0.5556123125840335,-0.652818422046043,0.6107702022383281,1.538233587207125
13,-0.2066819328233771,0.8510621971785377,-0.6748559310427698,-0.5233531233105951,0.07439935119185546,-0.05577662666864152,0.623097255543664
13,-2.978647193537069,0.2157760634500826,1.1210219098824497,-0.5061043263337611,-0.9909625184719816,0.8470192816596599,-0.6194563270402954
13,-0.6665943558189402,-1.8147070852968765,0.19654977656002012,1.0652848852198453,0.6509932795695043,1.433174741267751,-1.4225297354315478
13,1.0919217738128388,-0.1734513301521087,0.6501131886672643,1.4870270343743406,-0.89516798811002,0.912744882660601,1.0010745575407591
13,1.0452034142791464,0.9537677612719974,0.6710041879019936,-0.9218009492870657,1.2929929350094682,0.382329981106898,-0.9236391192402857
13,-4.324783656130911,0.7037875844778164,-1.284157765132228,0.5414354657025845,-2.0742065856961966,0.5520186136286346,0.49575890322955907
13,-6.592301923525013,-0.6312849504025768,-2.0261095827895304,-1.1697679260298328,-1.1124601222936228,0.14482665183811846,-0.12615108006407977
13,-0.5626183197679219,0.9075917682098541,2.205326064370825,-0.5570803766876207,-0.33834589246000457,1.7083922857252716,-0.0010356325669621247
13,-1.0502312042898196,-0.39696332573364573,0.23138992991116691,0.29846554362812555,-0.7006975199707138,0.052389382452091945,-0.0770533643828323
13,0.6407704123877518,0.38195896545347113,0.3756422601848065,-0.18892278911451502,1.3469451713245582,0.8071438319356439,-1.52921365756549
13,1.0036764529647315,0.9285327011426525,-1.1929685182981011,-0.6804502031227637,-0.060425971926004775,-0.9401162801925131,1.9337895890351484
13,0.09066127972669336,0.39057608876816935,1.132549841810083,-1.2574485417367942,0.354804415624792,0.03924223684726488,-0.021370388264602167
13,4.48559961367382,-0.6527025487471615,1.8394767949516484,-0.31176653668681975,0.7073695573311555,-1.9976273281840888,0.0277574552795826
13,1.9781340295613765,0.8199823668145677,1.5278701045484024,0.05249804576916535,0.15287795135706436,0.13872960168304665,-0.20550062807913982
13,3.3682502803187457,1.4774300857833171,-2.023627022757759,0.5622338124649996,0.961010037635776,-1.4882767661397118,0.3995147000760832
13,-0.8800464671020414,-0.9291964337926326,-1.0405079986332928,-0.8758168233625305,0.4397162268721317,-0.13287438442830843,0.9264781452987914
13,3.3387739548460154,-0.18219433318598494,0.09779160179052,0.5867559627909021,0.6982138041893214,-0.24011687428364878,0.8154010927998429
13,-4.450660112405028,1.003658471674398,0.6968407993856928,-1.1638395708715734,-1.486007464354874,0.9720192775917511,0.04046341498094009
13,-3.488895939805288,-0.851991888128706,-0.5438885166101002,-0.54611202207988,-1.1263217340708849,-0.6422314508847442,-0.08943142875398971
13,-5.307111657758142,-1.7193758029631798,-0.8585493019440226,0.4503771698685809,-2.226407485986603,-0.6641784431474947,-0.47580368030968934
13,-0.12716065299909662,-0.4946990353047706,0.2297859363358433,-0.6925154741851691,-0.2532728637439235,-1.9730137108249781,-0.537291843741932
13,1.4390233142678923,1.0664897774583302,-0.9426431516075277,-0.7795961089653317,1.4317564961980989,0.6203817007502901,0.774684448948345
13,-2.6417253346119938,-1.3618476327434597,2.043504302104353,-0.04733265992056398,-0.978402832216023,1.0886716182506475,-0.8878295477810775
13,-0.8216746613089521,-0.24830383060075967,-1.8254953998998376,0.03543456559178004,0.31506322224832056,-0.22607723894763487,0.2186171220593192
13,2.574703890672305,0.9619300781486294,0.5087922074001137,0.9344819587375509,0.4409561641869741,1.480237939513344,0.7815493172309462
13,-0.646437427389825,0.046927454271828935,-1.996327206730165,-0.23338602025571487,0.2385263992904804,-0.40975605544159155,0.7896962285654456
13,-2.1225114270385,0.566919054335015,-0.49432291718791577,-1.7007880829997502,-0.28422261444224695,-1.002322041983979,0.20565727438204873
13,0.2606003435057225,1.623980160049019,1.4843372841576186,-0.6558380988135891,-0.6181440426235484,0.2291453992737467,0.41346361206482185
13,-1.149192998221797,0.9007712114551538,1.1217685743214383,-0.6304704683475818,-0.6367679606045776,0.6862845394944931,0.18417898495420892
13,-0.6546580938881463,0.5911906514726211,-1.399860648099921,-0.9323275893039767,0.01745324715965509,-1.4935203726422406,0.31967174546987825
13,3.467653172509612,0.4909864081838238,-1.476098036294547,0.32190370221002673,1.299638411087816,-1.6356334016826957,-0.01950777246112067
13,2.9362943530071695,-1.1584166036365946,0.05810583974077385,2.5017650960597746,-0.7935074851439246,0.04641988090055158,1.3381840221834311
13,-0.4302510302923648,0.8391968934398826,-0.9529766387462643,0.7941674714200839,-0.12253438711304857,0.480435287129279,-0.36261998404079143
13,2.7271080256750895,0.5421066218720216,0.4057701148286556,-0.1548395597062786,0.09926815660078171,-2.344486374356276,-0.2604787480879983
13,4.35415293512475,0.40362073427232154,-0.9839384838951971,0.5036671840796867,0.7914134901067731,-1.7061874995424804,1.0917657960082292
13,0.7847734771857564,0.05720034377495207,-1.610123015969892,1.4427682407669162,-0.2313281170243488,0.3077699396150237,0.9725701337815197
13,-0.881049373374191,-1.2710478831011511,-0.4301687678968263,-0.30926717717020613,0.6377173074253242,0.8887344572167166,0.26184394419458823
13,-3.0627877948831363,0.15359375197672825,-1.2242106327967168,0.6644804705259095,-1.4967328080747555,-0.38093558943047495,-0.2995647171446125
13,1.9066265230985802,1.254956095217648,1.0866419673221028,0.5618991164593642,0.7183996554431052,1.2004223705861787,-0.886719106821425
13,0.023609111380568766,-0.6117129598479674,-0.3348055803811427,-0.12263482579505247,0.09637100777018835,-0.6137864176282266,0.04169497720967053
13,-3.4684981041614193,-1.8008492474767523,-0.037840703900050766,0.05654600663726318,-1.0956452743285148,-0.1666958126080683,-0.5904570504299257
13,-3.086702154522479,1.8380278701859334,1.3805913298924701,0.6518910030124395,-2.3303586363217668,1.3497427411458043,-0.3536839102372372
14,-7.561201778470016,1.3051292211623837,0.05506908758353675,-1.3735286742931385,-2.8430178950340763,-0.35960728144336035,-0.8821139565702448
14,-0.4084511366501042,-1.0684664757175166,0.07573238027463179,0.14124173883725402,0.6452819295027477,1.0242439952678226,-0.42813275105953136
14,-3.4434387658538124,-0.982083465583142,1.157522581813188,-2.3597826390709185,-0.8213217070805983,-0.5665925820568994,0.5058051758352451
14,0.3854282148201694,0.8608884910747121,1.2816488993976523,-0.2582732433307346,-0.28622916957808403,-0.03272916107035581,-0.3995258870329249
14,0.449994006117967,-0.08174492716792903,-0.5919468570976721,1.4614250939909206,-1.0888009838759949,0.10302362183111818,1.1713012753963306
14,1.236028658900132,-1.8451908393035987,0.9498033495032182,-0.19807004969216904,0.5784004888552792,-0.1894660344124148,0.15965879146399342
14,1.2866582338385735,1.503420382133753,-1.183109785074291,-0.05764263342676866,1.3554177692818525,0.806090490556974,-0.10022327002059017
14,1.1612792424577463,-2.4885274308038428,-1.1926586047787466,0.03904464136347023,0.48911220060326577,-0.04244782383946524,2.518962375547212
14,-1.3900376343269665,-0.6925260213203254,1.59578333479431,-0.12372948963351366,-0.911856524356647,0.15489822566351777,-0.4753524496340314
14,3.1939050071869484,-1.520339343276323,0.03693926850178884,0.10004958224597789,1.6144774688425108,-0.8902812004828918,-0.3521751012135594
14,-3.176534709016474,-0.5679675021139594,0.033782099433273406,-1.5112334190123589,-0.1637266655855194,-0.3822590762129631,-0.7142886739161536
14,1.6989021765657355,0.08868112913109338,0.9790230196839572,-0.4808714318902728,0.17873870178181697,-0.6470044320248305,0.3923639045631764
14,-1.830586694278019,-0.3335407754902311,-0.19665658614585008,-0.3415876480078228,-0.049238628829137744,0.47427829202552835,-0.3820226986915153
14,-0.7489714419608198,-0.5788541499103135,-0.8466643874825197,0.569773368026909,-0.21580072358040833,1.1515289232923285,1.1155903388896384
14,1.894287630259175,-0.16379585572923303,0.13835732498620637,0.20737663637095208,0.08097708304063135,-0.4606314936962671,0.9041776188036272
14,-2.251684878317895,0.2691654107580081,-1.7086333360297488,-0.7585924722546603,-1.0305527365838567,-2.2152623848457105,0.3060975490368434
14,3.3514278903755534,-0.8557595820870015,-0.47246610353998325,0.8490138449087029,1.1532113023228512,-0.8455127725141312,-0.17368235956385059
14,4.0109616941306205,-2.0748562266507538,-0.15674016093421678,1.2265854211053309,0.6463288849385649,-0.934275894673734,1.1383181721813542
14,-4.72103421332875,-0.9258458642879552,-1.4425626847955897,-1.2794176707077078,0.0788285553783438,1.1807547872576631,0.1266755861733545
14,0.8193050211397412,-1.9043577912741816,0.1847643359376645,0.18401111065494768,0.9454057298524553,0.14299368395765558,-0.43711486089050916
14,-5.9471590861448735,0.635338733866089,-0.7327331026438745,-0.7490257660594997,-1.22214879072262,1.5647374593981487,-0.3995216605014055
14,3.7225517362876674,1.8701583879293253,1.114077533234733,-0.6081485312300793,1.0851289636054278,0.4009041275453792,0.8162640062679145
14,1.724271155967756,-1.1454619384812808,-0.281042036472996,0.41986362472831695,0.21200187352764172,-1.5475572207122548,-0.023312243178621572
14,0.41504889100042613,-0.8854354441705076,-1.0910002766481661,0.8418497956341283,0.5032210269115376,0.49491061825843324,0.17446076071801164
14,0.10264840544230613,-0.8755339006871677,0.23922273773726777,0.38015693673667234,-0.4557119940779752,-0.7478538948506595,-0.10547269375109536
14,-0.9223660417320554,0.7883904563415818,-0.05321768405751047,-0.5348443304030077,-0.782293586541174,6.033593903587046e-4,1.1041134422318826
14,1.2500462772818346,0.031344683974188624,0.040317882232232094,1.1297120093018238,-0.5462030503704597,-0.10165337112476591,0.4902407687259258
14,2.783453513431999,0.4889478159439376,0.21545474434617437,1.0318896318464825,1.0362530462752166,-0.14405814262965488,-1.4408738218359565
14,1.2785100993193275,0.7714698786911983,-0.3940210001359335,-0.9893825755700024,1.090776655032626,-0.331369056733852,0.2579476566655614
14,1.1615956931961353,0.24783460866913676,-0.3265908737939649,0.3131685255615102,1.5548723981067452,1.921208154613211,-0.29402016728701263
14,-2.5458654147940027,0.4478316381382928,0.6480038183549122,-1.1596647703531444,-0.06199720549538783,1.5098548579768,-0.04443862772076845
14,2.9943493856552896,-1.1625652652214649,1.6267370162970332,1.4667335390705236,-0.7560564427534692,-0.8892843980711511,0.3716231807989907
14,0.9954461299158703,-0.06178828210383576,-1.925693773496332,0.2700595780281152,1.4724661737526112,0.1986802070475964,-0.19930746303567887
14,-3.9372921738962683,-0.6161034645669189,-0.1356804125145089,1.0671353211870056,-1.5519448950985424,1.1513646799539077,-0.8390085407278162
14,-0.053541394366733996,-1.3048293036276308,0.979682304928802,0.3881438015061022,-0.15888537828916016,1.1025255706706856,0.45727157750813197
14,0.17166548888092414,-1.16898434302642,-1.1792119321006838,-0.10827038669875509,0.6032570197890094,-0.8953830460632812,-0.004121913098349639
14,-1.025368945567485,0.9376095477172269,1.1668133745566713,0.7504885421559018,-1.1622847390795525,1.409800898847499,-0.052349530210018425
14,-4.925674110691213,-1.3005469870359043,-0.37922741529727116,-1.1033177467575255,-1.5600957837908729,-0.7045957970358796,0.17439918880616367
14,-0.4509601151049627,-0.40432802676170093,0.7077521214173402,-1.4326824263976887,0.489185585613409,0.1266425332683766,0.34074677849663915
14,5.739397105504825,0.9825650492252793,1.4737657781017426,-0.6311536383347909,1.621050507476789,0.16875580379343386,1.6477340491324841
14,1.12872184924666,0.3292594931513927,0.8985768333563267,0.26361795104147595,-0.7147365284385572,-1.9199911245538033,-0.8204297249242658
14,-1.2357821399523403,0.6523472334543892,1.214315023065406,-0.41368807050523243,-0.6866874371666556,-0.13330742023370623,-0.9156712198874873
14,-3.809316751120761,0.33137935811481006,-2.2078270583897996,-0.46511874189546304,-0.9416037661180929,-2.1003865730199354,-1.2866802997289208
14,5.829304019715692,-0.14887533717303753,-1.2733628036547981,0.920851504045787,1.4847259990039257,-1.9663385041817756,0.8600367336987012
14,-2.978885275269512,-2.1997175779595532,0.5814666578892959,-0.5021927138785017,-0.7079351943706516,0.3205154324172193,0.029181747797243585
14,-1.4942358733030656,-0.6088385148965229,-0.9107807981921531,0.9744568718066793,-0.8374438064263166,0.34124342063399055,0.2754099081139536
14,-5.094268240178305,-1.3783079700674608,-0.5518744955009535,-0.7729359177273672,-0.8040299893694641,0.9743347006993558,-0.11144120361428644
14,-0.43282970227560646,-0.37808428586823956,1.384222246644657,-0.2564833626767475,-0.5879039896690804,0.3795461982193883,0.3120694155865267
14,-1.4590311047507254,2.0541070731169495,0.11649412372303533,-0.8263133447785461,-0.5977179419495308,-0.6737692956141376,-0.8414421595794922
14,0.9290500064941187,0.1382254032638885,0.04531787848317029,-0.42619932160283525,0.6064474745601522,-0.8007270741037563,-0.5597036144408039
14,-1.5855444188017502,-0.7191462777533514,-0.24558563201559577,-1.161696868341408,0.3017281127208113,0.8045545067922112,0.9632579359532216
14,0.09950078382727101,0.888692440655481,-1.5978955187164248,0.4469869723326762,0.4747482540249275,1.4510356487577176,1.0841087644248038
14,-2.0948744110223587,0.49137292847469527,-1.8805739650283726,1.1823142988352566,-0.6302002898829396,0.7987937110246469,-0.17426406769369251
14,-0.7457063114455755,-0.08035006910577645,-0.21776624383037324,0.2833586941747288,0.7245143100715694,0.21692478937967954,-2.1449069050878666
14,-3.7468735300932616,-0.22763125052471447,0.3547387949361023,1.712267844661139,-3.0431348425775924,-0.06899719628240773,-0.5389259778859384
14,-3.552129468986308,-0.1454855832304818,-1.3189447811529775,-1.640100004749808,1.1277021713671858,1.6284169621074962,-0.3272792697202527
14,-0.2753085908108144,-0.07142002557529518,-1.8077800971566158,-0.7515520739457554,0.19984638334337507,-2.4916869814223137,-0.19587011805698173
14,0.421163425082406,0.6195302446489065,1.2755091369191027,0.5246444026911805,-0.40510218628837824,0.9929091009688097,-0.14796396465235473
14,2.7144515528189643,0.1276566762468754,0.5069983511191697,0.633379288392583,0.4755274992456119,-0.1676952819530069,0.07480565054325161
14,-0.7676477379757727,-0.6273766456979837,0.4820948716896724,0.32699671904924044,-1.2231220839365247,-1.127101179643191,-0.10740637716045542
14,1.5412578144674636,0.8343714939378969,0.917096497774865,1.7456849921151656,-0.6327135545882763,0.8366620404007477,-0.30946276887179763
14,5.441169581550275,-0.6984039483116286,0.5547435704233181,1.6753895664433776,0.10917161767972629,-0.9802786464834489,1.523921753774803
14,-6.364198253200377,1.3092404821887147,-1.0555026816010542,-1.4593043614019023,-1.5625565841360949,0.34400598822978373,-0.30524011408885326
14,-1.3008746999403247,-0.9801776268883637,1.2501550555845542,-0.41740425286792093,-0.040245432814847035,0.18553456117757292,-1.1688091359715487
14,-3.196395165892874,0.7479851027455441,-1.2773600534068803,-1.434033370672623,-0.036329929718729774,0.1411996129952742,0.07188186458290291
14,-0.7213186145411579,1.2577966206808064,-0.47858832072027935,-1.0307739723063745,-0.27892558149190927,-1.8520974027794184,-0.6197138854973199
14,-1.0500473001487203,1.2221833523777994,0.3335956212340459,0.24825639414719936,-1.293129449379392,0.16242001809868628,0.38155972806500515
14,4.287840516171196,-0.11216084270052237,0.28099846915116444,0.35140777396714473,1.1668008061452642,-0.49317896283124385,0.7090302322978033
14,-3.6379585840777877,0.6922001429342236,0.589335500714839,-0.7804516949355746,-1.4853740471126593,-0.70378506653743,-1.1357535861684882
14,-0.7456716274051758,-2.1376414998551274,0.8765920793891916,0.3016004448677412,-1.4771204103198117,-1.1836207063485376,0.7647764901226703
14,-0.6131879844321797,0.4442359840402336,-0.809672330735992,-0.7278354281762073,-0.5826403562668901,-1.1386981820339033,1.0927020270478836
14,1.4205099494428923,-0.10928687435789829,-1.287426287782822,0.24941386888376912,1.5493037909122596,-0.8456034685308697,-1.555752179276379
14,-2.2119905996489155,0.5998246557824423,-1.1677330889519928,0.11314525552215132,0.10688293076497023,1.2469904080750365,-0.4806631753262747
14,0.32116988576229755,0.10875907368838125,0.5744831370391384,-0.28401258069641117,0.259566728752779,0.695165011889778,0.2943576373078053
14,-2.5971166052222054,1.294796898616775,-0.46275427640096917,-0.9600924629753838,-0.21598870188729588,0.2748324803080401,-0.6348121995839164
14,-2.351142289757201,-0.17065075565805463,0.41291212862803445,-0.46532506009253105,0.27084741165108894,1.7164852726498192,-0.8059510010697704
14,3.3386619220579066,0.7337395186960737,1.182981610741524,0.49114620412284826,0.6331892474038922,1.6120811973651212,1.3977939483414104
14,-0.7337408576503033,-0.10595608161921613,-0.6717339768759383,-0.4941818438770648,0.7074693315146342,0.9029607681008293,0.22026603092240127
14,3.942300316318563,0.655762571951209,0.924698947331539,-0.3255077916075735,1.3706814683920132,-1.1834419862418097,-0.7468231526030562
14,-6.789149713813636,-1.2312660933692938,-0.6448925159282499,-1.0697606819584338,-0.7780561340776293,1.4330800239093662,-0.9347908361984641
14,0.5107665696206936,0.6065695140391659,0.6168138848999034,-0.43411479682279264,-0.15811354489740634,-0.2021266354843777,0.35594057724583106
14,0.13979237874971817,-0.38959045623188804,0.03407459810392069,-0.02485664380121675,0.41353866320761506,-0.2426712979175032,-0.7319506498691667
14,1.0721029958014916,0.3948150201310416,-0.8504394479875429,-0.7291088454614248,0.8250757253285773,0.2375401195956621,1.4061868708541585
14,-0.31891109063554424,-0.875318548777549,0.9478503717301358,-0.3827123393285203,-0.33302224877666614,0.06293771554230122,0.4739485341115084
14,0.1886607733364587,0.5416409121258398,0.7226043986672261,-1.1006941203444873,0.6507739654103993,-0.49388005355489506,-0.94915088525265
14,0.3611637784363614,2.99152532733133,-0.868606252322955,0.7491647572404536,-0.5484526829374633,0.6848694750415584,0.3920350721494561
14,3.480855763312311,1.5405205064858674,0.0377018047450394,2.209775177910021,-0.34147645266846743,-0.48204249043091035,-0.4408586466346691
14,5.16982107532436,0.9803787949047761,2.5223980704282223,-0.42523022892003487,1.012143766251495,-0.564795167351673,0.20599625096913943
14,-4.165612521471514,-0.6190149683816631,-0.7518627906059041,0.46666628728959986,-1.8827545018525282,-0.2542934075047259,-0.29302608140884767
14,4.901516257819285,0.32486046626696946,-0.16671286249381753,1.5819674470686946,0.22154674072321515,-0.7596828712569068,1.3300713638732389
14,2.512912502562315,-0.15833833094608912,1.4028930698445035,-0.38444416247261204,0.9259399916221448,0.1536820063603452,0.06765686501582946
14,-3.421946720623914,-1.985128894806908,-1.113697726786059,-0.389164984085092,-0.34477698172261767,-0.09725349841392864,-0.1396366052754563
14,5.370950289236637,-0.2401678970973744,2.3804136365109962,0.6472751427704829,0.6248557297296207,-0.29590057637123296,0.5940958512881296
14,-4.072640809871117,-0.31653804626726534,-0.6673021447577308,-0.952345799282998,-0.706496293740966,0.46379138156293453,0.05823302598961022
14,2.5532016927201298,-0.0896303158722854,-0.5214321963221713,-0.17313650308963688,0.17120741436338577,-1.8248309383831463,1.2119080345029813
14,-1.3630673508652578,-0.5320069937070454,-0.03855375612042458,-0.5531650752611298,0.009778756915695755,0.25244191192935694,0.00412191309834975
14,-0.5043742041471304,0.6518289597631164,1.0746764217746312,-0.9678370238166641,-0.028591718166121143,0.9012482544807836,0.5052221207347023
14,2.8289891769421125,1.9185805797028672,3.23554281654337,0.42069595868705684,-1.275787264145574,0.8804406898562592,1.435127350664132
14,-1.277986940422861,1.1556571513438458,0.4833146351820743,-0.1388138931754499,-0.1625880410706837,2.2317700988298466,0.4260368694575305
14,2.6997265933080032,0.6601851791684589,0.6196162192045519,2.169525792413102,-0.8139526680174086,-0.6398348303688017,-0.5162003984344152
15,1.5827182633663042,1.3151800817459451,-0.27090031764718314,0.8400611584645509,0.25352234081320385,0.46800509042151583,-0.10310278876120368
15,0.9922426157238327,0.42284022877334426,-0.06078590455087497,0.6093089950686821,0.2435221401680395,0.1568811457497391,-0.4025182213013274
15,2.4794112293087927,-0.11830769025484755,0.9757084548602586,-0.22371766747760685,0.719590249915119,-0.1208596372847923,0.33839298367733806
15,2.324286008112753,0.5760057283081356,0.2777682094403474,-0.16434391830459422,0.7727329802351132,0.37880082532674353,0.8383656768317462
15,4.191316289100949,-0.7886142073906949,1.9318410658803946,0.621993832386204,-0.008522864276226939,-0.7683856439437066,0.9694516629453427
15,-2.620138726303096,0.26491711249537125,-0.3322906064748391,-0.45538382362054,-0.3890691549817514,0.22699193344280702,-0.732100697238823
15,4.722032497494708,0.16646619802109658,1.4819432931647127,-0.13198375722763916,1.3282333541276916,-0.8336872667722981,-0.13532223386677564
15,0.03969466621260431,-2.345023214352555,-0.4556555641219261,-0.09180700820422023,0.053012552262221915,-0.8043948547259816,0.8951523905667129
15,-2.427366051564915,1.8966370196068452,-0.23132240166248752,-1.5868090067909124,-0.37626515796566834,0.1067154685918706,0.09509713500372559
15,-3.1918426239822226,-1.3315614348386378,-0.3271176272146895,0.33418889800693513,-0.9462383468782032,0.4114649085150775,-0.39628602408713287
15,1.4088320714587348,-2.6258776395589702,0.2879020299791134,0.5700068425761986,0.2699894833094695,-0.8691215650442512,0.16975806573161856
15,1.050668825682672,-3.4247214715178915e-4,0.4665342268071713,-0.06110336703813276,0.3871505873245007,-1.5509775524794998,-1.6493178416222256
15,2.343164266870459,0.10741229468763565,0.14516108680162945,1.794067199944369,-1.1380526011713032,-1.0263499776756144,0.7029514574754503
15,-0.6973531088851634,-0.008005431230321403,0.599325334115896,-0.17578236916923573,-1.3483544895345732,-2.0002029878555456,-0.3324961824184445
15,0.8302386642193854,0.14056461384812804,-0.7819323423989343,0.578799236784286,0.18419711953861412,0.12901718533308923,0.4343127907736877
15,-2.1863101315376117,-1.1849273379813392,-0.23887851618731473,0.5325981282382302,-0.8188996553310065,0.5847687702630717,0.06870294220811256
15,3.3082531149930636,0.5924971041568482,0.6521353472429708,0.7846790578501978,1.3486152999830716,1.801929145173474,0.2875491741037027
15,0.3438878420906083,1.3806875813430635,1.0380785711181901,0.4177120868164,-1.1071994040730069,-0.8947283813872092,-0.6914322231649087
15,-3.1212416714632765,-0.8387285835505917,0.33834110276502904,-0.19128058046414562,-1.5489031145031127,-0.47253781279155965,-0.1280291955421257
15,1.6074667957939544,0.30587423629278004,0.7093898255158225,0.5633532491604959,-0.06984794011039587,-0.1085088008199023,-0.06870294220811254
16,-5.150173841392271,1.3662498029881935,0.1243986058358552,-1.189887377801506,-0.4825900127219789,2.7486911695929184,-0.4589950869830878
16,-1.327730145219625,-0.4616151316381626,0.3626500909222309,0.15336302847063354,-1.3171843134930794,-0.8517970584113633,0.09295435554607057
16,-1.8966024676571316,-0.05682038147035503,0.20540153790892257,0.9126221673570906,-1.3873760147418264,0.4472107106274817,-0.220564325755378
16,3.244929337365874,1.0502285791454649,0.7777275736206635,-1.5914644251099421,1.1323934534527427,-1.7279742550064945,0.33652294992541154
16,-7.56087535704378,0.10571373539748957,-0.007731831440315214,-0.44139960859273125,-2.0585145268620444,2.2050514451236274,-0.6218204815653957
16,0.1589708737346266,-0.47541284663805156,0.9685023491229626,-0.40296095274770494,0.5586934990807773,0.7258154312822959,-0.35895518982701136
16,-3.263076822613546,0.18498635184542234,0.49018491743223225,-2.062302718162861,-0.38417502805749254,-0.5139070987941496,-0.4978578814033624
16,-4.333598015828843,-0.44763382550698927,-0.009537320333658022,-0.20256487619832994,-1.3256555551919906,0.26113171460140255,-0.8839536434588117
16,3.6225140279721684,1.8699184228867727,-0.11280998753777398,1.407588689570492,-0.23250750957872837,-0.7104771644515616,0.4435196244167128
16,-2.513638340740434,-0.3832236070926902,-1.2766712111940357,-1.4073940689952413,-0.1890512993375887,-1.7194485139527362,-0.27561013778474985
16,2.8127164281064476,0.9407625823556784,-0.6486005990191525,-1.0994517041674894,1.2023016768504018,-1.089458802751888,1.1460511357463035
16,4.765466835824947,0.0011403793980218292,-0.26330756297962526,-0.3930754930573581,2.398833232950121,-0.9114192883414395,-0.09126830555008314
16,3.8057716984080656,1.3303510367346865,0.9356343090692368,-0.059463044387427035,1.822908991599248,1.1413448963231203,-0.21031664932274918
16,3.922493502166987,0.9307243473113922,0.7913190190464766,0.1049254072572343,1.6269914642285963,0.4662087882469802,-0.2793499416312497
16,2.5607452569866958,-0.6487569275550974,-0.8062750127765226,0.18899521809830033,1.615886359387881,-0.3703883080344121,-0.19425512041685722
16,2.0077605201025053,0.2820575954721415,-0.4763227232912092,-0.27820245154774464,0.9287353967062798,-0.2562578614753294,0.646629468091372
16,1.5836588019767546,-0.1458164281294928,1.7371393990269473,2.359196917354731,-0.4545164173347365,1.0722654653495118,-1.6380694589985585
16,-0.36385838810965715,0.5027828581532908,-1.4125170946962162,-0.4476345388501823,0.1711729246136386,-1.0042032544799815,0.12216998207792845
16,-6.72967267473661,-0.04636091061639966,0.17935206317673283,-1.3353566997888553,-1.5305952591051804,0.5994033026957795,-1.2222154120157196
16,-3.118350859629677,0.4703346532584159,0.2776559595745923,-1.5647814860142142,-0.7778326758530361,-0.9343654117263698,-0.6627019768324535
16,-2.2553194613467173,-0.11697910408051579,-0.5017032234076961,-0.1994795571071372,-0.8730345147934118,0.7166537960309823,1.0668154753797483
16,-4.379414186867585,0.9556424026018934,-1.3724904590792102,-0.5396837165672681,-1.0901713023843635,1.2569402629897233,0.7620635135200318
16,4.629612365649856,0.31316694322793504,-0.3935174511261264,1.0495687203546498,1.4126558916517102,-0.4373761965016369,0.029505284824982658
16,4.107073700737544,-1.3158654268548866,2.688524330569325,-0.18719143158200208,0.5000479626091912,0.4568296876463662,1.8140029933966502
16,2.933734362072819,-0.02072967943756282,-0.10976677752305021,0.07920205967962421,0.26450705473117664,-2.2055568895575304,0.20049189077533086
16,-3.055449781501168,-0.3366629047333707,-0.22312096620516364,-1.6176529989761994,-0.011326627982409295,0.32384533359145984,0.10898072509125833
16,2.8102333567555573,1.1164367386427752,0.17936692828777787,-0.23993798331559446,0.9859352916565115,0.3143995155614694,0.77508396636823
16,-1.0611216595472042,-1.1516693368607371,-1.1688159402078004,-0.27188692360299077,0.8846377685983952,0.4256333790453081,-0.2522828236560313
16,-5.960634240437399,-2.0449949677018764,0.7511965271998907,-1.40303650902349,-0.9048618635791619,1.2163341335947409,-0.5587206594980519
16,-4.521996839680119,0.4676753296473533,0.7193961029828434,-0.9129516500284961,-2.0038243514344325,-0.9535624244663815,-1.0517168540414112
16,-5.025143837084075,0.941962064122669,-0.3481451754044482,-0.8731915546892823,-1.1784744370529363,1.3993756067631269,-0.08186788083803753
16,2.037703428341569,0.45291035611670444,0.0593338459343979,0.8271931778427842,-0.4948711190288439,-0.9606769119275237,0.5401899637148064
16,2.1042615002515426,1.3527826505148517,-0.5050384780842198,0.5580268825141992,-0.003242931866004945,-1.6349645595114637,-0.5326103664724158
16,2.7224354274919635,0.9019556877049998,0.6898917314273731,0.6944249499751051,1.503405826863594,2.2059122713587334,-0.2609709551190217
16,-0.1765823724324702,-0.9303101315807845,-1.6587787733223005,1.4058215307340083,0.6347693348750394,0.8164382557039144,-0.6144812434669543
16,0.1503273546342654,0.9305249943468247,-0.22225099823373975,-0.3213945905058415,0.6854446686074664,0.7634749054458589,-0.21800669031571895
16,3.4291446635794847,-0.5887766408389629,0.623421655165673,1.1830569101512636,0.8104782995704554,0.6312169566405482,0.3357863211060354
16,1.33252927559061,1.1050875580454036,1.687336438344495,-0.26573467360159947,-0.13042576701041392,-0.20871165518710746,-0.4566090525404677
16,-1.2731504561561462,0.9928819076323391,-0.9085015015081173,1.1561798684419542,-1.0740831668591047,1.0086778109007977,0.5614844334918772
16,-6.178001958450591,-0.04978804014570135,-1.1186220963598579,-1.2530460240950538,-0.8975432547059047,1.43596770416362,0.07613740770012778
16,-1.4679449271295621,1.06793715834658,-0.10821101006532666,-0.6042029608436973,-1.3572306323636876,-1.5616890521694595,0.16537415758593593
16,-0.5240955264152395,-0.26789752219087487,-0.05751923552857531,0.9134159607661714,-1.2926978061848806,-1.143026361054062,-0.2603822196247848
16,2.3092984917226347,1.0110055990823381,0.7580422519154147,1.6574563478728455,-1.5172073063294957,-0.7225965932605112,0.8713869378552629
16,-1.0805040600644935,-2.306434550190357,-0.1143881070136931,-0.038877583834506034,0.8591760307437994,0.5258316342569128,-0.9471027294345488
16,-2.16719666660052,-1.0513922791383148,-0.5740182834295592,-0.33129145218408373,-1.2146175337764709,-2.3441435889684485,-0.48545358674118433
16,3.9360478568039063,0.14755742455188975,1.8899392452638575,0.6260668408218142,0.6190553806637518,-0.1574294805394476,-0.36231060383556823
16,4.221582781105404,-0.5106596697282269,-0.3291530399914637,-0.1206435846018512,2.3453799306792495,-1.4508508082859828,-1.1545796367807246
16,-0.875143304024097,-2.66795823659219,0.8808778431813633,0.013625698384496392,-0.1980279124851707,-0.34519170047305553,-0.391616451988824
16,2.5680150295669573,-0.835230624377586,0.7444163376592737,0.2522134844468595,-0.1840076710763378,-1.6069904734033484,0.6239186461755147
16,3.195192151427797,1.613958585793468,-0.4397427075878094,1.0895061399478028,0.8387375277559831,1.1704520531664337,0.6866733538516361
16,-0.5942324960668015,-1.2087788900723822,1.6624363583757344,-1.0655659001662088,-0.01450754598850223,-0.27603510161054673,-0.3009505687905739
16,-2.1394050205396034,0.1669380411600694,-1.1557986467489323,-0.4412548088300281,-0.7638332316053561,-0.19470586199609582,0.9277674200889526
16,-4.683213369366584,-0.4938986452237335,-0.9377387387802482,0.6003196464119837,-1.4195383423509074,1.4920951940424252,-0.06783289884820431
16,0.393683587834481,0.018316001759145762,1.1671217990448064,-2.1437579002780143,0.09331186949130425,-0.8648148970707582,1.3816020022737563
16,1.329964583931932,-0.17736494769692115,-1.5574582394419894,1.2954431536829947,-0.42715050303287727,-1.5465606046208158,0.3406809681428289
16,0.4523588644431753,-0.13591423814175618,0.6373571988841722,-0.6485997010131593,0.3923674680100235,-0.6193647512070465,-0.5482413510774733
16,0.03269142070354031,-0.12250815516979592,0.1974495154665885,-1.0443624730897596,0.28201383823658344,-0.6527219224653501,0.2462900935179721
16,3.0003953589608265,-2.1769935894249377,0.7394733207627056,0.16757633723825055,1.2980283958199177,0.3503566144085862,0.852354149821965
16,5.212385007784853,5.59584625123736e-4,0.7814358923201923,2.2337774135915316,0.6002188392050423,-0.31578187266274216,-0.4362163483080247
16,1.7542556689001985,0.12835196484847003,-0.6655509189856059,-0.6722819329648441,1.1364112924504248,-1.4111931251973522,-0.3199622051893667
16,-1.5172555686470688,0.41233668758462805,-0.6844223094029865,-1.4946163190450743,0.0696744125654669,-0.1839800509144438,0.8795939994858373
16,3.6016089747635336,1.3672391729264761,0.8142956135796375,-0.13316009846425086,0.815918700985696,0.5965465819834463,1.2681431024290886
16,2.8772100549922026,0.03676014019884592,0.8883840263337534,1.1702337838656214,-0.2473147844176987,-1.3434200966492968,-0.6336952450533052
16,-1.3841921962323085,0.27077189599186663,-1.1136717334865711,-0.2771102878991645,-0.1536369066886393,1.0009751541879461,1.3180079886723008
16,-0.8065914463249186,-1.42765630977467,-1.2318916943155334,0.5997356446699662,0.07468094169161212,0.7075300816803606,0.7976931341701368
16,-3.696813388291204,0.09957468092566683,-1.074659820989316,1.1566090650977616,-1.110263617196291,1.500480619765268,-0.6858466512535143
16,-4.129454869825498,-1.5554518783576585,-0.014779060289433564,-1.7138368397567545,-1.2055844847250918,-0.3278589204500548,1.3171154382780252
16,1.1981866618258423,1.9984893050234038,-0.02106036388656983,0.6000739753445662,-0.2906612245653773,0.4226084509659594,0.32382231028057457
16,0.42472841892727065,-0.35702256884780376,2.3275918842781405,-0.5170722541282323,-1.401645543378446,-0.8731925718872148,0.981354715135058
16,1.0427345162941528,0.3521608900263485,0.5375786177696418,-0.05959246086761524,0.09568258850789604,-0.25660425262195036,-0.029505284824982603
16,5.952185661163793,0.44133579842995785,-0.15093376265966618,2.2450102126429714,0.7983165984963878,-1.0538720749297599,-0.13556906627851295
16,-2.4319728460677332,-1.3074929817547243,-0.5279401994994299,0.2522683288626775,-0.8824461258974658,1.0754794424441154,1.21168304525409
16,3.0169819506571427,0.46688085739966917,-0.5350564737007889,0.8107789004873949,0.05198905872245649,-1.4482599844089779,0.550191543073114
16,-5.983208133620722,-1.0728999449658172,-0.6198712530947484,-0.9896577532958057,-1.5409822938028295,0.6146877155613835,0.3542520250676865
16,2.2381949187102723,0.458505667493202,-1.0941471545844728,0.4301777249378835,0.9348757256662925,-0.6836456664385607,-0.09557446562982674
16,-0.1333774060370288,-0.6188050908826752,0.17476441098437148,-0.12356810820864646,-0.3571745023164907,-1.0479409029601425,-0.14697900759425392
16,-0.8082232568473904,-0.6799373915246092,-3.189186106435029,-0.23192933770403118,1.5305186122600662,1.4609176716160264,1.4687059990018838
16,0.4274772241469673,0.41420618209741633,-1.1694442418667808,0.5579476569952856,0.04180943606623078,0.1069582300998575,0.5762362474395075
16,1.2489859460325272,0.3664272857469214,0.9915634998467364,-1.5042953697213401,1.8598597477973082,0.3333103700052769,-1.0557572676949993
16,3.7424173534217475,-0.24890666449543072,0.14919692833461146,1.3905277690289888,0.3348866871309951,0.19450927011064176,1.1566179996400199
16,2.8817706782632486,-0.7363294245227189,0.5546310704233322,2.282636006268235,-0.18966487420983,0.6525788149474995,0.30325887406608243
16,-1.026097220264236,0.19400575543486273,-0.5896907024835908,-0.4412005807799085,1.0120649953957916,1.4749183797160559,-0.4208201354037413
16,2.9281889285897784,-0.04875378188008533,1.4095645532064476,0.5188045738389241,0.5299493140040442,0.06202638618999819,-0.23307783625310308
16,1.2241503993293208,0.9595004798729501,-0.297443677420138,2.053861151768,-0.5555199734147006,1.220911194659609,0.29300325064999444
16,3.6710875600408572,-0.6320839359074709,0.587354813049546,-0.882059097299561,0.7022500242759345,-2.3473824887712307,0.9709808235712886
16,1.478103848370057,-0.12306747401737426,0.013673276718640345,0.04712647941058236,0.6308737077800106,0.6301156263664622,0.8236428003506713
16,5.703495873769369,2.2707832168022044,0.47909451687651805,2.3086346362296246,0.3729176737117017,0.42284819776389854,0.3030706444878074
16,-3.2340543598980505,-1.2839164256298503,-0.4414538525280969,-0.9252604693710714,-0.35646358092508723,0.180887564900774,0.13106313625252725
16,1.8987910755936799,0.317251422360256,1.2440078054959554,0.9554788215237879,-0.05022660057336227,0.1270994373627615,-0.7095080348585997
16,3.0882089693034116,0.41065051423109483,-0.5176337344305424,0.47350101025341307,0.8788628089079907,-0.4576253907231577,0.47491492269914803
16,4.6711722126823085,-0.4488904998883459,2.859936633839475,-0.36312945693810134,1.1246874852387267,-0.623076067904706,-0.2920760241880008
16,0.16694828164270747,-0.7096760630287375,-0.1617287350634975,0.361853678481415,0.297891244345568,1.0956475467052036,0.6405995885125189
16,-0.9498233781897745,-1.4572040610405448,0.12612649380574875,-0.332192091893926,-0.8068748556350716,-0.18665677534859276,1.5780332322871886
16,-0.2973089242748367,-1.4175964500040308,-0.6201436027520647,0.7603846590646597,0.7538128876314433,1.1814808095237037,-0.43508905085692884
16,0.6599443805337133,-0.2640206905207176,0.7330286250070769,-0.509569485214936,0.1498933531026872,-0.3869387950713825,0.1365548273326422
16,1.5910891171165615,1.2527868090457965,0.18887948009515707,-1.7571523211675015,1.1373716317790825,-1.013481183699127,0.12332026699246634
16,-3.138510728543454,0.05370768409862835,0.6353313252383106,0.8131977178061227,-1.6014260500068902,1.4465621357742753,-0.37107823675220686
16,1.0898508383845784,1.5457197071244633,0.713170709295136,1.1323273208838078,-0.7441601535161317,-0.09849012600554008,-0.704840524771778
16,-1.691787045030002,-0.6022362887645856,-0.7688877414492151,0.11153896347961013,0.5326564413377992,1.2172807329365236,-0.6371217541569845
16,-2.726382986018467,0.5786026002313107,0.8258663769731084,-0.830126638963554,-1.3529349830292288,-1.2320034797080675,-1.1224942183115094
17,-3.945305531891652e-4,-0.3367352451886827,0.848284366708695,0.9996544363106862,-0.1308346351129206,0.9166668220547793,-1.0014568368529515
17,3.0844893682136316,0.7592686412998896,1.1922633153408824,0.5521094624760144,0.12122211918923301,0.510265148781819,0.9522484489121352
17,6.797428904463027,-1.8741046106423083,0.9935388153723688,1.74588497893553,1.8617363450943818,-0.1290371347051622,0.2696051011145917
17,-3.399616917202531,-1.7151138043256082,-0.17660845253494342,0.6204840142988187,-2.075497046124314,-0.5053698877502669,0.3494466205453495
17,5.093825798639372,0.022794423145188942,-0.027116801723377194,0.3226237621576247,1.0372007453395793,-1.4096109254822298,1.1415973293923294
17,1.2279617192174626,0.12061884040648935,0.3049633744746401,0.840445369361455,-0.7603407004425099,-1.5436587030658806,-0.4209564316834653
17,-1.0579606288279462,1.2190511273514262,-2.1262087750319334,-0.13571156402088888,0.9421716809373157,0.6986202251913726,-0.5234332081236515
17,0.18909407933180278,-0.06146445504578812,-1.0041808856579402,0.7323060877144312,-0.4474088191382142,-0.3181260711301697,0.7022396280872489
17,6.994427525672801,0.5079676911661161,0.7968631231798042,2.0051720780525426,0.8617081576983517,-1.5142947278232428,-0.3018886033888224
17,-1.588869698551989,0.2732833541975099,0.24711956317741177,-0.20808861287371294,-0.22192460273239042,0.5153793857559857,-0.7012694282968197
17,-1.375476974536269,0.744498787583579,-1.3026742839495293,1.03446706476585,-0.6104517477212428,0.7896067965197604,0.013757610434941725
17,2.915505156658453,0.9161528390327163,1.2889784981618642,0.024837182346865206,-1.2282278091299061,-2.1510031753038317,1.4366469084159135
17,-5.13690621959164,-1.3337030139578905,0.48978062605894207,-0.7478933787606373,-0.9976043719199084,1.83821878632785,-0.004567740363013328
17,-1.3351438093607746,-0.6834954732485389,-0.6023534541768537,1.1336902950401975,-0.36288462291637635,1.2350854976217476,-0.13072331766544742
17,2.3275619518626836,0.9186706299960415,0.011292028561473547,0.459163784267842,-0.04034926987257677,-1.266259631954038,-0.017372160307458362
17,1.4552709210655008,-2.1669918070515957,0.06683173560557905,-0.3168103685015304,0.5143316493305833,-0.8042210180492347,1.114266325027614
17,0.3404436179843342,-2.568864695178674,-0.2978692712660267,1.7615918543276687,-0.07625025079467525,0.20834948334678305,-0.35879255971567137
17,-0.7946010241947694,0.13621451289178846,-0.18283323230077414,-1.8565818582663394,1.2324209776888255,0.3644119566810447,0.004567740363013328
17,-1.4701770256285311,0.03353699548577097,-0.14829017353312945,-0.06285536597622342,-1.239866664601238,-1.1905332133086335,0.044827815019890416
17,1.5390634392584863,-0.347424126184933,0.660093459318623,-0.2084251076332098,0.5548753360934101,-0.6371049807103628,-0.38153594841503846
18,2.23431212314178,0.8689835015403152,0.1972338038891148,0.34317030974390716,0.13438460302727173,0.2581208186311583,1.0771827164432617
18,0.3052016317059918,-0.0051732522936425935,0.3331692811796973,0.6747474902850386,-0.7034212682359521,-0.5480267116229774,-0.17868643390551553
18,3.32277488020494,0.09104053965388392,-0.3611043838785491,0.4372136524277631,0.7649424585489935,-0.6491553625451503,0.8034982359717653
18,4.231498434354728,-0.7575456732041344,0.8223250563031547,1.2509500338970894,0.8197638213518074,-0.18583554438164468,0.0861579767227475
18,-1.8877446097785116,0.2951470040622641,0.44579358311539014,-1.249182449059934,0.9038436724153321,1.7147612183762808,-0.7002641477895164
18,-0.0031146948623281268,0.9987045838368589,-1.279140945526024,-0.9565868225412864,1.1437910848979933,0.17221515950304417,0.0961871822642536
18,1.7517464564155822,-0.9718912576223272,0.6596177306487556,0.07391983381649765,0.2887536018195806,0.22243846053284616,1.1121258607469287
18,-4.599665111531659,0.9992462994741322,-1.2989964253987762,-0.059734545190857934,-0.9432638426423707,1.5918410904903342,-0.23232124230858753
18,0.6990009371746295,-0.6496967823556096,-0.08377933183367343,-1.1508677063775643,0.13321826112248822,-0.28769490592288927,2.2797987915845885
18,-6.259451699016245,0.4302026107284042,-0.27347447668445424,-1.7537972647520734,-1.7621369586184579,0.5177252545902593,0.47161654125929275
18,-0.29480353468214404,-1.388441939508748,-0.7988632781691223,-0.4716324916703188,1.1508046393860547,-0.7230908522543888,-1.118970680279668
18,4.879843048313353,0.17114605416889625,1.12619804153917,1.6451753779402916,0.5056672266989083,0.8483555753698278,1.0373300347513081
18,6.713614297056409,1.3107014679088194,0.025803207837453365,2.244163630391076,0.7026958390144712,-1.3469812083717374,-0.0861579767227475
18,1.280807667641016,-0.0782464873219648,0.5185670970969573,0.8352053463036242,0.16108825652270542,-0.05582606570353009,-0.8294467839993356
18,-9.89542897565238,-1.5827634676954012,-0.045195276933462,-1.620327233642133,-2.3912239889722926,1.1277179794983174,-0.7181951569651135
18,-2.2564809698161827,1.6313664398682597,-0.8843054323511028,0.7496149340603253,-0.60968661305008,1.3384395225258374,-0.7544684098637007
18,1.1073285047665786,-0.8219208193309483,0.581194816879208,-0.5401836156849786,0.9443235714869781,-0.08647127211102912,-0.2277488940046727
18,1.1573989849751902,-0.9805033491518534,-0.7968534233270803,0.12800250404928318,-0.2736943601571221,-2.3897436366186247,0.410145410499892
18,2.155564977339144,-0.6155044171562626,0.8495509491344659,0.677509852574167,0.8370358255243164,1.6452488735978852,0.5686786804708108
18,1.3246817757475957,-0.9955644032630494,2.4170706111630915,1.6599327828158983,-0.9376239891199623,-0.6225417044790992,-1.8317995342469928
19,2.9015222945539803,-0.6992281061440976,-0.8749385485152658,1.025579137519401,-0.027535033410561082,-1.355619064684228,1.287157191999087
19,-3.803996347789306,0.9964515296663964,-0.2505702137892256,-0.16631357885009054,-1.730918038637428,-0.06004596000457284,-0.4003914132878594
19,-3.2585808803161322,-0.69274535356833,-1.5378837217471535,-0.7915670794404034,-0.8093974457819597,-1.470907592060168,-0.039086563120456885
19,-5.553398827288219,-0.10348304683869666,-1.483533812217346,-0.28215227962552797,-1.3786998656373401,1.1167059638451509,0.27921062290659926
19,2.996434867628081,0.6038660643187141,-1.7447381269926998,-1.3333659056998157,2.8487440332963416,-0.1681466097544687,0.5736541446639951
19,-0.6256078551364035,-0.6080449833594642,0.024235678372867615,0.049697012985321316,-1.2796302803049957,-2.69280124922705,-0.5539072499245794
19,-0.09764997940953746,0.08486612051999158,-2.7416138801518235,0.5037975318251371,0.6213930952275464,-0.23847909081459154,0.36456926147490065
19,2.63278576921857,1.5779901987474942,1.2545086927393836,-1.0471278347710737,1.3414942424408578,0.21141113251488688,-0.31160362310477935
19,-0.14404621334937584,-0.46365374370561213,-0.6506211975530959,-0.8694705042016324,-0.3238117221113343,-0.7712505980931201,1.9189804584885235
19,-0.3009506814613581,-1.1585270058969916,0.014669756211989538,-1.1084187008424273,0.14438347086705589,-1.265809656792095,0.3716945180125825
19,0.04334358400480154,0.7236856409779319,1.1981015491188296,-0.04044595825484677,-1.0818527839307632,0.013026188747016441,0.7207999083878192
19,1.9061446328978267,-0.7845406611832841,0.3012190566837096,1.4165747755072318,-0.005977342073460835,1.2238854856430033,1.1081739133348363
19,-0.3176734085132299,-0.2684000255202661,0.421688779118986,-0.6326938714512333,-0.36100568408918143,-0.4794622223560817,0.5864277781270484
19,-3.362757029509953,0.5077992658240374,-0.6366102028341688,-0.6285581941891494,-0.7533445382033774,1.1103089886686253,0.5797888967713015
19,-1.510422224249783,0.46133100390163756,-1.2942583927076443,-0.025326160634408047,0.596977086486986,1.401203551904915,-0.20159071361040232
19,-0.3846324657941807,1.1794495855640463,0.6415732519823266,-0.9754763357130308,-0.8327393706860088,-1.2640626274509352,0.24870010693209815
19,-1.5901575922805982,-0.6793963334141705,-0.20300577965444044,1.01497226020659,-1.5450246757183386,0.8656131523374896,1.3857504675452093
19,1.658794201793334,-0.3186115699662488,-3.8484026999527356e-5,-0.30190730665809185,0.8229902373511722,-0.10798056494520632,0.517038391143045
19,1.8878535908795513,-0.6580192938645024,-0.8245946417947355,1.1310543674244962,0.201997905093491,0.24576190325574038,1.186642421538552
19,-3.693545819161065,-0.16261598027562785,-0.5567094004343321,0.6394515781253842,-1.6228482865678875,1.7551962566613288,0.9861870340201082
19,-3.336833696047689,1.9893491197331277,-2.291427502762763,0.7949587847163432,-0.7038228776304966,0.9804950748102368,-0.844378100154775
19,-1.7029921811340423,-0.06105194109695864,-1.6523697768090824,-1.4791374554966783,0.8512460998955732,-0.4824571248753912,0.013660424801999194
19,-4.546380903784521,-0.02780998391825873,-1.5712507016398336,-1.6806807188763382,-0.9975123017693543,-1.5008317349322933,0.05398873673536386
19,1.6332403757557612,0.5115258933011217,-0.18030512460142184,0.058975474915192144,0.7748947949328784,0.36311390999948684,0.28264366146756403
19,-2.843874544001002,-1.2167533832735484,-1.0663996645226654,-0.3583040195326213,-0.3274745973472363,0.5275726615036732,0.5508796976555157
19,-3.9605116047193247,0.9536010270801627,0.3890905322970117,-0.33924985425409215,-1.4179570408235085,1.2135744126533836,-0.26803937487487844
19,0.31726566033134074,-0.05836404519018471,0.03523359867486606,-0.10219791300328282,0.4708003621994563,1.429398333459556,0.9523085628171345
19,-3.9632048454219686,-0.7049461720784524,-0.4984545154458114,1.600584139312735,-2.488903613905874,0.2154588527957243,-0.3198873722985615
19,-4.550740386101163,0.3743158218653198,-1.6054317144697037,-0.4618030353915382,-0.6468398515516596,0.1675529979829914,-0.9785293283905019
19,-1.2455456612658422,-0.1831673171581619,-0.6709324033534196,-0.6176235402417252,-0.08598420091398411,0.4407239406716755,1.05609805352889
19,1.6667658545783828,-0.15161476982792096,0.8927258999853226,1.6273390350955486,0.25092191048900697,1.083446262955782,-1.0095587711585343
19,0.764401639320055,-0.11487463871665156,0.4767994431530475,0.2236554767734067,0.257003679755467,0.16740504659099587,-0.33704601255471495
19,0.9476230781279573,1.5472052142196446,-0.31186743730325817,0.24242020791743807,0.1145748622952072,-0.38905259653389485,-0.4959447246790734
19,-1.3261878401403904,-0.5529098649317526,-2.2443588676285815,-1.295032700996711,1.3849602587494134,-1.0541817311139934,-0.6869272371636863
19,4.639446700388617,0.9542596772454678,-0.48620073194171903,0.7492416517244908,1.7146308157218138,0.013639232801795057,0.10903271747903392
19,2.4811361376544503,0.16442010747875274,-2.924291132183813,1.1686553865312979,1.8319449213154118,-0.015277001633187902,-0.10893270796207127
19,0.23440628098297966,-0.27772541082898605,1.773842681608639,0.7142934269358597,-1.3113128640566951,4.1872417518068033e-4,0.15103061667361523
19,-3.2520655442988042,-0.644419619223862,0.03371243897734452,-1.149567389504029,-0.8064613007931047,-0.39416297160344554,-0.020457459425410218
19,-0.12577128148657257,-0.3671060097372649,1.2610659522987342,1.4503747514910161,-1.258681845214423,-0.5910024844358288,-1.452485150160181
19,-2.4731902580482106,-0.27591332389643364,-0.17396089108761492,-0.2977832746966591,-0.41844567110898523,0.9259726906967319,0.04826623994731205
19,5.89409370295656,1.0906215035097013,2.0755491764516893,1.8366111442394086,0.3053405812212122,-0.14347035956820195,-0.2358344636197181
19,-1.680339567656065,-0.7813729211361035,-0.8986418359973674,0.4647404299478908,0.18706179676923032,1.5585374038404407,0.09629189428949786
19,1.4074075848526364,1.643323733764381,0.8379903215015615,0.4162792504241945,-0.23119240916405556,-0.7829443174621397,-1.197222978301436
19,3.856431636277418,-0.17078522605100646,-0.010943631988931732,2.0076740173243857,-0.15530142668351696,-1.8439472734689404,-0.5920875647966326
19,1.2721687788485811,-0.6536419101069261,0.727129908185823,1.208334331614337,-0.41808374042321955,-0.1599725733817303,-0.2644467642405754
19,-3.7004199679359266,-0.707909530538924,-1.3252312661326866,0.4606900154138638,-0.8606496086486056,0.9119439740439729,-0.07902576831338953
19,1.4053853213429894,0.18810548635675345,2.238163226838609,-0.7860635599311393,-0.73364706790509715,-0.1534800720729863,1.5660787549599209
19,2.061480562325461,1.7480347972226138,0.30243627387721117,0.9016340408718229,-0.829051291306179,-1.5788616910830882,-0.38818327994152185
19,-0.15304825804086902,-0.22426083915478806,-0.49671297563809536,0.7687155819507753,-0.5072110779543834,-0.5826704013678884,-0.2655264812106642
19,-6.062990363866705,-0.095715548183244,-1.186225009563184,-0.5131579824991185,-1.3945409942264793,-0.03903860532958866,-1.3091272233398519
19,-1.0012503398866828,0.20507240487913064,-1.5253416354221772,-0.21916065389972775,1.2328758681231908,1.304306486774397,-0.4111491755264641
19,-0.4203150176573649,0.06341169807273954,-1.8163370958065999,-0.2751434509714114,1.9511169904928574,1.1233024379735765,-1.0019001374421561
19,-8.016834005108633,-0.7416644306063248,-1.71753992490193,-1.643771507069384,-1.3088843568435864,0.8111161227817013,-0.03391976783058931
19,3.1481068561606116,0.9882911991313461,0.039712049725824046,0.6782662504891791,1.2555209348777483,0.47138211768247407,-0.44280992093767685
19,-0.8579055696352829,-1.230524232564991,1.1215564693729065,-1.4886094910311651,0.11324414395199878,-0.8136003610147868,-0.17137433509773087
19,0.35396427000009423,-0.9800803618652131,0.35391566095012567,0.3454580049783489,0.02675454581810777,0.8111522115512704,0.7295449024301066
19,-6.879571092781056,-0.4154313328798175,-1.9320949722785707,-1.5465474955377105,0.05845696541787715,1.2184010856261687,-1.3184520559655972
19,2.2197194400998557,-0.27844094049977003,0.08575322495510068,0.9564136291268568,0.45715365045016726,0.7422001006460311,0.6664590414500514
19,1.9732306559692678,1.0540993475430864,1.5000679494198228,0.8223787506678082,0.10271365536439049,1.1765431220517906,-0.316339281900801
19,1.479361163368936,-0.6230589518838203,1.0146879281321124,1.8724581749644353,-0.86091686566605,0.30410729998282043,-0.006543519952998622
19,-0.7868910819928123,-0.17819182225762573,1.843909329426919,-1.1858288858012667,0.13809993324237915,1.0185514450334276,-0.020609593040349428
19,2.636396906918363,-0.33238570527836914,0.41958246226038004,0.9548997969884682,0.8745396270621474,1.4035685777628464,0.6051469254530166
19,-1.9015290882154021,1.603883830781262,-3.289375848557569,-0.2154248577885773,-0.23590953960605765,-0.96828360146562,0.4125776093808966
19,-1.7839213397762952,1.448821460787117,0.642383067114167,0.21595839415601603,-1.224420655357267,1.5191319207164138,0.49332050291290286
19,-4.810612265113638,-1.0583996500363815,0.21309363953319232,-0.41416433347832476,-1.6513026861456097,0.7648682995558399,0.19421409243590726
19,-0.35604947381141344,0.4365143383455035,-1.7182887639907967,0.4150462688502446,0.6227056351297012,0.7053717603425605,-0.018626792185577334
19,-2.195226772441901,-1.297201473882418,-0.13145223466552533,-1.1113448236869117,-0.06392130432926534,0.07354776992798255,0.4532338132817143
19,-2.7362278193393372,-0.8290734302734564,-0.6718794713276246,-0.902131112277193,-0.5932431130866327,-0.9550125259823159,-0.06514126426824579
19,2.5700666627235957,-0.5816112423714058,-0.44346489424291924,0.820606953567625,0.22560336352255206,-1.2500898049108784,0.3721302158447981
19,-4.682608948191481,-0.8473018089319372,0.47127076809131657,-2.8861491249848563,-0.695993002502861,0.30269704161751465,1.293677922283693
19,-0.983944858403099,0.22859329198010325,-0.59186388659965,-0.27277306456448824,-0.08236858757501214,-0.14433563657324644,-0.07681648236999067
19,-1.724043730602754,-0.31318566644450513,-0.6519158873195938,-0.4440305065147108,0.2858760830753942,1.0650297720738684,0.24378835563423853
19,-3.878292612089959,0.30620212812261816,-1.4567638527519668,0.7465111101552026,-2.0388929744933426,-0.01632053576923863,0.36706892458534257
19,-0.13336891976050502,1.2296375572008855,0.1722846004397454,0.43062132466904585,-0.9843205281140964,-0.37108650223327183,0.03115026819065908
19,-4.622601379937675,1.1711029247126825,0.5509655159772924,-1.3542578460074146,-1.3216367775762223,1.5113711153912959,0.4269130812835543
19,-1.1540848392000103,-2.071288645096397,0.5717220405896047,1.4828803594408646,-1.237309856921685,-0.26534273329572233,-0.7052061158550658
19,6.999166950044633,-0.25441171030179266,1.1891793477304067,1.0557282438841047,1.5525020717048226,-0.6744601111233467,0.5741368371059737
19,1.6946440310569084,0.47639654010207455,-2.3653338150466188,1.4377351509720873,1.1836040503004488,0.6715592775152279,-0.030471973491310644
19,-1.0671915631372646,1.1648359123801983,0.033224041179073203,-0.9728998130114416,0.7643355234213302,1.5032201639246283,-0.2489347239073067
19,0.09371302305718543,-0.5705154441844335,-1.3342976808927893,1.9046176926934906,-0.37078334426277865,-0.9768736149327925,-1.3789650394052797
19,6.260905544073327,0.1278279286399793,0.6087857927439535,1.2056219963167782,1.1845286131042172,-0.27321695542938784,1.1374986108963936
19,-0.3752262930634602,1.632058629889077,0.08002488472714119,1.1567976037793417,-1.2211438813934645,-0.34533358028812233,-0.9095227159053458
19,-7.123335289043401,0.19899386967598445,-1.06872802248799,-1.2101731837622751,-1.9959740469955427,0.03279476857652514,-0.31410156318237975
19,-5.599102554863158,1.8759030678082291,-0.3775536641951963,-0.06802923174805232,-3.027045718763992,0.3311783392115409,0.3278131997895267
19,0.7955688357122335,-2.216755134939141,1.4028806752432745,0.1882786190442987,0.22731354438106285,0.7300686247158,0.49408933532575555
19,-3.1510671939075245,2.03387780206071,-0.5414419464129464,-1.3685079695636062,0.03647060906655669,1.0470649348916823,-0.5996784774209547
19,-4.536272962155175,-2.374986141609569,-1.7249212477218694,-0.2014704622978994,-0.7900914666439663,-0.729642170281023,-0.4711121871747624
19,3.5681577026346387,1.1330827096108764,1.0891948375339575,0.7775012473493201,0.48915850007999956,-0.01396033922748298,-0.24610770011621935
19,0.954511443220956,1.0632231608770388,1.1697636050838904,0.3149032384112141,0.042367299856245294,0.7876060436607856,-0.5163471559699802
19,-0.22107760836818433,-0.37990728255521505,-0.6071567301014147,0.2412647764062737,-0.3025585518269617,-0.5944774830102781,0.2247752190450724
19,6.332419970682196,-0.33100059407684623,1.6541228552287883,1.4468059348376852,1.2742216233877999,0.45631882907664156,0.5814640925363446
19,-0.9213857617470016,0.35554808191788234,-0.16608056639079252,-0.754624453299219,1.4399487710621581,1.7441840941250362,-0.936856004365602
19,3.4344658109219184,0.16988859903547227,-1.2740189913918756,0.7930903777043771,1.0424253677099355,-1.3425106808666223,0.006543519952998622
19,0.3673665991410908,0.23923859382476062,-0.30604085775379897,1.0676292403501235,0.5965906808655116,0.7242091668135303,-1.516627895460169
19,-3.775488394368074,1.3140065615768561,0.25434042517813804,-1.3071206716741237,-1.0014653521265928,-0.07222679273901642,-0.7954471813092852
19,-1.3012924266469752,0.22927497679137593,0.5624711025017477,-1.9906878449553178,-0.24832651639744657,-1.001183376194071,0.5031004064893881
19,0.8362708845366269,-2.0642553710307032,0.3851385267306814,0.9605748050771548,-0.044405573289462263,0.2633128880695579,0.3945218703540473
19,2.261234254902836,0.41627418952243006,1.236179154524815,-0.2507159131334738,0.14958578345487955,-0.0494673636566712,0.8443529447505866
19,6.7415485851060195,-0.32273060276782967,0.23093200472997322,2.3952013252532147,1.1179133820387182,-1.0237631551401627,-0.18041002533745937
19,-1.0092263811088396,0.842913529277499,0.5167751579491775,0.31863436355217056,-1.4194705124407005,0.019875783899829375,0.4334069597562079
20,-0.801575854798185,-0.8164734020870856,1.0799156392379694,0.18995055217520632,-1.6840708820468981,-1.6180367029769749,-0.008075560138599974
20,-2.946012803730641,1.0220611715142087,-1.538575671624383,-0.9554360168338752,-0.1871463282475143,0.3791811522333948,0.2681601161158744
20,-3.494829207815788,-0.6176476747855909,0.13796517763314825,0.021324203608894924,-0.20527803543821338,1.902250480506439,-1.0431503020866173
20,-3.9974930145082235,0.4997156462390505,-0.5961696848601207,-1.1788341728464584,-0.7264854068327438,0.601874266947382,0.17191518711492926
20,-6.504164038284044,-0.13684747912256573,-0.7685131982263428,-1.0816752969499974,-0.892317444171541,1.7323497004047352,-0.5277295663236046
20,2.444239569667606,0.6013748051028676,-0.16074859865845026,1.8141460993570304,-0.05266103122110967,-0.14686955337995028,-0.4584658741986545
20,3.7645695336949063,-1.8489623740964942,0.0587806858326671,0.774055477159116,1.7837820004819862,-0.2728682414275878,-0.37124542321974774
20,-4.5924160720206775,0.2376772147980511,-0.3690253924599555,-1.5793249754481387,-0.35100706984000934,1.1474896119506388,-0.12373807215688293
20,0.07687850281260267,-0.14930939641553606,-0.7476747570793594,-0.2376489075546133,1.1273350100927977,0.5053996700623726,-0.49358903069157267
20,-0.41850074447281504,1.3873345891717501,0.7290493010526783,0.13115627631198615,-0.24638911188302895,0.8010374749874334,-0.7441360558258565
20,0.8549759036632907,-0.33132120445468294,0.661118609918134,-0.30746645676534384,0.30951741199784355,-0.13526129156241898,0.06642146556240788
20,6.556737657393945,-0.3880606700477306,1.6488193608194293,1.0952089417744975,2.1738783669625485,-0.047630325325921,-0.9362518403143826
20,2.354161478781415,-1.8389529244898641,-0.9887464098809488,2.258791556149922,0.2949416649486722,0.2501026804495156,0.5344163672345837
20,-1.9513899532862544,0.16423413128173547,-1.0081245202202065,-0.5790156059301986,-0.6483986179285224,0.043554364932139565,1.1834925109775665
20,-3.1816678478661418,0.6189059741673272,-0.8152057486375064,0.8447331135149927,-1.7065296220843182,0.79144564883068,0.26149013641452856
20,-0.5640793408702834,-0.2345937043964212,-1.147364722629158,1.1182915951115178,-0.5130881923020244,-0.3679481822908325,-0.31862695639697547
20,5.327147447105094,-0.5833119105997485,1.984131937168784,0.4061520759372391,0.9978672714218219,-0.9201854369889791,0.10952337149770301
20,-3.6456270776977244,0.3603320770105473,-2.509542894578587,0.47034899560150156,-0.4654060947777884,1.4795855372078044,0.3886240117367178
20,2.5281642068327703,-1.1963427433008953,-1.4118043450584077,1.2261804572095585,0.8153565449713445,-0.7378562051922001,0.3302999425923989
20,-1.564025875577719,0.3147243901713509,-0.7593339686088406,0.1209337455385376,-0.2404036548314882,0.2883442729673242,-0.3743031377320596
20,-2.9643243041606064,1.0123873950143967,-0.23963416313069352,-1.978264329255182,-1.4024513236135188,-1.8608098500140353,0.6806054525586638
20,-2.1883954312500826,-0.16440700483807655,-0.14794501066046967,0.4472485753837452,-1.8960964507653855,-0.6437019236402571,0.5193711966443215
20,-4.677428932301782,-0.38829152370944847,1.0148114849663632,-1.2877657257892652,-1.010235530027805,2.4213801144499634,0.8754051077760493
20,1.1288655983642628,-0.3491469391381519,1.2807926944146741,-0.6121717467073899,0.007415353598662146,0.09147241625079862,1.0175457026332237
20,-4.026758376965853,0.4859236680628092,-1.0415410700982823,-0.2395182735131017,-0.49676568721213554,0.8164411126015798,-1.0589292436034716
20,-5.34814280625436,-1.2729485042131785,0.22509645964207312,-2.122112100456752,-0.7872637348151614,0.5431431823345878,0.3640737888601947
20,-1.3534157712723323,-0.8423512474540871,-1.6880040103167673,-0.18359503905066385,0.08964062704841805,-1.4197071807972428,-0.5678320135466045
20,-1.802280778468938,-1.4932176379164839,0.8915205811791408,0.8871069771573789,-1.0928044440599545,0.8593604653770105,-0.232883652928986
20,2.3616803521650667,-0.26692290812974623,-0.8742871657700765,-0.622807288511613,0.9685427791606114,-1.0216920662397997,1.3448622802064132
20,-3.6888981601027804,-0.0378021283944908,0.44484401907196836,-1.4864914283608992,-0.5978745234126283,0.7128903920580308,0.023535466447132197
20,-0.3081426013456723,0.08609396739403001,-0.9949638632862082,-0.30193176796141297,-0.1741483500154024,-1.2056142500654754,0.23935438015096985
20,-2.585913929122372,-0.16791378386536812,0.01689288211384803,-0.5734653037292303,-0.9036212923800022,-0.031559204116791806,0.11703141693352165
20,0.041485880534766095,-1.829270891172151,-0.007424580682063622,0.3108736219234459,0.5475580108969288,0.5302650252447813,-0.06761552263133996
20,-1.5133403022290697,-1.277043736414745,-1.0727686386605817,-0.6215607043308281,0.3747918489318077,-0.32608483129973287,0.05462273197177828
20,-1.990440632088128,-0.2959198367751654,0.37961270542241304,-0.7012633423940646,-0.444936363904856,-0.14472534911632803,-0.4250510268384775
20,-0.6556656583683793,0.2758060499167905,3.2759082989688784,0.3576909604127071,-1.969347984297672,0.5729530534928156,-0.0943644008265539
20,1.800780470805183,0.18796474429713847,0.020357300743671147,0.49584505779149557,0.1599586575241813,0.7202238261379035,1.3429797223152402
20,1.0946797890497488,-1.0487148214623425,-0.41621940371551036,1.1450050070927213,0.42582808401338285,1.5178881249789196,0.9839810498095024
20,0.13387213482840976,1.0216775013177601,-0.5151868277326583,1.065391994912426,0.4909560256702178,2.8247187643465455,0.38293893253965927
20,0.8769960608090017,0.04536309995149248,-0.3605014713865323,-0.6555733748519467,1.0494802263222038,-0.11273842983907974,-0.013522837985779773
20,-2.5095690996498994,-0.3492295608991199,0.16880673796337495,0.9055959021843621,-0.8197974331803513,1.329461180137573,-0.8930988639419818
20,-3.0154624947887614,0.2686635242145364,-0.8717520814816233,-1.3247384706070882,-0.738381470699821,0.6926591145561694,1.8784875864520378
20,0.044880225411649655,0.8527895392347942,1.521637743723059,0.16004340764402739,-1.279150683501915,0.06994385986908931,0.48502782747807194
20,-0.30147236877346817,0.6020549647827687,0.6023843534541371,-1.9872619729065484,0.8575476751784826,-0.052837844245267704,0.008075560138600002
20,0.5745560792860503,-0.3959553616352148,0.9234126391550379,0.4047043233699952,-0.4595810930447279,-0.9966015901442767,-0.8353747681611939
20,-3.6216698742490876,-1.1810690231307217,1.38365760106013,-1.0734286737769487,-0.7977427892964579,0.9910339422023651,-0.21813043228315337
20,-1.1495210321458402,0.8629339713312693,-1.089346166790364,-0.07381476699241038,-0.04615423381242615,1.037041355678931,0.7484301227712883
20,-0.7118549795062441,-1.04514527242289,-0.9369223091266242,0.2740330573180195,-0.19097574869507963,-0.5019535880635715,0.2165882891813835
20,-1.8773896980331566,-0.6864478502881222,0.3285280600715207,-1.4998700588983347,-0.6353358730670935,-1.2012512219950868,0.45653177952598595
20,4.950063350743409,1.1454106139211708,-0.4798940283021194,0.897805220742601,1.9664449009034726,0.03028835239657463,-0.3920572084393289
20,-0.5264250767853643,-0.5271610393687225,0.5111605724342521,1.0964873824296244,-0.7405082061172336,1.1170633792864733,0.17934358834124872
20,1.3228365503665942,-0.2557845415216097,-0.06976080872056832,0.277361276663907,1.1414000474159767,1.7406785095429762,0.5623261295631296
20,0.7411337905446653,0.4730754989004738,0.7059400847467927,-1.2351754910404025,0.6000305389787841,-0.556531541211859,-0.1051734262611877
20,-0.45430482045447274,1.3351698132161554,-1.6070715804514302,-1.484676834823975,1.816364258186324,-0.12018183029351993,-1.0407132410413258
20,-4.148695188668914,-0.9841440750446719,0.7027523353043268,-1.5035264831850594,0.10987227913102256,1.713232579615705,-0.6105977403196564
20,-1.8651314606965335,0.7431831264299564,-1.8455323861654156,-0.44632250325216055,0.009028066688429542,-0.4029612466996236,-0.1427242629443377
20,-0.9526354845525868,-0.028645061086293198,-0.018332363878019692,-0.10674158246360421,-0.6161883570103553,-1.010278036594904,-0.5377695390102075
20,-1.3169290705162453,1.4210886902200648,0.47049987376907304,0.35312376485331326,-1.201807000284549,0.3487976831747041,-0.27524725293151875
20,-1.7642559861496705,0.9605989196028687,-0.7948565735663631,0.7957109912679599,-0.30164304485989407,2.377727816957547,0.33774854739065385
20,0.43649531461061053,-0.04641160584387711,1.5006998999035521,-0.518481877194195,-0.5931287608211641,-0.7521633098647454,0.17081824519787225
20,-0.4274677846757271,-0.7547402416381225,0.21812744165915296,1.101091467831939,-0.5159932915731462,-0.47308565120942575,-1.3609613753268608
20,-2.1582620216912964,-1.298289429747821,-1.6097585997238475,-0.36976808587064747,0.37283578264485895,-0.10388751123498804,-0.19426565481227354
20,-2.832193773657526,-1.0099480066788897,1.5619411814292505,-1.5007567879988524,-0.4471699997002666,0.059077996032468064,-0.6846077743160524
20,-4.923355295925324,-0.44225535662310667,0.31059148825653604,0.7134897878053785,-3.41378800539887,-0.38884985880278927,0.3556723644165761
20,-0.4227635641380302,-1.2075660600066163,-0.2761657020901903,0.5569793811750994,-0.20899787818783006,0.4783601048662169,0.5180719574346963
20,2.2584953409740303,-0.1434483254406457,0.7249997085763072,0.11795116507686768,0.188237618848249,-0.6560898104694207,0.39572799933682573
20,-0.24296808463773356,-0.5357420960954512,-1.2502154276021713,0.49119909789117994,-0.0706717227085059,-0.13465147208250594,0.5450117175098993
20,2.953598351076225,1.9780656121355837,0.0016706241026602448,1.4301033138926054,0.20101115036719053,0.6759576955575384,0.09167534489002216
20,-0.4669933241608056,1.099746339883143,0.2831324713256725,-0.3301112262686287,-0.4503450710823168,0.13191003687722472,0.2277680530167518
20,-1.3567909390355917,0.5082795063492714,-2.921296015485317,1.01000141216471,0.9523721854223778,0.689808756238025,-1.4195724095787061
20,-1.7254314845557421,-0.5584923557529651,-0.41008878593333836,-0.5508573216070337,-0.33893973546072936,-1.3906440939891775,-0.9225751614030894
20,1.7122629503640776,2.016853952841893,-0.6906194964985877,1.3848165112120854,-0.45874346760672796,-0.8302332840770369,-0.5955156452399906
20,1.8342347086754671,-0.2786748366194546,0.3555272676478671,-0.16559749614585098,0.9247425155419435,-0.15480193077444812,-0.13784585830223145
20,5.005375747887279,-0.03686371969633494,1.113193354782419,-0.23280434339438194,1.1927865579607224,-1.57446266611955,0.299784986003606
20,-0.4959015319170226,-1.9302253784920367,0.1476561169171494,0.620238400325893,-0.41890782510010927,0.19054912173664654,0.41956221185987197
20,-0.2922665301092575,1.0945662557388782,-0.8021665010685981,0.6072845233955473,-0.12663888075151358,0.9215286652647633,0.22649648476437098
20,0.5913796763782475,-0.05477180669922406,-0.07678845003737383,1.4410649166177796,-0.7101613550164153,-0.13125952188500198,-0.1769801570136073
20,1.0385016131964562,-1.0155262994909593,-1.010228233327623,0.46998291716765955,0.12986772394972396,-1.640396576887563,-0.04861340426894162
20,3.8414143898081647,-0.007728665488539361,-1.0085027564681275,1.007826499965602,1.7434920737383572,-0.2479173013811742,-0.39285971978572953
20,1.8556707756563706,1.0772728926169848,-2.503406509217389,0.6840118015299361,0.8762371016462821,-1.3000916075655724,-0.258142674587773
20,0.8836844247396398,0.08166067194458414,-0.26096710839952925,-0.47997431482213226,0.645640766250999,-0.2653357569607543,0.26716537993732314
20,4.226992593308604,0.3034002634534678,0.5877950641991585,1.2672885385900512,0.46662305500677875,-1.4007920295157938,-0.7474735500317166
20,1.4349484511481714,1.059793480730254,0.2714455847255966,-0.9682285107266302,-0.2116074462829867,-2.042703084881489,0.46646069983187743
20,-3.720595181704007,-0.9169276458152539,-1.0485814883833466,1.0213647735295206,-1.6659778815142268,0.8517786882705156,0.43813742059165484
20,-0.6132298345344807,-0.24928207781420658,-0.4684473774272229,-0.8951669958359119,0.7490304352618525,0.2597311506080543,0.08427935563806246
20,4.97305800061607,0.690309080939519,1.1306922500537255,0.9789386352503349,0.14488526106310984,-1.1642077109281928,0.5748250241626696
20,-1.2225365714812206,-1.3951313497269648,0.7393369661685123,-0.11199625095753736,-0.5187831709648573,-1.412059367854369,-1.4708065122745988
20,4.775951026911339,1.1972609655723405,0.5394979823440967,0.03509527087323666,1.3112816075959584,-1.2283031984302124,-0.2656867581509123
20,3.9739191462743224,-1.0778681835498976,-0.32116412284157636,1.9314386274795976,0.8456135794771207,-0.5368642380271037,-0.2912319773098936
20,0.0063575164445777155,0.2687257236919199,-0.052701552923653285,-0.7602171426181302,1.2099605114014862,1.2014053155917963,-0.15349378576170958
20,1.6242443016139965,0.17730405045337466,-1.1142480511052832,1.0474505933378844,0.7474280214118656,0.3795417470425501,-0.03664985829541528
20,-2.616280961327458,-0.5942962699998996,0.038919996169244825,-0.6791571788021535,-0.7621325550775737,-0.9574023576495471,-0.772454301787922
20,0.0027722534809020427,0.21636127581201042,0.40457534406424905,0.024934325174674164,-0.25495445083937984,0.97779141646181,0.9403151018892062
20,-3.0684785815670605,-0.19223936143166823,0.054811193874937145,-0.12336371907536052,-1.9104456215514756,-1.3912850377990944,-0.4125183108092664
20,0.7807139116903301,0.8939445066944812,0.21465021150992925,1.941402259802423,-0.20120814641290177,1.6774060528781223,-0.7131895971665478
20,-4.609931547004275,-1.3452445667696362,-2.4046488464871993,1.2721946283900223,-1.7779557837583597,-0.25048201860034863,-0.1355228108009196
20,0.13295277774384612,1.2976918387871879,0.2864570046283819,0.07537690103817696,0.11222938158481839,1.4323838253979944,0.2925095643929622
20,1.5048631849088099,-0.25282886652215913,-0.32726917864684735,0.13427422832105296,0.15435442317656037,-1.0167836238111654,0.43164298417087144
20,-3.9210826771924,-0.7417810063157994,-1.2615211332815341,0.08171488378349698,-0.6182872413911498,-0.030430281962127805,-1.2050991656080403
20,-2.3140809978951595,-1.062949242669734,-0.30143586009848916,-1.3783153381347306,-0.02324651599362482,-0.5103956376172399,0.12239988511030224
21,2.735834648004441,0.92823300523863,0.39149195829369426,1.7700780657183004,0.5945458304819051,1.612844635227886,-0.3511379372219432
21,1.9047444653093426,0.3590904622407042,-0.886524893523497,-0.0256507306642261,0.24685679744729255,-0.8654347579196474,1.2910518708945942
21,1.080113098966227,0.1867573380515382,0.19093208579614548,-1.3057941017753711,0.7485867719135756,-0.9951897664021119,0.26213018657810616
21,-1.274366140161568,-0.4198454397448308,-1.6275881622390582,1.2751972948482768,-0.9279483446865525,-0.1433999379962597,0.3628455510543358
21,-2.5110164275282045,-1.1659802678585047,0.9100263534205635,-1.4225133105862406,-0.6744394006565873,-0.6682726015290736,-0.02367648135605374
21,-2.819140770972048,-0.27673782583942463,0.6840472172637314,0.03832569988837461,-0.9125345144501114,0.8332279854176771,-0.7640106108307292
21,-0.6013221635103346,-0.8562578326980832,-0.04951998360817256,-0.8483898913502328,0.35189276540157566,-0.4221316865909251,0.022994356078152395
21,4.752063950075588,0.1394243053727224,1.6879330020471124,1.307569020519365,0.06278060447084494,-0.20865067447640218,0.6988533811449744
21,3.0772543533101673,0.03152455293742353,-0.5482345244057826,0.6652231650743514,0.39391704455832316,-1.3488654303290308,0.47519233419003426
21,0.4433882036251512,-0.33652133756092034,1.2723510171363086,-0.6827066057635585,0.3909015741113222,0.3539489996949791,-0.06449638461302479
21,4.473902976869625,0.5799360734367063,0.7011401195435947,1.0661026843766395,1.1612759193151867,0.6742460735269588,0.23533502893930383
21,8.068547537262898,1.4546225333910239,2.189650212453221,0.2179269099123098,1.741978976622876,-1.283684286808295,0.05705345319165253
21,-1.545692084533105,0.05550954286487234,1.269030371153318,0.6978002215205555,-1.309134664886636,1.4495845350957415,0.17867630546932114
21,2.829313478296132,0.5410301644770467,0.7614649996709186,0.9116374799505432,0.43475745369640123,-0.9287068326673316,-1.3683445635992588
21,-3.005891780937329,-1.0261005823410165,0.5827570400996963,-0.5071348968405437,-0.6080928010830953,0.4557635941827981,-0.6429469882567131
21,2.7154135411691116,-0.10000282710879066,0.5339858357166269,0.2673852006866263,1.4107782536617948,0.17365547883901747,-0.8175497105076315
21,-1.9676677281158423,0.030973032451775535,0.8635107902075171,-2.5269202517704215,0.699357750880307,-0.8744202330377852,-1.3294203916920146
21,2.675456270750048,0.4584116543410456,0.7633241509051439,-0.3512228328361384,1.1916119126219495,-0.5521893001813184,-0.725652583496628
21,-0.7824109513834209,0.3845934755921944,1.2003746225404928,0.8463354757112491,-1.2362956556256137,0.9489998579575047,-0.022994356078152395
21,2.4850733347297553,0.17395259031235408,-0.14039141814224113,1.0188484749903486,0.08230082773148673,-0.06589481194424875,0.7797192778230743
22,2.173039005521871,0.8571320903153972,-0.915272823520527,0.27122917325566226,0.7982217590960707,-0.5480708829617712,0.10838762284729331
22,1.1397944979311037,1.6366827702831965,-0.3192840162583702,-0.14199295130793302,0.18388078766322952,-0.056812426712889594,0.4291525539704266
22,1.017965194558997,0.05868330544155826,-0.43134785692501004,1.1039173115499865,0.3238029725769363,0.17473899538215618,-0.7087715183334682
22,1.0710613472204904,-0.8412861861419072,0.15520118679339376,-0.47609565851877744,0.6504944245412745,-1.6111095107177853,-0.861451618524118
22,3.634463240971451,-0.8141553138563556,-0.40294480146141964,1.0090495074194228,1.5829795423746105,-0.16580124695936924,-0.40084889347667557
22,-1.2491060797630735,-1.2889926862596706,-1.2951332533975606,0.2524557851208048,-0.0019531236545189121,-1.2049237398572756,-0.8891776534651226
22,0.875552529494928,-1.7962398193923148,0.2800991486601904,0.7410500158800752,-0.3088217870274777,-0.25417479899038126,0.7454670417753563
22,-3.229020685405313,-0.37715379660841986,0.7629105012269867,-1.7959741474321478,-0.6231226845558969,0.5061512676784707,0.6430035696103962
22,4.079471474795595,-0.48084957245086785,1.6704980054091163,0.9917127323215562,0.9381558921299594,0.6269690219095693,-0.08751360522077123
22,3.2995057107219727,1.4171762093951146,-1.4528051632957872,0.7829877388185581,0.10267905941178967,-0.8894353277937291,1.774447714475057
22,5.064180597714845,-1.6261942746061941,1.4250769453697198,1.313551862713271,1.0879800751667157,-1.2038525083559695,-0.8979396631110848
22,-4.915614143429182,0.15895716488782974,-1.0240911730311426,-0.055761596762208245,-1.3511999955085612,1.7772076031167503,0.5922484364352304
22,-1.626717690577797,-0.4279680979112144,-0.18680547686626064,-1.08483671576444,-0.4557810336100669,-1.9184592381599002,-0.6055702620490351
22,-1.7716062017893917,0.657259424329231,-1.2110648741673955,-0.14197468543301545,-0.25083562434287965,-1.1098678415528336,-1.2844056045041627
22,4.899502477996872,0.7729363781529025,1.528558681368757,0.7547433351395414,0.5053471039709204,-0.3248416579996746,0.5168247389008374
22,1.2549118768938077,-0.8398002573262318,0.13964252633842997,0.8815684818518958,0.6540222867915132,-0.07271958803528526,-1.167947405177662
22,0.7769110209725936,-0.16996021748359985,-0.04271323496148425,1.3296579010589868,-0.21536231037028636,-0.6290992598695073,-1.2882571260415374
22,1.8921723602825686,-0.21595393424308157,0.4368399433933089,-0.06636390117713568,0.22674232813408354,-1.35334550625973,-0.1439749267513931
22,2.709598975196972,-1.0521772814254164,2.8561308878324856,1.5785980712976055,-1.1573391075809123,-0.09391309494075141,0.23242474135185887
22,4.688088933386197,0.11776283639759838,-0.6564740252974091,-0.788413331284242,2.0328002789572226,-1.2843229229043707,1.1183780565923542
22,-6.6510292449239685,-0.3646664231936014,0.44783308782263637,-2.679437012376936,-0.2586205479537872,-0.4979265956925878,-2.878059102369414
22,-0.48062127841757424,-0.6497009640255805,0.09707993412710918,0.22881352581903883,-0.0981801231087492,0.422550256259989,0.02283948321703593
22,-0.8445983656195124,-1.017578684923568,0.17098212263026008,-0.03547720912165621,-0.353161254132741,1.0301895270286223,1.2829367031886
22,-2.635288742437325,0.05817635530860453,1.1150342538866598,-1.304032520157215,-0.9931054345117603,1.1010949574248239,1.2639434327058792
22,0.44685514954353656,0.07883273012598001,0.20285431550106045,0.13788634038948916,0.8689231496029169,0.9100310500714254,-0.8300602907391562
22,-5.3822752243445215,-0.6441401302971114,-0.0787893747449257,-1.2360967848333433,-1.8163842591392911,-0.2754461908601031,0.230051720217453
22,0.9414674854395271,1.5999209963291237,0.31562345136317715,-0.8354309531181997,-0.31884778217785315,-1.7559854387362666,-0.0392599087914727
22,2.78614300135791,-1.1609837518067347,-0.7137465563691752,1.3992647734230883,0.12484080399135197,-1.5618643360771705,0.1699383294359454
22,-4.746075312695123,-0.18931569776347432,1.87501507016515,-3.0581227463834324,-1.4689919561802192,0.6852824133607581,1.6840179113178089
22,5.390768427018981,-0.7272778417745188,1.8597519888007044,0.3198380913735808,1.0685086021633345,-2.2864094178025023,-1.0085284000840078
22,-3.269905450828335,0.8560307106830894,-0.7965251739854393,-0.45685563800907875,-0.4821798280563615,0.7416705117008049,-0.5100820073572946
22,-0.9699765427565981,1.1157633161312759,-1.8882792457930442,-0.6221569290678731,0.659615451932949,0.02006717924007721,-0.005507286053202894
22,-5.381484131099567,-2.4612043628005087,1.951696324792862,0.1306135556400241,-1.8176357878365623,1.914139939325558,-0.749087092953528
22,-0.23443843767642436,-0.5802237332787195,0.4923450149243416,-0.48270017756751094,-0.2785831215376276,-0.010653257788312392,0.833891665676803
22,0.4509067769097985,-1.903426700449573,-1.406569424863753,-0.5339346702662309,0.06773525499543985,-2.1436207622258627,1.331000285180942
22,-6.279225728040342,1.8366909242524534,-0.810864474610165,-1.387372012857381,-1.3506907701484085,0.8243604312732802,-0.7799067247002354
22,1.049736146726458,0.13926604719482433,-1.029537326732041,1.599223915286948,0.919474362433358,1.094384729306198,-1.1337594186298532
22,2.8991644820039864,0.4388406871843988,0.13143079604804128,0.9053797419403175,0.2725277443496687,-0.4102339056663203,0.23495433508761163
22,-1.5696172160694595,0.016667036346138513,-0.2753413743001893,-1.2685813132393813,-0.09461619454201846,-0.29499172461151485,0.4945032743892546
22,-0.6668142241864452,-1.5568960322403862,1.374795003502957,-0.3136210994907438,0.17830376656988475,0.4039416359003695,-0.7453954595724934
22,2.0633890187350055,-1.5846408838810535,1.8616424995302179,0.6593894920062608,-0.05391044817022667,0.2554423128126689,0.3682459322890455
22,1.728865468769719,0.8814206597152419,0.9095813242221757,-0.5633859038347057,0.6702862431766681,-0.014349628706736473,-0.13126944461809165
22,0.7598875083992427,0.36203508091915626,-0.02122445513397656,0.04486726548693733,0.18213833235151203,0.055254181501539455,0.22377104164175057
22,0.8686847540295917,-0.72985728179115406,1.1176691166372286,0.11708093661563398,1.5386113195846163,1.9831250423056153,-1.1537747234991285
22,0.16003730069176791,-1.4286901673837094,-0.74761247418357335,1.6305636955300093,-0.41655256233071103,1.0986061656419461,1.10786060557555
22,-2.7926423089491372,0.6924043343397152,-0.6496985009993084,-0.7849918667703055,0.8743171660673207,2.0475888467885195,-1.01270366031035
22,1.413743742212471,-0.9057915920828888,0.024421099154644493,0.7669742747733459,0.14098363985602014,-0.4042824611740089,0.005507286053202894
22,2.846943408647539,-0.29889225582855256,-0.18550745133830676,-0.5934212503245875,2.161787266475964,-0.4116793039274026,-0.6632249734923271
22,0.8587444040361927,0.788320444546589,-0.7753197439019058,-0.2764846098896043,0.027619234857693842,-0.31026808619953333,1.2891242845842894
22,-0.7157536326482338,-0.8836096859303487,0.37121374778167515,-0.04979153024077893,0.12834286333002135,0.721283781384187,-0.1058771873794219
22,-3.8790074198466016,-1.3242034938364344,-0.6249433990412767,0.3121628565917273,-0.3526022544080726,1.7835047020545838,-0.5714973479039693
22,-1.5325272588246004,1.9326655060733755,1.134238416764138,0.10699067509395481,-2.0868779894064557,0.42269264365048276,0.802864181197036
22,-6.126630566734712,-0.5227598076351905,-0.35129946730172157,-0.4814221828876221,-1.9738655117554014,-0.31794469994203983,-1.1620315977151987
22,1.2544951110114868,1.7923429828238133,-0.36093004887700325,-0.012709868859445845,-0.13603668034974756,0.30825263338519576,1.318644465850443
22,1.375374871945265,-0.466197814954333,-0.06390321503513807,0.25313452181668755,0.09219265900688513,-0.33582392019233914,0.7724659735264288
22,0.2350607655744682,0.42716221095732904,1.3619218406644051,0.41804983338611784,-0.6902635630468149,-0.19059199231419713,-0.7775817968683455
22,0.9971789763920037,0.5231837598218372,0.6110748722023105,-1.3416173944530567,0.6156816325506219,-0.9693720253756146,-0.06379697451849868
22,1.7826231491980884,-1.177170250200206,0.36421306636324396,-0.22087307946758555,1.3618259528435892,0.14257950526129376,-0.24276757328955892
22,7.323142944354268,-0.7371386925216857,1.0250787574698117,1.8015933570942122,1.7131362218841177,-0.4198992181921599,0.11807183554358522
22,-3.862982529160596,1.866404076600907,-1.0842649444767378,-0.5682183601452335,-2.179550768579447,-1.0162899693319019,0.48321948506053125
22,2.4799815415505417,-0.02367608902531189,1.1467319362773345,0.0520012348941632,0.8098478012105701,0.011629701564249155,-0.34098010341227286
22,3.1746415680139246,1.0605488420062357,0.008753980144535475,0.9957262870180098,0.9466466493549016,0.48130654020099006,-0.2699630221695564
22,-2.2712102702297154,-1.6395132662881562,-1.4435038755039467,-1.219920606873782,0.6929013774959489,-0.1580231791039822,0.2781052146331024
22,0.9884086017933524,0.9330872104944897,-0.588157877094182,-1.3192284718284786,1.1278568825766564,-0.25320182728978446,0.5799499889399102
22,1.5574515560579192,-0.3029326229720711,-0.365650302204967,1.1701875221276337,-0.14739724695242948,-0.2355129641025668,0.37856841635976357
22,0.7037045567739962,-0.17599282803577906,1.5196378237055674,0.628303269633446,-0.2879527061183259,0.9881257415882897,-0.1063606035389093
22,-2.6178341873378512,-0.5372300264436155,-1.9974390851799373,-1.1048891438277835,1.0193278616867805,0.7250622515277223,-0.008039845040270038
22,1.4462438796357597,-0.07265471832818472,-0.34691336045475735,1.4777247388288874,-0.6766171337755098,-0.026337955151986146,0.9397938034103117
22,3.3911159435164002,0.19175799280806538,-0.9648888325765435,1.0079547485183271,0.8928262076199089,-0.9084746999235676,0.054066541748035046
22,1.4535011534774336,-1.7332515243256488,0.26959244333457244,1.7495283281768956,-0.80168592969356,0.05193351225995267,1.0815473516874146
22,-1.5281008002354441,-0.8016186730045747,0.01818889055795394,-1.209616774785826,-0.5871780695703196,-1.2683965963492212,0.5749043506790457
22,0.6310799154775204,0.45181241217633134,1.0555918641682653,1.0417104010878755,-0.6994152526629333,1.0971446254728694,0.28299137438801236
22,1.5075509182420537,-0.12193214611295956,0.9910494819398021,0.09816161611806473,0.8827875868760017,0.3698361028248686,-0.9655139857455007
22,-3.9607637422295876,0.10426935197140538,0.7126700603795965,-1.9126166463718894,-0.05988828666439775,1.487926768927942,-0.24894016678031522
22,-0.3907901443671591,-0.29891338930648026,1.7956447227623569,-0.8453935967690941,0.5381417312526457,1.0912767444416998,-0.7538944953862265
22,5.4607931771676625,1.218244751851591,-1.0816867457235833,0.7387407406003847,2.3760438531961663,0.4591721999706299,0.5323309296431709
22,-1.4646459537606606,0.0019808855970460866,-0.49253377546894156,0.7671694441735127,-0.9941079014333399,-0.46500956309813857,-0.6006505475819698
22,1.7089465499963925,-0.0793336611752511,0.9645973930051837,-1.4745555418873453,1.3271896472967766,-0.11747298759427695,0.2239970182220221
22,0.604003438793052,0.6901124726973302,-0.583063862376813,0.01268182459933477,0.623759647909966,-1.1910523670306556,-1.6155833349283901
22,-2.037556667888941,2.296230977785634,-1.2492405101132025,-1.8640522399620862,0.015415591431092538,-0.19956180865803264,0.6292537217543559
22,-1.3714838525511968,0.5446518325703704,0.35000252106421764,0.8852981289728163,-1.181220990277439,1.163263081601027,0.2039455787960809
22,7.372771544637945,1.1596204455611365,0.8144417092895,0.49243026484509994,2.8454650865604902,0.1678958930669996,-0.2831600647537541
22,-1.9463347115927347,-0.8257202306995371,-0.5166661268242083,1.7470740086808154,-1.6585747153979244,0.16152201287399953,-0.15874803877013244
22,-4.7593628390672995,0.0737480248594511,-2.6922644029603386,-0.2619992855836266,-0.7646915437623139,-0.43424466480724344,-0.6158350974438624
22,0.9778363861011238,-0.4932160450588239,-1.0969546406811148,0.49975457871294104,1.1259195722693636,1.3247523815679974,0.6446804182715092
22,-6.176364677557917,0.8946983235218107,-1.25547507523776,-0.6888987687008056,-1.5538692755618564,0.5267629616544024,-0.700389098251739
22,0.06493626305895472,0.14419626296665647,-0.6372107776897248,-0.9825799684727126,0.44020123252254634,-0.8503478443841542,0.3731685525451732
22,-0.7474536582795557,0.6419866922062156,-0.3909161519273418,0.9807004960466097,-1.5665724775685055,0.2884781020059164,1.2730414606176914
22,4.790104332049851,2.6817748498775082,0.9944219720464087,0.9233164796629025,0.4531511621404119,1.107590125046407,1.2711080163359185
22,1.9899703150756634,-0.6579192053705668,-1.4230196632892038,0.3306872852671989,2.17671216889158,-0.26044028389199714,-1.3679459685258046
22,0.6625012691137703,0.5532686550087381,-0.6110093376578883,0.4566625275581426,0.1983127294077403,0.040226058810836386,-0.04451691207456854
22,1.0283877551994878,-1.0289145110427174,-0.7388167439664581,0.3169418401793604,0.4812076719621575,-0.34725716218724767,0.4965764883067014
22,1.3424677813597778,-0.7307907051696798,1.4290716406028128,0.40914692653031265,0.7265324260180143,1.2857179915121144,-0.5022757569775783
22,-2.5891302338326043,1.106920293361613,-1.4915846959200203,0.18934179703758244,-0.7958980289025441,0.11874164483321725,-0.2244806775114588
22,-7.916497247382142,-0.0832283687795578,-1.5457284094099966,-1.3194093871980985,-0.9604183445522501,2.62951179316163,0.2003079094809118
22,-0.5077344277794298,0.35299361684501424,1.0395562511871081,-2.001210009540314,-0.5312849437462288,-1.977245798246165,0.36335161616771844
22,-1.9739402412572664,-0.7163339721167721,0.03414736071281039,-1.3181520497151222,0.356689095181364,-0.04592377752254447,-0.4319945092242798
22,-0.868105420117238,-0.13008649246100604,-0.5824924529492912,1.2465489558354979,-1.0722185932598665,0.8905161516354416,0.9445601834644839
22,-2.957507471031577,-0.987757040660953,-0.7213677439142439,-1.1197829135466917,-0.07574799596851967,-0.2577318349411213,-0.16882267947090107
22,-0.7180359670872847,0.5934456868267436,-2.5848955144365253,0.6001130971565573,0.7995912083189866,2.0668446797805404,1.1376293213436002
23,-3.080130684323384,-0.23321266308550415,1.8446825917342236,-1.0032631913386603,-1.3554575690511061,0.5110003952973782,-0.08139662410727488
23,-2.1806289918354,-0.6185892262334881,-1.9313080419605504,0.35139421911406954,0.3640154618402713,1.807992778415146,0.6128441893053935
23,-2.9460164729274987,-0.19104296644681085,-1.3574990841561778,-0.4486448497251427,-0.9199486687177001,-1.7026149603312177,-0.6827462538560192
23,2.4022441431951895,-0.149035334193069,1.175286632477936,0.6549691382946803,0.3723600551175542,0.2874487588506456,-0.13824988101269498
23,-0.9429014655425227,0.43464760146585046,0.07664332305842446,1.1397998710975155,-1.296575502384256,-0.2691141550085026,-0.6225315462201363
23,0.762133880725624,-0.29491292409478176,-0.9894236332040861,0.8461939718331736,0.026587861799443214,-0.3795247213615162,0.19702257326693806
23,-2.0742255309496676,1.1008200301947053,0.695446530402396,-1.021504840778519,-1.6916343878859412,-0.6943815437016027,0.9010624167886421
23,-2.150446198573683,-1.054133979845538,-1.1636318451788163,-0.8700412743296264,0.47411352490526315,-0.19354272378951456,-0.2964552255776983
23,-5.591178929215727,-0.04981013167446518,-0.1446435799133818,-0.6119673044755507,-1.759165626656666,0.9368939918148931,-0.04845408162356202
23,2.1853181797669263,-2.101661649877176,0.36937855780432255,0.43996852383068136,0.2668058737816187,-0.8220710996193479,0.8511348139725843
23,-0.1911262035601326,0.48921370081933496,0.7911887688149304,-0.7119655510058236,0.010417616371061396,-0.3102465811749783,-0.490055310193096
23,2.4760408930961506,0.14760474480579086,0.677205298388734,0.2102882471491742,0.9323896601902162,0.42116032139350973,-0.034018147406162935
23,6.934563543796846,0.7938153892273065,0.5471862038613416,1.1099856561256232,2.372064710548156,0.45265640736905927,0.034018147406163046
23,-5.219472192403784,-1.3935675777726184,0.4094957533589339,0.543333818221803,-1.793301855505832,1.7483815650592607,-0.41219960813818896
23,2.438736804196643,-0.543216369012219,0.9713203908009685,1.248291760501833,-0.3614864629353083,-0.3000615355399941,0.2894983474796573
23,-1.1311469219661856,-1.2091968761427931,-0.35152110775693607,0.08826875566396684,-0.6614100457043919,-0.17653271752733393,0.8388568642476468
23,0.39279600074968624,-0.07901706368124974,-1.0911907580755726,0.26386287084666077,-0.6811297799032334,-1.7820237727332282,0.7079367714691314
23,-4.665239297853378,-0.8232938435817411,0.41206192459753316,-0.9830500409321554,-1.2893696706804338,1.3120154747909072,0.6996755768899667
23,1.806799017657536,-0.3013604280366763,0.3733579634076744,0.6309070221782872,0.48436709312930815,0.7308403433068232,0.3998668920489761
23,-1.9163307869610424,1.1162713383202547,0.9895456512472741,-1.7367794245338035,0.22344327705041056,0.9923337391468516,-0.3133957855217083
24,4.49481755525834,1.1178418963308199,0.3859013360622209,1.0876668220687895,1.4466371031165302,1.202556548212472,0.22777737990693725
24,-1.3574984262534424,0.24722361105738302,-0.6989833397119921,-1.1733037836328544,1.2501773925513753,0.18263452090634408,-1.339891480817267
24,-2.0308087469658425,-0.7885505467131592,-0.0056878649207849,0.3888933879226272,-0.9334616221342367,-0.45292530485316645,-0.8001877511571118
24,-2.948400302107893,-1.2678792282772555,0.6359056570697894,-0.7345158875055812,-1.0680968901533028,-1.04503325684861,-0.7574319903226876
24,3.232407087700622,0.3413681074916063,0.3525635708488266,2.0477236698346335,-0.33087522260066216,-0.7372694117829669,-0.4379450082276002
24,-2.7790628501750456,-0.7580122013171101,0.7956695512394631,0.9746124200693381,-1.994024025535838,0.3142121278862574,-0.3553847519020276
24,3.7700414660481294,1.808070111988933,1.5369521737517808,0.5276796341862464,0.49257229875544106,0.3583365474380425,-0.08927326505032701
24,2.363230808202993,0.5447927174689434,0.3901125468892046,0.19619818220357377,-0.07766305063660202,-0.2850089622978914,1.276741768249269
24,-6.227353833821861,-2.736674460035969,-1.4806343185214124,-0.8094363074952846,-1.7168979710984147,-0.6723718477292773,0.597196270428015
24,0.6993111408728596,-1.0225496783486927,0.061579493075265355,-0.47818355626256104,-0.23791412520113434,-2.0716928980515754,0.27041717371647533
24,-3.369600917272293,-1.245784681667677,-2.3757500318033458,0.09827193093274372,-0.0450767462632371,0.37810977182052685,-0.05010317668722286
24,2.2907800140939973,-1.0166419152247117,-0.24266712316716257,0.22276355202882497,0.8365171088177358,-0.3725458262207292,0.6620427229740774
24,-1.3678722531435172,-1.6480394751436285,-0.7990655566949517,0.32638808648427037,-0.054658168886209745,-0.045486460152584306,-0.17053921098332164
24,-6.140609796435517,0.5211267854873561,-0.9254863732720559,-2.6012686261948663,-0.7128975419734115,-0.13760604303810875,-0.28559483570612554
24,-0.8535188929352477,0.3769475299606369,-0.6152668745735862,0.35384367755264373,-0.6412427542464214,-2.0456669777521235,-1.7206727689302261
24,7.595419930111753,0.4253040108200809,3.8477677058298885,0.5855475892866724,1.351891903487137,-0.0881348355347213,-0.13523980756718035
24,-1.0347473859767256,1.1234220425164045,-0.9996987149841626,1.1024626915766091,-0.30322527630426704,1.8032581315516438,0.15925495454449912
24,0.30335933523901903,-0.035351975653510996,-0.9116865351672582,1.5644285204946222,0.2983065207877846,1.849422785474317,0.13888882138984704
24,3.9743334272768465,1.4385064230119815,-0.3810800961645771,0.8770813874866361,0.40600612687932075,-1.5020635727962288,0.006462404150608614
24,1.9182094236971796,-1.1279616051444055,-0.3839974665897825,1.014623923668589,0.4440669197489908,0.03051673124131083,0.48663469909961055
24,0.3862713826289379,-0.6854075300924461,3.3978941032665935,-0.42210691951875773,-1.5017598669648102,-2.0792923459520116,-1.111531188335687
24,1.5025033061189403,-0.7779265232300623,-0.02607116936956339,-0.5467084632303544,0.687200526409487,-0.5917915967065213,0.7714077824235713
24,-0.5631537122423332,-0.3778946171649213,-0.14983962444172194,-0.8649944912723738,1.1876391938477378,1.7376580274649565,0.4355045974598911
24,3.3598740092203165,-0.9039176226386624,-0.4683497013748684,1.633886604978057,2.055285114101743,0.8322023738423842,-1.4490152399136715
24,-4.045989391865774,0.6431477517883996,1.125796626279488,-2.045668369949466,-1.3174917392741208,-0.3432297845167632,-0.13310364508378308
24,-1.2462495604948742,-0.12810877614093238,-0.21201958705290475,0.25673244512880083,-1.1426877858283722,-0.3952892890560119,0.5348120295360278
24,3.195544169782067,1.1109469393457965,0.47001888705692924,0.03998186877327629,0.44078749723585187,-0.08186533628981736,1.1466386791308039
24,0.19935677796379936,-1.5260406262807131,0.1088734651600879,0.44388500782791557,-0.5065273441003331,-1.1831219040950465,0.017608898307814314
24,1.467795110427113,-1.531390868365001,-1.5614252210103037,0.8407963910987788,1.251162510828796,0.10025460888998211,0.13165076620413907
24,-5.900760574346559,-0.6791668635915222,-0.8112632870885161,-1.3612223831940553,-1.512613901553348,-0.841215555873698,-0.5240680334382015
24,3.5519188116319635,-0.8733731386386719,0.0011488995269905817,0.7991102395813992,0.37193040477742295,-1.354608914692482,0.6903213978048824
24,1.7738178854330997,-1.52098422590799,1.2031084212509429,0.4018909193898881,0.3866328004653503,-0.8242526099171383,-0.869153012796519
24,1.1281511122984298,0.3924810870207164,0.3116930571070971,-0.06455108801213699,0.8844977993102958,1.0454890507708032,-0.006462404150608558
24,2.1367085523341705,0.669879081502643,0.13059842725671825,-0.4519350769233054,0.9029454210029346,-1.053066432995463,-0.5098840752902434
24,0.6212191202115649,1.3184150446416256,-0.8051634641252198,0.3916517141708555,0.1120320326789176,-0.9574672238305182,-1.0018337984286647
24,-1.183319014793245,0.5120227083609508,0.92608765431636475,-0.7542279854133873,-1.6551123726321113,-2.3244989168889916,-0.24835021679477326
24,0.7413756642386624,0.43139096901476004,0.9470169931282144,0.39984948590535846,0.3301357079287635,0.5420038258339661,-1.1393786322785304
24,1.8391184335438138,1.3041552351735255,-0.32179796898642693,0.008736715471597703,0.37842194954466507,0.08727396694085521,0.8261637795876061
24,-3.618489300407889,-0.3891358906023674,0.7724232705027353,-1.6562872566585387,-1.8476501196834683,-0.3869018057898955,1.5964846929554088
24,5.008365820289939,0.12764127404880132,-0.24161050255927735,1.7335678294405987,1.1240065551694116,0.9072179814166543,1.245008812741749
24,3.5319673170965578,0.2893484458910139,0.21277097538914252,2.0913348332757566,0.10839205896915435,0.020467229128196984,-0.15879701996183826
24,0.6601090730903407,2.372742631874245,0.8255947646380876,1.0639400622404251,-1.1163984238560931,0.575108419945759,-0.13986183318756207
24,0.5239973366337598,0.43006635444483987,0.5630494765305671,-0.41342184321363795,0.27321984540636246,-0.4205295132317065,-0.6009217563432017
24,0.3751883545405595,-0.7854876780878194,-0.7523676919865149,-0.5890449364283407,0.9562328932975728,-0.6347333298560387,-0.14333182623768898
24,3.0182244437229366,0.4671279835828673,0.37819993280320063,1.089766763583253,0.5836521846639766,1.102782846216599,0.7072888506420686
24,-2.5775036353702396,-1.1460229700616968,-0.5251244867919166,0.9404314590431988,-0.40534306230926376,0.8334674561382721,-1.2458612713554733
24,4.442531805247267,-1.1151271358915038,-0.19055131788821034,1.0966973718816635,2.3605623670784417,0.913793954269981,-0.26173014662816807
24,-2.2948769903568103,1.2106676883964542,-0.9021186958458297,-0.2674617080433538,-0.1865661224198159,0.4164420244056237,-0.8073253073989214
24,2.0755239541791886,-1.172873942468773,-0.024060182670128962,1.1505251484962218,0.3324578849231216,-0.12223648104401014,0.17308113444911777
24,4.768153584078911,-1.566566799442029,0.8723966669954796,1.7841480999105082,0.4774809799230985,-0.8687073505832051,0.17914885650928203
24,0.4013337518183754,-0.47023039397275446,-0.31246171286243524,0.1668300615964781,0.9459885583858691,1.9785679443333304,0.7852563968340628
24,1.7704318053704249,-0.6326862946608386,0.7207174487310548,0.18565249177479676,0.8464521172956676,0.15433703472103158,-0.45098843356270935
24,-0.49386121629080415,0.3132503652031859,-0.1028288009593907,0.03544836822188452,-0.019254972005391027,-0.34396699940332776,-0.9062872056583788
24,-3.0969307046691243,-0.23983777686783853,0.5590220295085829,-1.178806702224529,-0.13208742021451803,1.770409941134098,0.26676098915614
24,-5.935143647699602,2.646451212005622,-1.5541983786567444,-1.1582905065544133,-1.0798311312589077,1.6864041752309762,-0.12066867746525695
24,2.756557065296439,1.3334015858654238,0.7099226295860255,-0.5841390044434955,0.41638455166079685,-0.6661139099457313,0.7572591361756201
24,-0.12567730310954556,-1.99492841319364,-0.6515957524515389,0.46317201078284087,0.7135770347976396,-0.002593993123655979,-0.6011234229543831
24,0.9433221545276805,0.3193673984712647,-0.43808105527236174,0.262791068186738,-0.4209564396034306,-0.28600027876588896,1.3834455087252753
24,2.9295554922678546,-0.4113178050264161,0.259304140876942,1.2183951963188107,0.853102288403864,0.9566450184953312,0.2987579011135073
24,0.566059110808365,0.7755149091777352,0.4915371371673748,-0.8908348931821624,0.062376912323197885,-0.3130525523849387,0.5852104817940317
24,-0.4707818826803166,-1.0161518546645516,-0.4952316240362897,-0.1092598126286459,0.5243486672598684,0.2726470722472648,-0.0796348746412543
24,-3.783572021322966,-0.5199832510597157,-1.0318753586252463,-0.4735070602802207,-0.7420841478297889,0.041452122577808524,-0.25582402851014463
24,2.565544743240715,0.07058831366333342,-0.6938262478737048,0.19950245230279606,1.071473268652997,-0.004881852406669875,0.7769947661158948
24,-1.696616202485687,0.4096436322388326,-1.266754128636046,0.6273855615535824,-1.290368452852239,-0.9762192286063034,0.0287554447987437
24,7.0614039866743745,-1.6548167262127393,1.1232017433188395,1.6919625447183306,2.098183170228972,0.14405008424754207,0.17535053317400817
24,1.7853977507099485,-0.3926240277148292,0.3808699905082594,1.6634383101261179,-0.17853912799015312,0.4566192186951988,-0.08062021645456818
24,-1.8878196976164734,-2.040133637645077,-0.012190176459296891,1.8529648981573916,-1.4046790973930017,0.037749934412274935,-0.7879019203724469
24,-1.1074710564534598,0.5406654546142547,-1.0356131992697124,0.6225951259189544,-1.0444682682215722,-0.370973645420588,0.44187961765325
24,-1.6268179943918866,-0.6653211886851665,0.8596867395845101,1.803367531289427,-2.0006722885784325,0.5651485304642914,-0.29240232894679796
24,-2.218598240238335,1.380520055127181,0.18999264782211348,-1.1058689589982862,-0.20423460332568788,0.12162264289430115,-0.9099556275809328
24,-1.6563652068562078,1.18185827608229,-1.725875589275425,0.14818255935989783,0.18913877819609243,0.832894635999585,-0.2890755150543744
24,-0.4056955859642475,-0.7817103191361952,-0.3876656900170642,1.4497539900230951,-0.6437745361998739,-1.0238099385985198,-1.5380665876125006
24,-0.9330478722491726,0.3521781113714342,-0.31880123632265484,-0.2938626666490761,-0.1690241012221193,1.947171222933646,1.935677733739264
24,0.770497878644312,1.1702227682934794,-0.3243025922526085,0.4760373200455127,-1.302283646422789,-1.044154081853139,1.3560463176743505
24,3.630601990304476,0.4625796858219884,0.030053185056205228,0.7624200077344763,1.017187090607933,-0.49133492939186385,-0.3000801598721675
24,-1.4780524507374508,-1.1102776366921001,0.39232161906705315,-0.21133502778302157,-0.16608372576302305,0.7506933034877931,0.08462804522991751
24,3.2965019824223405,-1.9745219364274746,1.195631419520124,1.251920971451587,0.2854017405336436,0.3896976138595133,1.0291442067307992
24,6.749800124421313,0.24520181551418307,-0.11357671654628314,0.5436947102477189,2.122174191115759,-1.4864061758565352,0.1944793097508728
24,1.010496874776598,-0.7189239618958589,-0.6300588557203456,-0.7896740975668983,0.9760210514638398,-0.6310218833414591,0.6014648715260819
24,-1.7346441442577412,1.3728439172147442,-1.1874991328222435,1.1785619649456247,-1.1872496262143415,0.7271246120254105,0.10021394699278663
24,-1.5601575074451426,-0.8206184105601491,0.3356472634441937,-1.2327140561374124,1.1247197476369062,2.149449998475159,0.26358602179820345
24,-3.9118621234627713,0.6504576496861534,-0.4275343729644665,0.9428119954189257,-1.669038881369012,1.7129174579391417,-0.1727793477926043
24,3.7960893490595073,0.9363173565269797,0.6114987685491048,-0.8021705456465189,2.8693275311491413,1.9541579949904977,0.1351906534089058
24,3.060164471084187,0.796136862511041,-0.8704015474497818,0.6090755110864057,1.4751082489214926,1.1416552660134058,0.8103230888192606
24,-3.3264506902624573,-1.6880674841781524,-0.29505079882828705,0.44205401327298527,-1.5595538200939218,0.4858645272218499,0.7545249981551211
24,-1.8129257105501022,-1.473041382723427,-1.257844906456281,1.1750500904933625,-0.840713390285071,-0.27810990814623016,-0.17781837604823947
24,3.3897112376966607,-0.49279934513434254,0.5545342011156643,0.417437656928178,1.5521299362168008,0.6736277116209247,0.02478806294322422
24,-1.6917933004205725,1.0422275032309813,-0.2044115096534192,0.848560686198808,-1.1601499125416666,-0.6137201572638008,-1.5747569038613238
24,10.136705507174927,1.2423402430667216,2.795222923161821,-0.7122213078942502,2.3994644913489935,-2.0031558640914495,0.9865595775316819
24,2.3751889800042596,1.8578570704023267,-0.4376331091363672,-0.09148832441655877,1.3256085181003536,1.2122810133418371,0.5821900177054312
24,1.439721177220819,-0.9293419198884438,-0.8127517603369848,1.0578671187046658,0.8359608154016563,-0.5161699406976784,-1.057748352055964
24,-0.6236919846191226,-0.653206936772144,1.963029003572774,-0.8407444438088721,-0.45241174731605116,0.7268216025598211,0.6326442430994069
24,5.17403517868585,-0.024411682534787538,1.9284617855465753,-1.020099056862976,1.6722051022508952,-1.7253030283082125,-0.2817854131088712
24,6.092668672657832,1.2467943538772719,1.5341804759799247,-0.1612220920114836,0.1816660224181982,-3.4674901405305074,0.34610197238959284
24,2.1212294258103164,-1.913779420613363,0.3199439991314501,-0.12161964954941006,1.0823006947815939,-0.11336622261367682,0.6626369991327982
24,0.5693954785764517,-1.2228314650002265,0.7357675563140444,0.0022787646512770522,-0.5743394320547871,-1.4471719454024865,0.14313242649269253
24,7.215142514605229,1.7490744057831875,0.9268725591054193,2.3179178223797123,0.8130034781775364,-0.3692447361910224,-0.058395673507446844
24,-3.401691957424748,0.7839727274231851,1.1272426738033217,-1.5034081159057533,-0.9724050119763228,0.3395613393138349,-0.3814374578145514
24,-3.8156211374348694,-2.1355816475820517,-0.665469620093402,-0.9179570743347851,-0.5360040589515258,-0.5361690185748217,-0.1695859827200344
24,-1.9942661866562643,1.0731119141074537,-0.7909368892044848,-0.823408826572036,-0.18029362009119787,0.03022568498034501,-0.11395908948471167
25,-1.328164771288405,1.9368582541560233,-0.4958904515795236,-0.36201086058934384,-0.7432499282667576,0.7991822548530152,1.027994955483653
25,1.216565066856842,0.6153467065984675,-1.074205262141415,-0.039202739673378346,0.14872020423905652,-1.4984406743440972,0.2460200023868805
25,-5.447396780654692,1.4902057914759272,0.6877290519806798,-1.1006627727159897,-1.9094833405091585,1.5097057344161315,0.09943784613509819
25,-4.626783740858719,0.816269094898657,-0.29394509319381373,-0.3329483598330847,-1.365306979147562,0.7371782199809264,-0.7737584770885562
25,3.084901317691699,0.3450656892128296,-0.18611193595415895,0.5174662527266124,1.3716851858925565,-0.10276179990970082,-0.5238511417452894
25,0.989327308330595,0.3925547337649431,-0.3489164848362777,0.7859792876770648,-0.3582197479125198,-0.6712119802325722,0.00822501036127106
25,2.9469190373161678,1.2859236242182408,0.34674238241259936,0.15879693256389618,0.2583025239626269,-0.03776100791643791,1.164653388106912
25,1.6505726897827804,1.115040942383317,-0.9798404000251599,-0.2341836329907002,0.7997074224450348,-1.2946320539861924,-0.46987883077392983
25,-0.7747665000695816,0.25192585865046235,0.33147856134175413,-1.1762069558703538,-0.07198214832932126,-2.2398770647253827,-1.5638103249977764
25,3.0805905204909445,2.051565361648075,-0.5187036432630454,-0.013338514295506795,1.229318318821501,-0.7804642567643987,-0.645581640034188
25,1.253918329553735,-1.0532291472810675,-0.2268048654900083,0.30962573180033715,0.8174669195710004,-0.03511325894218126,-0.1271479271004106
25,3.595841572094985,-1.3033565797000246,-0.4936533431018928,-0.378627997285551,2.0452943233942316,-1.226751564548024,-0.008225010361271066
25,7.857892346483995,2.4589646194878987,0.05865447742302816,0.9471171449565653,0.8986151105140009,-2.235993264428099,1.1158563564260686
25,2.981438898763578,-0.7934137532494214,0.4402065877455441,0.2304093863665053,1.9303824937853062,0.5876190167351059,-0.68082086274251985
25,-1.5066215945466674,1.5913494381004423,-0.8627368403238238,-0.95351738967164,0.03211893182028271,-0.7804998533889539,-0.8540211057951239
25,-2.5167824600664876,0.8215181977564542,-0.5709898960379198,-0.3650808561713452,-1.158120072232646,0.04610509111132707,0.553414856926842
25,4.491698262265485,-0.4292748975367723,-0.12904491963593573,-0.6316916455160971,1.0741952009143203,-2.4086108219941385,1.2259168751211735
25,-5.2681905824067385,0.014296048523244585,-1.5974653187476524,-1.2674583157355737,-0.3059832670926385,0.7962881972030684,-0.3684310829290028
25,-0.044698446804798134,-0.40243940142652246,-0.12026765313678878,-1.1328358830584913,0.482288585831482,-0.9162345862830598,0.09523097368696491
25,3.6575390969389385,0.09864568566855514,1.6520914854920958,-0.35119850177038014,1.7434845834112054,1.2036915015321883,0.19964485597791293
26,4.722599875842501,1.689590517633803,1.079259842205725,-0.022354558186279995,1.588803223906042,0.12074102971265345,-0.22478880600013573
26,-2.5785113811211287,0.020237223459181615,-0.265212222554983,-0.3409729999204533,-0.10803593808372297,1.6001774870676424,0.004291092820032039
26,3.921662697385676,-0.4208094208222541,-0.28665224532170996,1.6864853826375987,0.8910973770333707,0.024864191436647858,0.13166101653202128
26,-0.5238029693852837,-0.5800251923311062,-0.13008591684119328,0.14407111894515923,0.3433568288383831,0.8920584780643769,-0.1144663144086655
26,-3.073476113777946,-0.5456173652228268,-2.4375106776341844,2.0272307601764052,-1.4143676785562271,-0.8581317165292388,-1.4333992532137407
26,2.550039445035823,0.44905204673096055,2.8766579020191867,1.045045494647965,-1.3999043930227266,-0.1018104155696868,0.5792856481549749
26,-1.6552044678751914,0.3947508370195494,0.2578688221995204,-1.5475404406189543,0.08003461038880944,0.9484573431000968,0.9992500746664229
26,-1.6841274977448237,0.0644186784680573,0.6700831549844484,0.10830658235039221,-1.7730241455700617,-0.14648400181118135,0.8506844238400525
26,-3.265240413500874,-1.8254701805494986,-0.5944437786005143,0.45810948769955423,-0.9327759333765346,-0.06473675448670575,-0.6444106639085785
26,-1.5864805641465018,-1.1169964902981593,-0.7225168094219615,-0.6315494100839215,0.6789249425124182,0.183009680001701,-0.5329815994727142
26,3.596811937708585,-2.2648526213325186,1.3537267626455949,-0.38577946215899894,0.6871143841702806,-1.010636377166243,1.5693155334609439
26,0.083436310693289,-1.2201368850041299,0.7900719690272455,0.02763141204576168,-0.45777057756259015,-0.8215068575322937,-0.04398003630764752
26,-0.6332417360326998,1.8488939108916693,1.1182229531809114,-1.9278743174272917,0.050773163258731026,-0.4379103702758146,-0.32355686531178496
26,-4.228799880223181,1.521978101997326,-0.31536289365998266,-2.1398267580165364,-1.1727070656592542,-0.9794557794269291,-0.09872754864547706
26,-5.3188840721051776,-0.725157633773547,-1.3351761775105744,-0.7187846789293524,-0.10721980826958148,1.1424742721328784,-1.1860381706417598
26,2.997655413780827,1.2476964236397101,-0.6075383800448035,0.4363116673050161,0.8998146748615026,-0.8779086411991353,-0.35065990987388895
26,6.0125482658406835,-0.13708588627075563,1.6635426569480984,1.1288012221354922,1.268479077665374,-0.11603929138869568,0.07134927210528141
26,-8.477101102784644,-0.18039971941103208,-1.5697622290309625,-2.42540084828577,-1.2598938609085144,1.353866290627239,0.6946162708247585
26,0.6447201810659504,1.0532763543993005,1.7691380823775473,-0.2163314620476084,-0.3541160135049321,-0.43123828501451617,-1.0495651434444864
26,-1.0962202714909548,-0.129261086484958,-0.4905185346803243,-0.9126773036999377,-0.14921394655436834,-0.7256217711064935,0.40075088398399805
26,-2.4662638270395436,1.2086849615542063,-1.567312949709404,-0.5945773660966097,0.15808163143150028,0.21650233870706057,-0.7110882331182683
26,-2.09940576401989,0.2933062567873087,-1.1372525878233373,0.9909431214382997,-1.2639971470878446,0.029393565450128226,-0.03783312712183917
26,3.7092875994113523,-0.9827091269044934,0.34980959236677983,2.014391675888078,0.1614040447614883,0.20030619666045366,0.7067431638021784
26,1.2414175214233956,0.40642107719075454,-0.28665664579274436,-0.3301824559013606,0.51472868705439,-0.9413846230809081,-0.15070468471688447
26,1.7133736563682262,-0.03667815760339194,-2.591121111201203,0.04855345183354179,1.5974600771293745,-0.6833805153765304,0.37170299898553283
26,-6.838992485820375,-0.5159674511899809,-0.36809657349850033,-1.7497451898865717,-1.147183672319766,0.6015409683851253,-0.6923860888723697
26,9.00841668041609,-0.20668014367031756,1.5709373400284419,2.7541707774233672,0.5645626753526614,-2.64140336962956,-0.36096547424712677
26,-2.954986896477523,0.00953260696301198,-0.3425543250370899,-0.03143027301813467,-0.3156993377003482,1.2188532201747917,-0.7198015698192491
26,-0.48883495267469723,0.6277627192358775,1.5500897973324739,0.7106938894213262,-1.7009655266183972,0.2791999801733563,0.2622840896530515
26,5.619702076644063,0.0711979675137326,-0.68340939000027,0.46140442312658164,1.9671369595235986,-1.5127886237054025,0.12834330544499442
26,-1.499686926001853,0.20882939582975307,0.7400742386299892,-1.25936035327719,-1.0119095586367517,-1.9003199021618402,-0.3316361175192706
26,-1.8000409428158544,-1.2746807816475587,-0.34756891234754395,0.16384802277020472,-0.6887976031161946,-0.9350352602557404,-0.6183437278231889
26,-2.550553241965315,-0.18764563977910448,0.9077519941371123,-1.3163825417362844,-0.3048030174178505,1.078514752419835,0.2982121836470876
26,-1.950664481392276,-0.10689441684916974,-1.8488982829033955,0.09948540773818818,0.3006626815626631,0.37412847483618167,-0.42474398996072227
26,0.19930506536089976,-0.3602644117415344,0.2036340542231604,0.3092490097652717,0.12861270652025353,-0.2619773684106718,-0.8072730790905799
26,-3.3906419622083295,-0.40332206897954936,1.3568516907836163,-0.9701274605348745,-1.5167427850590003,0.22902513093362664,0.17186927335176788
26,-4.954873884547176,0.010376484636317825,-0.8444643893478216,-1.3749612014279384,-0.7326440334245519,1.2565645972388497,0.6686967287123478
26,3.437309106976575,0.002282516526734911,1.6570126031443013,0.06056879908269465,0.6367785836965751,-0.11372858995947718,0.3010162895922367
26,-1.5773804511492742,0.4754667109899333,-0.40459394062582144,0.10021427558754141,-0.906603335123123,-0.19981695701002752,0.052548433836486885
26,0.6640631594159528,1.4391434286675766,-0.5620124147055067,0.10655280715773965,0.21586841920966257,-0.34585834124048626,-0.4309205306087497
26,2.668601758439454,-0.21931899370960697,-1.109417887240263,1.9315759412346813,0.10345008328056665,-0.2041480848023364,0.5792669793190293
26,3.4179772614255577,-0.26565364758480686,0.5686389575743512,-0.6164746520920258,0.9336286238793166,-1.9714757483146967,0.06814410970831875
26,0.030728382529162213,2.1109525367068884,-1.1065426451732154,-0.5625674790998628,0.6218574407492029,-0.15369010882675746,-0.4717590123264357
26,-5.407191323921228,-0.4090137874353474,-1.4129372208870978,-0.9899631249827743,0.35658196545037296,2.29763347842826,-0.7203329743147807
26,5.535745933473907,-0.5544643038600465,-0.25325803840301064,2.7312275964142847,1.024141046376235,-0.13394075505389674,-0.21282811862085182
26,-1.8176985650220456,0.5115367738775286,-1.7428216687553417,-0.7216662168355267,0.32775341979810463,0.656093014323482,0.7524402167750943
26,-0.3062637902878033,-0.13803244976165144,-0.8871956260502049,1.3335049208038732,-0.8232342528605333,-0.3667863369194461,-0.07062715176096168
26,-0.7388394509422431,0.4808923541610791,1.949795470413349,-1.2200080568157,-0.3421038259239186,1.4951068453608238,1.0802454839960793
26,1.671085233870318,0.7734344246260796,0.047122023023723,1.4017762958735314,-0.6814473692642771,0.7007093201852007,1.1981856134370132
26,1.1785786822725708,2.796152214951293,0.8569578880729299,0.33222337659177154,-0.7535494894802739,-0.0797415096723392,-0.1474329088754548
26,0.17257014478227573,1.2296798109152811,-1.6219441700226787,-0.8184739744318015,1.2050224936186609,-0.3496777511211946,-0.3523373673635003
26,1.289780963188543,0.9427755485677097,-2.1761395446587763,0.3078171887601344,1.0042907816273903,-0.45511108262420386,0.06911430454427858
26,3.9474689644251133,0.3067742347876658,0.9595644574024161,1.1336506340199626,0.35603472639936895,-0.8041313716582569,-0.3821593858580745
26,1.6006630190597835,-0.39785262066890315,0.09800739489028458,0.932778906368962,0.005808749956069913,0.5458818737987848,0.8366779488371525
26,1.1796655112632197,0.05030788883830912,1.6216348630989283,0.2241013100947981,-0.011483997140953928,0.23841205781127775,-0.5418952093038746
26,-2.905954301502026,-1.0311360453431615,1.0435557157075623,-0.4178100004208472,-0.5134062320596918,1.0865127066477216,-0.6939018231396316
26,-1.977126979948677,0.8126947138532546,-2.221994246822793,-1.6503313357455773,0.48836473139348335,-0.573614838023666,0.7636726127552219
26,-2.2015800723245436,0.6314023257201608,1.2028888608849653,-0.9793879055160369,-1.3592161333040178,-1.5190174627458652,-1.051673433933363
26,-3.0062679241611607,1.2852267196955138,-1.0181749887941276,-1.1078253747474507,-1.1652568140877644,-1.9611162663691186,-0.5995708712872035
26,6.222602089644338,-1.0009329870026242,-0.08746378341410672,0.6109104986408662,0.6641011022220579,-2.419366936191081,2.1465974779632613
26,-3.6144667497093863,-0.2614528956819203,0.26047584011883734,-0.42779900849850344,-0.8316637580832325,0.7559676957263031,-0.6832224173467402
26,2.156377419152469,-0.9738642271625232,-0.6825763504886426,0.4930824482358634,0.7704137985925567,-0.010608240905762258,1.0348263727777032
26,-0.05564016605509656,-0.21059939715972367,-0.7670141372694972,0.7702049091637662,0.09461428819022169,0.6967519039701803,0.16888963363835016
26,1.8172681412071663,0.2121105531063287,0.0117492153499145,0.8859164852841283,0.22704241597763536,0.8863068532271493,0.8028109426497734
26,3.624290466261836,0.8303558768241336,0.2698162453097874,1.8377015129799235,-0.21501379608892987,-0.6191778908006883,-0.00640628555273226
26,-4.294017880475535,0.2996094216651675,-1.5972520213610004,-0.40235926595774935,-0.4824698337285509,1.6324433678439594,0.35435136429056685
26,1.4654828392258668,-0.6197674524040833,1.7720875066929436,-0.31975728444560975,1.696098971848608,2.0655260735444094,-0.8437568847494265
26,-0.7055970982224085,-0.08933642680931944,1.3469479141030563,-0.6887172070293295,-0.3884785990121275,0.15766188081342755,-0.04018190953912815
26,6.4284231921055675,-0.9613396432869578,-0.3306832401610807,1.3210802701654485,2.45669883347514,-0.23695896628829136,0.10779921542338275
26,-2.8173002154335824,0.40718105887330797,-1.692372770608828,-0.42382850985368836,0.2477445083748672,0.6063514516986029,-0.5819127745320075
26,-0.5541285856017566,0.570586542317984,1.0248092804366045,-0.05674393551944856,0.04195110225349944,0.8990385343147552,-0.9639789041104238
26,1.586262589934357,-1.252211719988083,2.0179189103171082,-0.6057192069903291,0.5744455333787185,1.331799378538428,1.2859366618777748
26,-1.2162055129288496,0.7650683385067357,-1.117519001900728,-0.25651551872035466,0.7317204654596012,0.7280323548792776,-0.8318559782408824
26,-2.0123124024586683,0.9349331777776714,0.1623855957747994,0.30126428905499897,-1.5940942139802674,-0.12387048092064872,-0.029743073664915687
26,-3.6111346871985073,0.6518937937131338,-1.4565157197590093,-0.9386232872224268,-0.1267946420346066,0.35726779156206706,-0.4617738578311438
26,2.5483139946962394,0.8781224629837658,-0.4998991808460134,0.9428104508869348,0.19424856259654114,-0.40022344752353334,0.4062156950033524
26,-3.428746767879268,-0.9426326134912026,0.6284835096564436,-1.172160649223945,-1.2874272393479242,-0.9238999959995776,-0.17671851425792184
26,-0.40742392527729876,-0.8928830723324591,-1.4495739198005244,0.8518673785332814,-1.121036263209208,-1.4775524934234674,0.9753104958844817
26,-0.90894992907475,1.325724392831856,-1.0966382221668378,-0.6828839648343352,-0.5709055759563787,-1.423875487157616,0.2670877086828037
26,0.6595173425166496,0.7282695892854716,-0.3529784975774791,-0.9098651612102379,0.5379807720319197,-0.39688270826324074,0.5403145349396694
26,-0.7108740410448056,-0.3053535382437235,-0.5425833439492298,1.1551990092985556,-0.4777702191922768,0.5395254174897034,-0.25334658604729043
26,-2.026185372647264,0.5984402122306992,0.01793187356961313,-0.012741239838866804,-0.9124991283160064,0.989925278957654,0.4906980430157402
26,-1.2215774202284528,1.8118924408724362,-0.11683829503540231,0.21452756465338427,-1.49256507532022,0.1304659566155801,0.7831194146466749
26,-3.385092447300395,0.18812035963356644,-1.9635721890477453,1.4141206092319274,-1.7744971013569208,-0.23993287623610648,-0.32770002543958865
26,3.7494772351100263,-0.40367418859426407,-1.2797480111451451,0.7722126834556124,0.7142664681547145,-1.7941986670616612,0.8500117119977945
26,1.9178362912596243,-0.5813642255760288,0.14685836448857767,-0.08184809492765927,0.7967836141230551,-0.24630621373704137,0.34455873996739844
26,-2.489047866924627,-1.1517404746981397,0.4680367302595689,-0.9508146131539635,-1.2881410611104251,-0.8743614279849585,0.7469282541317108
26,0.6683727350673185,0.20533149598042638,1.4494231901209869,0.2641289019976766,-1.0470197176189238,-1.3239429179517097,-0.5098130387542585
26,1.515702915131929,0.5102678266933163,0.5869752026303484,-0.37478145906738153,0.07309817087855056,-1.0938607388189256,-0.004291092820031983
26,6.619723425848317,0.17206778433662176,-0.02431128459112051,0.8301676068495918,2.036066147559319,-0.4190698234537884,0.8215472894243128
26,3.4978087578474293,0.3526177246534941,0.6058708957303248,-1.1237030132487733,1.7603031186227962,-0.36043812815833065,0.5201391542595939
26,-3.6378680077109786,-0.15125778386547362,-1.0983867125521722,-0.6877963434714037,-0.35653542928302545,1.153804199176099,0.43471716972318586
26,-1.2414887107899637,0.4706365393279003,-2.2851556250782203,2.8556321958406135,-0.736820333046201,2.211257975727259,0.20979899268304672
26,4.541720211552743,-0.8280035360198883,-0.2440572324503146,1.3378808144849088,1.8488822861114496,0.4821910636331511,-0.02261551830410896
26,1.5476200571832122,-0.2218380473482035,-0.2939486350453024,-1.0660926459626958,1.4903186824762258,-0.11295505324049672,0.45803426665371155
26,-6.559718550268258,-0.03935966478675878,-0.821342697424071,-0.5086514763709032,-1.6472888143601017,1.7687892279544601,0.10764805078021167
26,-4.141186114911286,1.3223451667991195,-2.244575304089324,-0.11131005887138051,-1.1747695731004384,0.575524643402625,0.5342454836890507
26,-2.107698291704118,-2.0594067668858655,-1.3658881947031163,-0.7473905552986224,0.7280574294291858,0.2431618048684454,0.19602606539993855
26,2.3269578125030446,2.2732255212947226,1.4922422055699025,0.8795519689737535,-0.16177494687586538,1.2158813154127064,-0.08179389801041304
26,-4.837986313506513,-0.7004206631544415,-1.1154132480716363,0.24980564096124336,-2.569953741308904,-1.581246935319258,-0.1884106480009713
27,0.9852775682703699,-2.1761113951256084,0.890872869947121,0.20233221711334848,0.7531333442688376,0.33320412017468815,-0.2941004981469567
27,0.3572637581949787,-0.3962484695331639,-0.22275747902771625,-1.2758560906891687,0.6597153811260547,-0.384683790484067,0.9878150552868536
27,1.8507547407024263,-0.8875067959702008,0.2896667920243234,-0.3452779375423513,1.8333856392754548,1.378276973061835,0.2342639474876556
27,-8.096041864143748,0.041660916344768026,-1.1275151252320694,-1.1024192740042358,-1.1277397572715067,1.8792588803380832,-1.2009898911966108
27,-1.1902921355231388,-0.5475509951501253,-0.6885123682936078,0.5954357026529351,-0.47946832124609734,0.813175288295526,0.6509541071538494
27,-2.1200699624053736,-0.4337595286849458,0.3860965280331244,0.08211826022116726,-0.5299604262287212,0.9659590153809232,-0.38658424858941043
27,-3.696434697159606,0.28661616490926556,-0.5950135085638316,-0.3358637830951451,-0.41641146712050364,2.3370446222421126,0.4289339600754302
27,-1.7532705879178883,0.6549573230350164,-0.32220119953370124,0.26073628635401036,-1.0892979719547478,-0.13288335527055528,-0.1039398907937705
27,2.0324444986450203,-0.4097121053693561,1.0839999986069133,1.3623630896483658,0.09302745840413384,0.17418837270123527,-0.9021106258567959
27,1.8199155258494923,0.4633855820886426,0.1706354367530641,-0.6620718688305735,-0.20337251666483852,-1.5544305576064898,1.2630095770211542
27,-2.5947440792158245,-1.820740968823083,0.504957384369937,0.5242553754490675,-0.9294635535415323,-0.06310048978900334,-1.1798874250537597
27,5.528886007695359,-0.7391634243855375,1.0140722420666797,0.03213329977361619,1.8531048551446936,-0.5378285402515915,0.5921572776200459
27,-0.6037662427702135,0.28035543019458975,-0.2580843526995659,-1.0607254813125682,0.061186691214170405,-0.14094540648434178,0.8419098278882271
27,-7.924714206990171,-0.37555579049475646,-0.3164490255495784,-1.606565462642034,-2.4022450006031026,0.12588320107442125,-0.0802658899495372
27,2.1305881910943123,0.6329324490231996,1.0414710412646564,1.258532444233165,-0.3229033789072279,-0.13320961126910177,-0.6025505944863376
27,-4.82615672917153,-1.151026703369218,-1.6968291145306724,1.5436629864549707,-2.5628836144549547,-0.28462637025063353,-0.02816788397942882
27,4.634870526577266,0.7890338879078059,0.3761491805539907,1.226493159535717,-0.24253486048343634,-2.4813664997532405,0.02816788397942882
27,-0.9782537596426826,0.7822098934866052,0.10529736444300178,-0.9817470322511739,0.37684399782371875,1.2177148424057012,0.4619913243060377
27,0.4392173201024713,0.17912618964813898,1.5834894385221203,-0.3634987668743045,-0.5538598467566249,0.6305017157794731,1.0496343463604612
27,4.224534993096068,-0.06815104284889012,-0.17830754582941552,1.9397382112247978,-0.03364854508855627,-1.8006244614103832,-0.20601662772053858
28,-2.9705682480332603,-0.7237965928114809,-0.06666460616648313,-0.7660944283302358,-0.5668158716745653,0.5327143656367604,0.2734824060202077
28,5.263039879280244,-0.10871662968940402,0.07948906520844853,1.6486407437453552,0.9607845521764268,-0.9472064726730114,-0.10382756372740021
28,3.000905774080672,-0.4357212168650307,0.940990236326795,0.781861255337272,0.6533104215658366,0.7147203857277161,0.513083805776527
28,-0.4292551804293532,0.5986001333040742,0.06470667628406121,0.10703527152754264,-0.26002162132132367,0.8376157657441656,0.40384417773004744
28,-6.7183847231436324,2.0161094406252165,-0.13050586891100768,-2.8390309306611092,-1.8207824237920207,-0.9733332553025369,-0.6691555862720652
28,-2.2487077070763517,0.5634767316223193,-0.36987304986079234,0.08404760208091305,-0.8254343803621932,1.2030082603863497,0.5672325949626478
28,-2.257194024975183,-1.216183325378681,-1.0071011781813664,-1.068491725756887,0.652880796842404,-0.3513099998072597,-0.6963351889612136
28,1.414468928595315,-1.1695703807652698,-0.12570335248320014,0.04152023311902367,1.8161226241740196,1.4592163766091244,-0.11035174995630048
28,0.5178867380308805,0.02574907268295557,-1.3535425185165104,0.12720360449926021,0.8312448599679804,0.4291128487674089,0.43437244228847116
28,1.7904739177326752,1.0015700605255604,1.4655287150847298,0.4553621462772833,-0.986910956637502,-1.4786266419653438,-0.36368777572109945
28,-0.5220500166574453,1.4174683252684506,0.20378727618702142,-0.30394285424980305,0.23597164863000256,0.7163583363175972,-0.7342421350463955
28,-1.281139067071564,-1.1077057562035808,-1.9200098143650361,-0.15263261054703686,-0.39107262972413004,-0.80732728252893,1.396490518135148
28,-2.0809508021371945,0.10417331402647885,-1.2739533520644508,-0.48744054254166586,-0.5628441665322419,-0.454706578541729,0.5430584612492704
28,-2.048167433417386,0.13018963972888148,0.7020363386646994,0.1256585588498775,-1.0969419978550032,0.38042182151179343,-0.42948061299954254
28,-5.916173318796216,-0.11047215217972581,-2.2853657886584573,-0.6515180218194246,-0.7664558733935377,1.0445774653200706,-0.02080520921161244
28,4.077127167997,-1.240008773784666,0.6857160058894429,0.6050325541382595,0.8412136882039615,-0.47770081112917145,0.9437385302554062
28,2.25175278577969,0.6252703065130799,0.3020284700857201,-0.9557080525114667,1.8806937044626586,0.12633942142755206,-0.5643967462931354
28,-0.38568927865060476,-1.9129936133852137,-0.7169409860600717,-1.3098968886482816,0.64320351401576,-1.5552586100183703,0.41092820902460603
28,-0.24530339743236285,0.6885326054653967,-0.5791539393239049,-0.08637279184601925,-1.174958681759514,-2.1168815618824444,0.3521792285644558
28,-1.948739396389281,-1.5793608272665292,-1.3002266217831981,-0.456971027534395,-0.70706451198490194,-1.8795709117586354,0.3611822925399426
28,2.927510546343262,-0.33786205649428974,-1.1834570898044001,0.44958157594074216,2.108868875027028,-0.8058489357017364,-1.4180603852720983
28,-5.434620672622603,-0.14713214921840817,-0.3758020997123703,-1.528643613890558,-0.4623871020483661,1.0239320545816373,-0.7435808187868224
28,-2.1074951621883216,-0.6736354337250758,-1.4671581685189428,0.26130411406513016,-0.7871982967606317,-0.937558000824962,-0.05863685520823503
28,-0.29119723986477897,-0.5686277763845401,-0.2953407175236498,0.9789989317974798,-0.45889577310437046,-0.9715459947911267,-1.2337954804274645
28,3.039433714296849,0.47085649174419625,-0.5631463509597961,-0.8935656396062656,2.392243024670713,-0.2913573486582974,-0.368343119205778
28,4.152696418443271,1.3013367189006564,0.15326002911180533,0.776499229731006,0.3558429535703591,-1.0949147728467994,0.3774185052971104
28,0.07809801467395872,0.036709128550896405,0.5039011858978986,0.8270988959190755,-0.2893099593972914,0.5910653627213839,-0.5151207978620348
28,3.757787293175303,-0.5948948196705396,0.2584769085784926,0.5900257587797725,1.088962308673813,0.20117955915909727,0.9349740980738932
28,-4.51233222855698,-0.6652882954860969,0.614697488208148,-1.098417813350295,-1.3950720158022891,0.6922984144511743,0.33568359705911655
28,0.7453336521778875,0.716171020744132,0.16009427420177091,-0.3133276404349247,-0.1178071522244704,-0.9331129996821956,-3.533669768172043e-4
28,0.43454267172430283,-0.46372414490418945,-0.6404664915260455,0.3243465070006615,0.7013253334660917,-0.09167642927029651,-0.673975621001029
28,-6.3497790443336894,-1.5474402936350686,-0.23393870462952918,-1.4389460642340934,-1.1208348530712329,0.009374652554390479,-0.9326567378386297
28,-0.968780662832146,0.04392912383515628,1.358880342742852,-0.8463634807973088,-0.4853939151600336,0.4111938511491105,0.3019013351725648
28,2.805161418682145,0.910228113381331,1.5968756775288826,0.48400393741609493,0.4225712713359686,0.11910995527230644,-0.6988668090611766
28,0.5958330514952663,0.4614054095173106,0.45786011882136823,1.073687496014205,-1.3903220546503403,-0.7323403777024922,0.34504271549212384
28,-4.2973187940289135,1.7096900483418798,-1.042723332979732,0.3270738696826679,-2.023078663118187,0.7331469809458444,0.17925301743809552
28,-0.8403743083320547,2.4683776898626633,0.3299878771052392,-0.49685796989419784,-0.29076807602274857,0.36444471608809365,-0.7132832073937379
28,4.251554053946027,0.6249653962656174,1.2193912030132208,-0.6348038183086472,2.0358343690937875,-0.11858287902926332,-0.5183657369538706
28,0.4758167636730406,-0.17892241105787793,-1.100752128230079,1.9252795410169372,-0.7962125042138957,-0.42645354969166815,-0.055917755357223875
28,-2.5945050852346876,1.2698876105827093,1.114989483434974,-0.340104692840173,-1.3823317474496908,0.7845549729884903,-0.2850628668128852
28,-2.7093749962860003,0.7466128015425642,-1.5375636639440722,0.6920175845939591,-0.12261069838388382,1.7460742929334179,-0.5918484203029634
28,0.7744400477811635,2.120114656042527,-0.2033136066865447,-1.1292409047856848,1.2327641586119849,1.4697778124469025,0.6158071788479047
28,-0.5081005283836544,0.3466398428319729,1.341505980904982,-1.0057508499408625,-0.9411585214565864,-0.4634792396527542,0.9045376474670894
28,1.0003252432302918,-0.164468216305523,0.035187941912605436,-0.40048232230961006,0.6170500721570191,-0.10881858701868553,0.3051761616021391
28,0.4810563779877144,0.8420200474057516,0.681345263149107,0.35803007046092067,-0.2822718251607484,-0.47327273214678384,-1.0670730963809365
28,-2.8489443007077737,0.22122659843500672,-0.11659158081572336,0.8645365046159156,-1.967304769099723,0.17553477956171007,-0.029626458272271394
28,0.09049788050999241,0.40502274460841026,-0.7863080811472354,0.00845864220970071,-0.060249527159892256,-0.33334542574696535,0.44876025461129077
28,2.3276093424676185,1.34542640770443,1.3177883441176361,0.4711915902019565,0.3421105815278686,1.6666892464581122,0.612788492597208
28,-1.3009992462503774,-1.270272197213581,0.3505632463434118,-0.09865513620703545,-0.22005957055813002,-0.3466084153966208,-0.7749329639568061
28,0.026074736538859444,-0.5971984449687361,-0.48856380138950833,0.3436375051342186,0.1267213847841135,-0.4421393821125486,-0.3978006489693676
28,-6.07924151612675,-0.7179155654807121,-1.258671137772059,-1.4396129444308763,-0.8674873937485356,-0.11579996566237846,-0.6830183571333277
28,-2.2594896430255837,-0.9144859269767963,0.3129715889213837,0.05595678047688628,-0.6955719400095474,-0.1875803010550175,-0.9955898602098214
28,-0.7628752127313623,0.057357000230871265,-0.39471044134534283,-0.2065298088852081,-0.1364939271609284,0.6853335075168913,0.8712728036651052
28,2.8717915828366953,-0.4753888569367909,0.7226933930805938,-0.18390324824737492,1.3221360154952737,0.5346295592267921,0.5530050188318045
28,-0.6546474327375658,0.6839324605814244,0.9998976201712589,-0.6216110075711746,-1.3497291693741302,-1.579343690190363,0.05601987671512276
28,4.038509543388088,1.2880566626717598,1.8522334736029975,1.7279717839638717,-0.7862172141051375,-0.6598880235785043,-0.13716353286482752
28,-1.7998618068153789,-0.6821994570539329,0.006540468383859599,-0.8397732558601299,-0.04354656160083346,-0.4316988065845605,-0.5502483462649708
28,-3.567151270649377,0.41302089455887997,0.1602211202931332,-0.2805884699645125,-1.235323107042647,0.9436801709058757,-0.09867374828401188
28,-2.7349623227533533,0.3155513838886316,-0.3957484291012353,-0.8372945190688975,-1.3385897057259095,-0.020554121790116578,1.415577482668615
28,-2.2707954429696215,-0.9332412626798184,-0.709500666830606,-0.27483475257670253,-0.28854280205384486,0.4995896934067672,0.39425328158040407
28,-1.1751174915262423,0.2560158378730843,-2.3633632175830885,0.47234469596280304,-0.4975878177467384,-0.0784031998095674,1.268493198860009
28,-3.3305507875904388,-0.785015750479333,-1.2043919021126697,-2.225687901845612,0.5543807240277401,-0.4393516766184347,0.05676771785640011
28,-2.869900324051965,-1.0636071792956328,0.6371697988154837,-0.18359174018271346,-0.3892204408812336,0.6645905587121366,-1.2568474824709583
28,-5.512241275478704,-1.8319310647107052,1.6466563370153264,-0.2941496802628315,-1.4746016225759317,2.3332680516824333,-0.5192362629101342
28,3.033712019562551,1.7137282922692898,-1.3876894791055987,-1.143997979612443,2.4569010720828532,0.0070303225917586485,0.37376250037822123
28,1.8262841984121385,-0.12645238677077578,0.7466664570800229,-0.16280376771932278,-0.48747114277317727,-3.4020238043559177,-1.0400319325130756
28,5.029924268268372,-0.33368377693434753,-0.4319403293008056,0.2677637448823442,2.3907081955354434,-0.957886086352753,-0.5122416087108038
28,-0.8279110994532944,1.4321544909592747,0.7911883893791377,0.2568013976372979,-0.9350354957062759,-0.22649319128204684,-1.0768010306375115
28,5.304203690141829,2.132631143408304,1.743467633107557,-0.5035767244631975,0.5391621287624855,-1.5566266086941025,0.6148347058058428
28,0.4411759182178532,-0.7223587071194466,-0.9594870158995669,2.3136823981718004,-0.6460890223409347,0.316930444126918,-0.09957282077176965
28,-0.29493996602552175,-1.215259138702567,-2.0807979601066227,-0.32847739684801824,1.0666475173602161,-0.5841477825246725,0.16876084145930714
28,-3.00877607519009,-0.07808726187653683,-0.29763891807191645,-1.6006917423115465,-0.6250390576800613,0.6969576660841502,1.6759798687316876
28,-1.4214809504293586,-1.4526084124645515,0.6909199856884615,-0.5508922502228147,-0.016180259563395565,0.9445229060449585,0.4171250706204275
28,5.109942206822882,-0.620994710460696,0.95014908761975,0.9598409035839096,0.541146625819345,-1.8146106821730812,0.13362518524584477
28,-2.2810037484025516,-0.1022325282604289,0.4879021173609532,-0.7524632041144015,-0.3344302860539974,0.5636014027492987,-0.3566328206043947
28,-3.0524046488221157,-0.5244945620274469,-0.13296830159048165,-0.06769548486863454,-0.7148401245185905,0.9728069889635296,-0.15315860091424804
28,3.6937633993970045,1.6845929901551766,3.0675008158888093,-0.39813194986706973,-0.20447463527108473,-0.6804835842187963,0.10962969955458446
28,-2.7415518772752954,0.23360392902399124,0.9592805529441111,-0.6854460646976672,-1.8581761558969743,-0.9265336471322295,3.533669768172043e-4
28,4.079376182403073,0.12287609218355168,-0.38370094730909676,1.3192296971997162,-0.20377124227603327,-1.9359609347383782,0.8943760876345077
28,-2.751701197441191,1.672040345240491,0.17565237802922254,-1.8535146203509423,-0.5219224977211444,0.9635419026939281,1.024285080571971
28,-0.6700810704889242,1.5104975092104698,0.8056960632250567,-0.020845071146450324,0.02198959023545849,2.083685453147885,-0.16005200892257232
28,-2.9321813727123933,-0.31692912084142005,0.4565428853331572,-0.17101756810502755,-1.6156108087416505,-0.11643781395344041,0.14105045806256133
28,2.257499973173066,0.012039174475276049,-0.02497095391003398,1.433551567583836,0.6211395449749081,1.1066945992030588,-0.009460502277049976
28,-2.0486483204962362,-0.9614034225410133,0.19113125191440183,-0.05925213934990839,-0.06338742139950691,1.2277428318739028,-0.31568197744235216
28,0.999765686904133,-0.6869571105809474,0.47913362114810637,1.0345154517093509,-1.074791457822565,0.10129375210307935,1.5632141112306834
28,2.041768603592889,-1.4462143407742167,-0.5901784208710354,0.23644868665640106,1.2755724628400822,0.04017185196479276,0.4894080911510592
28,-3.4000889915845236,0.6537883804316559,-0.25368412277230973,-0.8362244752728631,-0.13993015107415507,2.0521479892284202,0.11304594525798306
28,-1.5441827749841048,-0.2276869950358279,0.7956852523873795,0.37997009116542396,-1.7208168178111642,-0.4472455372005635,0.19840843182005852
28,2.69936220730688,0.5628399986346325,-0.4219443543153242,-1.1046003021375137,1.549429738551402,-1.181612680288221,0.2163148581201335
28,-3.1032600779702397,-0.21154241010110406,0.6337349121187575,-1.187199766291999,-0.578191674025222,1.2387232813612452,0.5446824938112427
28,1.6687647779271746,-1.4626821315358511,-1.11392856485416,1.2138225888506933,0.19332751608515988,-0.5982336906752206,0.7084118024276798
28,4.924348200986418,-1.060797622494793,0.9095498921582325,0.21137914694570384,1.6217138933420492,-1.475709696907404,-0.49100908393447595
28,0.005601765532272762,0.7460917290499695,1.2690260841849537,-1.5845710102468955,0.6503102677965651,-0.33616484019176684,-0.8963990435922193
28,-1.4551581971147591,-0.7648947574618198,-0.45549177854661854,-0.6120730932292382,0.060968920670098105,-0.8420409656013137,-0.6630882069348832
28,1.0810943797397843,-1.423575239095138,-1.584093085526314,0.6083946306051048,0.2639625227637685,-0.9942409645809952,0.9422171287974781
28,-4.321544730697619,-1.6196038324950415,0.30424454410254076,0.2784585267004061,-0.5181884408886596,2.27094389609834,-0.9263543707275896
28,1.5427503796906665,-0.5941523343858075,0.24477901538212996,-0.44453922666130313,0.8948702146448339,0.01018796036661036,0.48230390257033773
28,-2.9460455247019426,0.3450231380959298,-1.5550097311235023,-0.9466792621667067,0.20916680253170353,0.5582123759409755,-0.003649698498776832
28,1.845444276057774,-0.3467963658133452,0.5974726200882785,-0.26777926817317876,-0.6261445782125457,-2.108887127106123,0.9664407704549045
28,-2.6930767798553967,-0.5308805310889039,-2.0337295609515613,0.906845380762695,-0.5354107051807822,0.10326616984397897,-0.5800874442978826
29,-1.9784462621252759,-1.2781955697199472,-0.11977275164555169,-2.279168008571136,0.49733571103990226,-1.3313879315244965,-0.12688306636734675
29,1.3051298136150067,0.1833181335164578,-0.09959043163904406,-0.48125908830600367,1.147374772774587,-0.23623050733255033,-0.4960302419268974
29,-0.561716782293741,0.1479919827887143,0.45541662773262576,-0.9888077494631564,-0.459121419973224,-0.17850332055139037,1.1318217421690684
29,2.5671646388048495,-0.37317523686053083,1.3699899688513464,0.5032923749195202,0.5653620479103175,0.8069675051057945,0.3050671352896476
29,-3.995538053406235,-0.5076998419135192,0.9113478969478533,-0.2552946158689168,-1.6686681083292854,0.4909772336385928,-0.4417806552967899
29,-0.36295844081381545,0.6297711377239662,-0.7676228495845434,0.6422564883321328,-0.3830624654557901,-0.20499539230906308,-0.3124763539869373
29,-0.02168500441337473,-2.0407334359533125,0.5656928731961148,0.9017180913308804,-0.008473667329337239,0.4821354025500628,-0.4205055594204167
29,0.8065805672113406,1.3079461699191526,0.07626361004365165,-0.9269493145761738,0.5102103697553884,0.38027194209761783,0.8266190466592146
29,-1.6391924462373968,0.10877961112616714,0.49980868854526045,1.0568368673717399,-0.9320118755365777,1.0432885442483084,-0.871333946081887
29,-3.3882957972616516,0.8536621814756361,-0.39011995539954486,-0.7217903931186784,-0.25744618050295504,1.1351907415666502,-0.692238240349347
29,-1.2553644537467672,-0.08076849301225593,-0.6731734624206345,-0.18297737577452722,0.11782291739757297,0.5052793413603945,0.002292825407034682
29,3.601785349744659,0.026668227149894367,1.0271677157202272,-0.359312181657399,0.904039400865661,-1.1511148285445687,0.1410581626596927
29,-1.1971525371892688,-0.2864069654813455,0.11086151220965555,-2.1030025313677276,0.7952961292034775,-0.30941164475720245,0.08968932722918238
29,-0.026938644486793006,-0.5601808215484263,0.6755081510787387,-0.35746204988176256,-0.1646661885822729,-0.3664242185279567,0.07674484866791426
29,-3.136974481760727,1.0077459200675887,-0.6418493696708022,-2.072607389580401,0.29188231930042746,1.531299357552678,1.0574477311987056
29,-3.854566384839646,0.08567006491150125,-2.7678095709107646,-1.4971504424142796,0.2884201214938481,-0.21155054496091105,0.32774302928817933
29,-1.0027472253923757,-1.2182099144112222,-0.4682959129407633,0.20036870784431499,-0.7827869646973787,-0.6508913446012285,0.6887831677810553
29,3.6373551302356866,0.4122271085363774,0.14352521264584445,0.33492423026307083,2.3818523700501673,1.976081896766252,-0.002292825407034682
29,0.09352105826552903,-0.8948533549427912,2.009492056669456,0.682696072673157,0.20921561672530228,1.569359779046095,-1.3416598843467766
29,-1.974902815818947,-2.159359203102336,-0.030999634775111654,-0.6627879190968832,0.48095683231912145,-0.11379249801909554,-0.9457478635046812
30,3.9589698103492266,1.0078920251597216,0.5078294919037812,0.9528311629455157,0.9863166516106664,0.05273164289464012,-0.40195409887938194
30,-2.3417921844594893,-0.3816333762830534,-0.8144780038040023,-0.6650510226886247,-0.6629673508726855,-0.2455561773829402,0.7414575658814081
30,1.5903102807515421,0.9350901599808931,0.27538074235860366,0.4428617788946685,0.5767210952756658,0.03480791330590888,-0.9355424871849336
30,2.0903547873218207,0.10423316637661338,1.672520101756635,1.1824558269594083,-0.13783776622967772,0.8186763793672839,-0.31361372623559425
30,-3.0178438303676085,-0.5348543802198341,-1.3136887520134828,0.2212046951762867,-0.1681767366741596,1.034799679761135,-0.3973817778991844
30,5.180433851969745,0.07078167712135854,-0.017296786453741594,1.8249690763458817,0.57619298881224,-1.4080660030409469,-0.13556579532144175
30,4.612187339132621,0.24018180531976527,-0.07608754084702275,-0.4118005983605262,2.483567237107737,0.5457646251204622,0.7645150257655394
30,3.448437733125365,1.6896479337458652,0.6174764550000036,0.8446866140480267,-0.03217322346531982,-0.37884549797548567,0.4046083391355427
30,0.8020344997451054,1.02414917710077,2.0357343906265783,0.7239988440298577,-0.8095381263727683,0.6118849354034424,-0.6008115573276656
30,3.1471756235751034,-0.4197390743843328,-2.202559378350093,0.22345965253217434,1.0380986416125508,-2.1534738504998843,0.9947439265941149
30,-0.515038437012771,-0.036986706574312446,1.1666193462367889,1.3004911321310249,-0.3081302356822417,2.5642584134843847,-0.4333822433100729
30,-0.7064223824311415,0.7649765373596062,-0.7085978023343911,-0.14174493541748914,-0.04382397785525111,-0.041577807967066706,-0.12162529790688437
30,-2.5492078417361173,-1.5008257864076042,0.08642168368678248,-0.16294282438251748,-0.9354281259740459,-0.20858719327497696,0.02146666302779332
30,2.8725979989930037,0.21401431276698096,1.0845470384231737,0.13198682084273317,0.43547573228036335,0.2716519754414112,0.8837640838029241
30,1.706877054029676,0.24474753863060425,1.52950149857165,0.6835416355937457,-1.4339765327320955,-0.8928525138449044,1.0047898843713916
30,-2.786232804965832,1.1769274238895129,1.46835411596099,-0.8878215281710801,-1.1843748707731292,0.027607611677051017,-1.1149609873916488
30,1.9536398911112594,0.6333283876199043,1.7674606451773869,-1.2506272255720143,0.466978091389648,0.43357217811782767,1.2450718858204735
30,-0.1328284956711135,0.7739449932390294,-2.082282784648908,-1.0024001663819582,1.3724507104954782,-0.334484629186323,-0.013304008246062482
30,-0.15140089166941562,0.40470715687629244,-0.5522075102493766,-0.5092909934864054,0.8913903345498416,0.9196680000797328,0.09927686135147251
30,2.1959686416994098,0.8839939731059187,-0.3148682199887543,0.8643906339850183,0.7558172564138492,-0.46757206119450273,-1.2069526498645238
30,-1.2603549446859703,2.515154103352404,0.5742963372522679,0.3876194805164353,-1.5596117532154858,0.5811299966944969,0.02669594873637582
30,0.2532557166000435,0.12912968479427617,-0.9223360563227603,0.07345570634913375,0.4554212588831679,-0.26714695142378325,-0.17714609818815408
30,0.9622006482444776,0.9441720762640824,-0.45589729703954673,0.8075107047567223,-0.7220211905849679,-1.7846838067268609,-0.6058955755400255
30,3.1290517392815698,1.1538120715817963,-0.027380029643942677,1.0787396471502964,0.06403116150535113,0.31233124726040945,1.1456851866588769
30,-4.0856447823473605,-1.256393005078552,-1.8246639556573971,-1.5703588535010893,1.3378161303426874,0.11689243044038697,-1.8359858741440411
30,-3.096618877394804,-0.0751955335848054,0.3840722022338253,-0.12146912484028774,-1.5403072133593707,0.7486407620599226,0.5683655632028694
30,-0.430037134893841,-0.3779160700595936,-0.05224826197735129,-0.2108002251597674,0.8853228028808755,1.6145372613981852,-0.028738844510607597
30,-0.37850448752500987,-0.8093591274415138,0.9915142349970621,1.296200392625491,-1.823236136741894,0.036022925125046464,0.7728554508692831
30,-6.009987185988074,-0.7904180229724302,-1.0479509113514796,-0.39416180208990537,-1.3790698954468301,1.2307487773679222,0.013304008246062704
30,-1.3601515756689366,-0.6286881086548398,-0.07756520095335759,0.14074391264108546,0.22394025445722468,0.03845989376983226,-1.5887788044944045
30,7.247744294090573,-0.637886706764605,1.1284143745508124,1.13886492106923,1.6337970388348824,-0.5120929433486346,0.9502888702998185
30,-0.4790671194435917,0.9198304354253958,-1.8405832135853375,1.4370344191616558,-0.5614482180794692,-0.47712657688475113,-0.6081808930392487
30,-1.32027541342533,0.680061627440306,0.7523680443696578,0.7776374020280062,-0.9028472785780984,0.9713660751709925,-0.8020697422299605
30,-0.6336870405501847,-0.07596041151685962,-0.08319242921399554,-0.05129791756508275,-0.020345761140416273,0.03831444460272853,-0.3565615623465741
30,0.19587223134049592,0.013611785163742084,-1.3075841037243394,0.3473988813376678,0.99721599245308,0.7668629467733861,-0.2520169176563114
30,-2.60427470457134,1.8672604215147162,-0.7364553362942717,-2.0925578958726887,0.8530537876295529,0.11195958397288758,-1.2567607265116116
30,-3.8385305268983068,-1.3344696366013196,-0.8968267046190557,-1.381291437250655,-0.09023177807165661,-0.9423727083810945,-0.9644410003403903
30,-0.6894976212958466,0.18249599749111003,0.22442431658116957,-1.658371818187447,1.0042347285401974,0.12084126729856967,-0.40524039912322585
30,4.823299751716263,0.6512552414804953,1.5809487114683705,1.0572791697442798,0.18156604254782488,-0.9126248488724426,0.055047730923132976
30,3.149931679551309,0.2596588525272126,0.23907976447926702,0.7942993723848348,-0.07687106675903314,-2.0201174166977385,-0.276801852948489
30,1.6579659579726793,-0.4445773203517715,-0.5390069501521363,1.106357212062278,0.04333134637890093,-0.8943427494318544,-0.22127969198237185
30,3.625276119996812,0.458059741101479,-0.3124814433938623,0.7398487321535634,1.140011665902566,-1.4743686999315389,-1.1554374371270812
30,0.022718951796301234,-0.19101499493389137,0.4674800975364126,-0.19264433562108857,-0.7980523782088388,-1.201471542613638,0.33434606896250674
30,-2.1409090520259086,-0.6107081796546853,0.08380664568981289,0.5037033077766714,-1.0192331826039007,-0.726196805673238,-1.3626470100188226
30,0.11902500632122803,-0.009583533928197384,0.5956841627118672,0.6485911209273051,-0.3102688689425455,0.7931453234515231,-0.031071009480883927
30,1.930959331800689,0.1814667272791975,0.13001584964024068,1.2613377609423009,-0.10998788080095488,-0.4162291834727496,-0.37804994476344134
30,1.9224982908544697,0.02699943846940136,0.039277121304117826,-0.7701772936254566,0.5737467064318171,-0.46747630635999743,1.4100176715302044
30,1.1318097505684857,1.1821910166696556,-1.1571202396010407,0.35169979578261845,0.3976683642761196,-1.11863017976629,-0.7436821201577586
30,0.9381121024675483,0.9257879768703646,-1.1674953585143701,-1.3057330089561892,1.780339111205861,-0.14914118124598205,-0.10850641767668434
30,-5.259326302765065,0.8410098202825536,-0.9862240354289267,-1.8429267308285675,-0.2876089581303442,0.956406943581219,-0.3975922213926568
30,0.1810587454586483,-0.6626108685416487,-0.049670255826326164,-1.5160469023542633,1.9068047160765182,0.7785891874951616,-0.19891545557068135
30,-0.4523776876899992,0.8966891402663514,-0.08791619507676399,-1.9248554602129042,1.4037814386440943,0.7549849388193974,0.021899189104154004
30,3.523642433318633,0.05290473142882951,2.1305783117135526,-0.8754515727929669,0.8371040517293131,0.45398220238046244,1.4595632140019525
30,1.9318019194407998,0.8458175734698172,1.1934680403209506,-1.2675454741499312,0.30908494494734484,-1.1906047572241536,0.40796865649099434
30,3.848924060409938,0.35509388117499413,1.180821407740208,1.820833092589073,0.2076854662265255,0.26429170181016026,-0.39177315744426666
30,-0.33089218205827375,-0.4435865880503097,0.7030994833641756,0.7703837424823109,-1.8536610227402883,-0.6086147140137598,1.130933346346056
30,-4.006792162165208,0.1968556307975814,-0.30478807982568196,-0.24525540448294783,-1.5123125344832156,-0.18533357044450227,-0.5932572924919661
30,-2.39382174426272,-0.5498599957790024,0.39949500627083195,-0.3985407571340877,-0.7906132595237064,1.1692304422421471,0.8298813443466407
30,2.8770404154495224,-0.32030351425555387,-0.08256708274697688,1.4718799151884894,0.08376679840826201,0.08004803990260505,0.8244538256276233
30,2.7205105429771494,1.6994174017855783,-0.9181922131059816,0.25844863341332586,1.2593505710803745,0.39207391242211054,0.27469387533171463
30,-2.290424340150299,1.4100538506689428,0.32267014113186887,-0.7736114975901179,-0.9565751878436333,0.4569907741235877,0.21243698957939183
30,-1.4206815274511058,-0.41828638780502936,-0.830974979963666,-0.1260844174741417,0.30709734526648325,0.5325907759832434,-0.27304064192343547
30,-2.0117658457787275,-0.4879590467915031,2.3698168126750754,0.042557814769573626,-2.167713898907699,-1.0735564088718306,-0.9395684682688445
30,4.207261294646649,1.2090469230092984,-0.3004565149680276,-0.10983442389959187,2.452835781524268,0.38419757689026274,-0.4535280021988577
30,0.6356058505678104,-0.012016109722034284,-0.026734141105898432,2.224800818773034,-0.19454215318755064,0.8384436791409255,-1.4413251961087985
30,-1.5541936751512218,0.3360749548982826,-1.1936608014251255,0.9744202248337609,-1.8925474552769355,-0.9704281083832257,0.8244661137447661
30,2.2485528170071354,-0.06263594131342103,-1.298590149465839,0.5902243616388574,1.0429479559957875,-0.5183769799757412,0.08885150270408237
30,4.45901919141137,1.1795813673444016,0.6653030402065188,-0.5163156705608379,1.2318224177242103,-2.0539454013982965,-0.5391912634728102
30,4.532380826979813,0.29133728995702735,0.5205347008233324,1.547707188732055,0.7730858257023236,0.2753216805131811,0.27376672718841777
30,4.158508907635866,-0.23779154068647537,1.2943357915392066,0.8222015146695975,0.9359956716391874,-0.128687925184869,-0.2509126540277431
30,-0.7106442297324371,0.8639793916490147,-0.8384376501479996,-1.669997076104734,-0.21493016839530926,-1.1293240777278912,1.5013355978108838
30,2.4498333495279594,0.9442935685773873,-0.5189752119124577,-0.6811970601483076,1.321712304567298,-0.4620366149570246,0.4129961432825644
30,5.561151128099455,0.5018334404074999,2.3370603086467643,1.6193971066098576,-0.23397968891332738,-1.4302120863190058,-0.4181742691581969
30,-5.760913480206364,1.5169108229795125,0.8237500591770316,-1.867590455322028,-1.8982382014887658,0.8883097386280584,0.14305287371547992
30,4.130199525091856,-0.40816680073511186,0.032275797688234825,-0.440752907266762,1.8996973329158944,-0.7662660394200251,0.39747578341950596
30,2.9028312770090325,-0.1949063873569912,-0.44174572908691556,0.13482154034558944,1.191853471519627,0.5302927382554256,1.3863836844722315
30,-0.5455308804798177,-0.4395284640114521,-0.5074925005409693,-1.133564932902847,0.7343701406959336,-0.2648209951697317,0.14851197485954915
30,-0.2760337495508025,0.9111264390958125,-0.7347380869809896,1.2607679177848221,-1.2711147434393875,0.43733207916307304,1.0915508072468956
30,2.7367460691538374,-0.03505118426329051,0.8466696351815517,-0.5445247581932456,0.9246106466349513,-0.6427842786138711,0.23238359151002608
30,-2.4219354594761624,-0.23920117314468659,-0.1856403620682864,-0.4008229627645388,-0.13579781916766503,0.8918832205577394,-0.351981207795655
30,-1.760810858011271,-2.982695623590392,-0.2289846801120608,-1.6012675634343942,1.1696317459100263,-0.08900870007304988,-0.06684921284552492
30,3.2267782399770564,0.13068101464967247,-1.114835263008171,0.019580680846754087,1.9636938908710846,0.4616870758226963,0.7812012684707872
30,-0.4008450675770796,-0.15713797260175108,1.8412619136146833,-0.5862229057283401,-0.5045883015628496,0.4717302337242177,0.1967032005515399
30,0.5134629270605471,2.7604760179110786,0.4120824433394702,-0.44292993626203697,0.5294604726246004,0.7466060514817507,-0.9267775146088568
30,0.02877900654417398,-1.1265766436235116,-0.6948846415880378,-0.21807575581098101,1.366104014493966,0.07025886087241814,-1.0478835644550748
30,2.7868221936284034,0.8197672996506286,-0.1495712348807904,1.1276924272648405,1.1042865450833297,0.4281322694446865,-0.9454696829353533
30,-0.03816920431302184,0.5705631009315009,-0.8183421791112047,-0.6694067513004088,0.05076493864291377,-0.5571563685507305,0.8403153054464876
30,1.015954322468041,-0.023221170889418868,-0.4194337235332246,-0.6384811267777515,-0.5690631346897825,-2.173382547853772,1.3694640431383958
30,0.10660616938679968,0.40978367126378074,-0.8194059130974005,0.07940813097481855,0.6292711971886903,0.9361542592433588,0.2796199152560602
30,3.694669353928875,0.8762780162585068,0.8660757550556721,0.3354685768368449,0.6819879251279661,0.07042920962712738,0.5937050848598772
30,-2.3482150760944003,-0.2059994137222537,0.7990749250600201,-1.8281880465142804,-0.8283395528364476,-0.8091028732458365,0.5455680079051858
30,-4.37825154467443,-0.6215738304430122,0.8877423549390216,-1.3686441729059913,-1.5700321093253258,-0.9160595195090188,-0.6782360258913258
30,-0.16634171604617998,-0.6154001551816874,-0.2520606504528156,0.044063621077813,0.5590555113877003,-0.061179797476704094,-0.8519672398713447
30,2.3580524913198007,-2.1880527422031615,-0.5607840741162995,0.8739874533594991,-0.021333104868855913,-1.8819329788060122,0.8626149874301319
30,-5.711338795624356,-0.23491157673954807,-3.26436129259309,0.20902565170587298,-0.7511698121079599,1.2689991586464797,0.128278590642098
30,0.6286490029092017,-0.013634688962691929,0.6804836445627928,-0.612991646632199,0.003533648272176555,-0.2309474227164178,0.6364554535152824
30,1.8234512564722112,1.3542359607188548,-0.9285620329459799,-0.20944760457307393,1.0067351158067863,0.08496789224342728,0.46056437654822946
30,3.6470050372887917,0.5298156961068075,1.7179133434659806,0.9698591611143953,0.2856536228877028,0.42959183113747557,0.06767968945988478
30,3.0553118121757654,0.8702293751105444,-0.23381156274061193,0.7628696002058355,-0.19960054597113777,-1.6577507677150094,0.4511546112796181
30,-5.773011381198754,-1.1410846391638998,0.12253122482193939,-1.1528790626581928,-0.708129661971503,1.632158813265789,-0.5472635552426588
