year,ncessch,school_name,state_location,lea_name,school_level,school_type,charter,lunch_program,teachers_fte,enrollment,title_i_status,magnet
mixed - most recent,"510313002039","A. Henderson Elementary","VA","Prince William County Public Schools","Primary","Regular school","No","Yes participating without using any Provision or the CEP","45","846","School is not eligible for either Title I Targeted Assistance or Schoolwide program","Yes"
mixed - most recent,"510003301933","A. Linwood Holton Governor's School","VA","A. Linwood Holton Governor's School","Not applicable","Regular school","No","Missing/not reported","","0","School is not eligible for either Title I Targeted Assistance or Schoolwide program","Yes"
mixed - most recent,"510105000374","A.G. Richardson Elementary","VA","Culpeper County Public Schools","Primary","Regular school","No","Yes participating without using any Provision or the CEP","38","545","School is not eligible for either Title I Targeted Assistance or Schoolwide program","No"
mixed - most recent,"510084000314","A.M. Davis Elementary","VA","Chesterfield County Public Schools","Primary","Regular school","No","Yes under the Community Eligibility Provision (CEP)","58","739","School is eligible for Title I Schoolwide program (SWP) and provides Title I Schoolwide program","No"
mixed - most recent,"510387001729","A.S. Rhodes Elementary","VA","Warren County Public Schools","Primary","Regular school","No","Yes under the Community Eligibility Provision (CEP)","17","274","School is not eligible for either Title I Targeted Assistance or Schoolwide program","No"
mixed - most recent,"510180000725","A.W.E. Bassette Elementary","VA","Hampton City Public Schools","Primary","Regular school","No","Yes under the Community Eligibility Provision (CEP)","40","494","School is eligible for Title I Schoolwide program (SWP) and provides Title I Schoolwide program","No"
mixed - most recent,"510381001645","Abb's Valley-Boissevain Elementary","VA","Tazewell County Public Schools","Primary","Regular school","No","Yes under the Community Eligibility Provision (CEP)","10","139","School is eligible for Title I Schoolwide program (SWP) and provides Title I Schoolwide program","No"
mixed - most recent,"510180000726","Aberdeen Elementary","VA","Hampton City Public Schools","Primary","Regular school","No","Yes under the Community Eligibility Provision (CEP)","31","442","School is eligible for Title I Schoolwide program (SWP) and provides Title I Schoolwide program","No"
mixed - most recent,"510390001735","Abingdon Elementary","VA","Washington County Public Schools","Primary","Regular school","No","Yes under the Community Eligibility Provision (CEP)","35","423","School is eligible for Title I Targeted Assistance (TAS) and provides TAS program","No"
mixed - most recent,"510162000677","Abingdon Elementary","VA","Gloucester County Public Schools","Primary","Regular school","No","Yes under the Community Eligibility Provision (CEP)","34","441","School is eligible for Title I Schoolwide program (SWP) and provides Title I Schoolwide program","No"
mixed - most recent,"510027000081","Abingdon Elementary","VA","Arlington County Public Schools","Primary","Regular school","No","Yes participating without using any Provision or the CEP","62","715","School is eligible for Title I Schoolwide program (SWP) and provides Title I Schoolwide program","No"
mixed - most recent,"510390001736","ABINGDON HIGH","VA","Washington County Public Schools","High","Regular school","No","Yes under the Community Eligibility Provision (CEP)","62","867","School is not eligible for either Title I Targeted Assistance or Schoolwide program","No"
mixed - most recent,"510225003075","ACADEMIES OF LOUDOUN","VA","Loudoun County Public Schools","Not applicable","Other/alternative school","No","Yes participating without using any Provision or the CEP","85","","School is not eligible for either Title I Targeted Assistance or Schoolwide program","No"
mixed - most recent,"510084002983","ACADEMY 360","VA","Chesterfield County Public Schools","Not applicable","Other/alternative school","No","Missing/not reported","8","","School is not eligible for either Title I Targeted Assistance or Schoolwide program","No"
mixed - most recent,"510189000805","ACADEMY AT VIRGINIA RANDOLPH","VA","Henrico County Public Schools","Not applicable","Other/alternative school","No","Yes under the Community Eligibility Provision (CEP)","47","","School is not eligible for either Title I Targeted Assistance or Schoolwide program","No"
mixed - most recent,"510267003018","ACADEMY FOR DISCOVERY AT LAKEWOOD","VA","Norfolk City Public Schools","Middle","Regular school","No","Yes under the Community Eligibility Provision (CEP)","50","719","School is not eligible for either Title I Targeted Assistance or Schoolwide program","No"
mixed - most recent,"510006001737","Accawmacke Elementary","VA","Accomack County Public Schools","Primary","Regular school","No","Yes under the Community Eligibility Provision (CEP)","30","396","School is eligible for Title I Schoolwide program (SWP) and provides Title I Schoolwide program","No"
mixed - most recent,"510264002343","ACHIEVABLE DREAM ACADEMY","VA","Newport News City Public Schools","Primary","Regular school","No","Yes under the Community Eligibility Provision (CEP)","37","582","School is eligible for Title I Schoolwide program (SWP) and provides Title I Schoolwide program","Yes"
mixed - most recent,"510264002344","ACHIEVABLE DREAM MIDDLE/HIGH","VA","Newport News City Public Schools","High","Regular school","No","Yes under the Community Eligibility Provision (CEP)","35","488","School is not eligible for either Title I Targeted Assistance or Schoolwide program","Yes"
mixed - most recent,"510126002674","Achievement Integrity And Maturity Bryant","VA","Fairfax County Public Schools","Not applicable","Other/alternative school","No","Missing/not reported","","","School is not eligible for either Title I Targeted Assistance or Schoolwide program","No"
mixed - most recent,"510126003109","Achievement Integrity and Maturity Mountain View","VA","Fairfax County Public Schools","Not applicable","Other/alternative school","No","No","0","","",""
mixed - most recent,"510162000678","Achilles Elementary","VA","Gloucester County Public Schools","Primary","Regular school","No","Yes under the Community Eligibility Provision (CEP)","28","455","School is eligible for Title I Schoolwide program (SWP) and provides Title I Schoolwide program","No"
mixed - most recent,"510212002151","Acquinton Elementary","VA","King William County Public Schools","Primary","Regular school","No","Yes participating without using any Provision or the CEP","28","432","School is not eligible for either Title I Targeted Assistance or Schoolwide program","No"
mixed - most recent,"510111003135","ACTIV8 Academy","VA","Danville City Public Schools","Missing/not reported","Other/alternative school","No","","","","",""
mixed - most recent,"510330001412","Addison Aerospace Magnet Middle","VA","Roanoke City Public Schools","Middle","Regular school","No","Yes under the Community Eligibility Provision (CEP)","48","523","School is eligible for Title I Schoolwide program (SWP) and provides Title I Schoolwide program","No"
mixed - most recent,"510147002437","ADMIRAL RICHARD E. BYRD MIDDLE","VA","Frederick County Public Schools","Middle","Regular school","No","Yes participating without using any Provision or the CEP","53","804","School is not eligible for either Title I Targeted Assistance or Schoolwide program","No"
mixed - most recent,"510111002467","Adult & Career Education Center","VA","Danville City Public Schools","Not applicable","Other/alternative school","No","Missing/not reported","","","School is not eligible for either Title I Targeted Assistance or Schoolwide program","No"
mixed - most recent,"510189000537","ADULT EDUCATION CENTER","VA","Henrico County Public Schools","Not applicable","Other/alternative school","No","Missing/not reported","","","School is not eligible for either Title I Targeted Assistance or Schoolwide program","No"
mixed - most recent,"510384000684","ADULT LEARNING CTR.","VA","Virginia Beach City Public Schools","Not applicable","Other/alternative school","No","Missing/not reported","6","","School is not eligible for either Title I Targeted Assistance or Schoolwide program","No"
mixed - most recent,"510189000807","ADVANCED CAREER EDUCATION CENTER AT HERMITAGE","VA","Henrico County Public Schools","Not applicable","Vocational school","No","Missing/not reported","","","School is not eligible for either Title I Targeted Assistance or Schoolwide program","Yes"
mixed - most recent,"510189000810","ADVANCED CAREER EDUCATION CENTER AT HIGHLAND SPRINGS","VA","Henrico County Public Schools","Not applicable","Vocational school","No","Missing/not reported","","","School is not eligible for either Title I Targeted Assistance or Schoolwide program","Yes"
mixed - most recent,"510384002430","Advanced Technology Center","VA","Virginia Beach City Public Schools","Not applicable","Vocational school","No","Missing/not reported","15","","School is not eligible for either Title I Targeted Assistance or Schoolwide program","No"
mixed - most recent,"510009000002","Agnor-Hurt Elementary","VA","Albemarle County Public Schools","Primary","Regular school","No","Yes under the Community Eligibility Provision (CEP)","37","438","School is eligible for Title I Targeted Assistance (TAS) and provides TAS program","No"
mixed - most recent,"510384001671","Alanton Elementary","VA","Virginia Beach City Public Schools","Primary","Regular school","No","Yes participating without using any Provision or the CEP","47","629","School is not eligible for either Title I Targeted Assistance or Schoolwide program","No"
mixed - most recent,"510009000015","ALBEMARLE HIGH","VA","Albemarle County Public Schools","High","Regular school","No","Yes participating without using any Provision or the CEP","133","1987","School is not eligible for either Title I Targeted Assistance or Schoolwide program","Yes"
mixed - most recent,"510240002616","Albert Harris Elementary","VA","Martinsville City Public Schools","Primary","Regular school","No","Yes under the Community Eligibility Provision (CEP)","32","403","School is eligible for Title I Schoolwide program (SWP) and provides Title I Schoolwide program","No"
mixed - most recent,"510324001351","ALBERT HILL MIDDLE","VA","Richmond City Public Schools","Middle","Regular school","No","Yes under the Community Eligibility Provision (CEP)","53","453","School is eligible for Title I Schoolwide program (SWP) and provides Title I Schoolwide program","No"
mixed - most recent,"510180000732","Albert W. Patrick III Elementary","VA","Hampton City Public Schools","Primary","Regular school","No","Yes under the Community Eligibility Provision (CEP)","31","411","School is eligible for Title I Schoolwide program (SWP) and provides Title I Schoolwide program","No"
mixed - most recent,"510084000462","Alberta Smith Elementary","VA","Chesterfield County Public Schools","Primary","Regular school","No","Yes participating without using any Provision or the CEP","39","626","School is not eligible for either Title I Targeted Assistance or Schoolwide program","No"
mixed - most recent,"510126001103","ALC AT BRYANT","VA","Fairfax County Public Schools","Not applicable","Other/alternative school","No","Missing/not reported","","","School is not eligible for either Title I Targeted Assistance or Schoolwide program","No"
mixed - most recent,"510126002862","ALC AT BURKE","VA","Fairfax County Public Schools","Not applicable","Other/alternative school","No","Missing/not reported","","","School is not eligible for either Title I Targeted Assistance or Schoolwide program","No"
mixed - most recent,"510126002790","ALC AT MONTROSE","VA","Fairfax County Public Schools","Not applicable","Other/alternative school","No","Missing/not reported","","","School is not eligible for either Title I Targeted Assistance or Schoolwide program","No"
mixed - most recent,"510126001106","ALC AT MOUNTAIN VIEW","VA","Fairfax County Public Schools","Not applicable","Other/alternative school","No","Missing/not reported","","","School is not eligible for either Title I Targeted Assistance or Schoolwide program","No"
mixed - most recent,"510225000908","Aldie Elementary","VA","Loudoun County Public Schools","Primary","Regular school","No","Yes participating without using any Provision or the CEP","10","111","School is not eligible for either Title I Targeted Assistance or Schoolwide program","No"
mixed - most recent,"510126000767","Aldrin Elementary","VA","Fairfax County Public Schools","Primary","Regular school","No","Yes participating without using any Provision or the CEP","41","465","School is not eligible for either Title I Targeted Assistance or Schoolwide program","No"
mixed - most recent,"510012000054","Alexandria City High School","VA","Alexandria City Public Schools","High","Regular school","No","Yes participating without using any Provision or the CEP","324","4531","School is not eligible for either Title I Targeted Assistance or Schoolwide program","No"
mixed - most recent,"510180000727","Alfred S. Forrest Elementary","VA","Hampton City Public Schools","Primary","Regular school","No","Yes under the Community Eligibility Provision (CEP)","34","540","School is eligible for Title I Schoolwide program (SWP) and provides Title I Schoolwide program","No"
mixed - most recent,"510225002153","Algonkian Elementary","VA","Loudoun County Public Schools","Primary","Regular school","No","Yes participating without using any Provision or the CEP","37","462","School is not eligible for either Title I Targeted Assistance or Schoolwide program","No"
mixed - most recent,"510027000094","Alice West Fleet Elementary","VA","Arlington County Public Schools","Primary","Regular school","No","Yes participating without using any Provision or the CEP","68","614","School is not eligible for either Title I Targeted Assistance or Schoolwide program","No"
mixed - most recent,"510015201883","ALLEGHANY HIGH","VA","Alleghany Highlands Public Schools","High","Regular school","No","Yes under the Community Eligibility Provision (CEP)","50","579","School is not eligible for either Title I Targeted Assistance or Schoolwide program","No"
mixed - most recent,"510060000219","Altavista Elementary","VA","Campbell County Public Schools","Primary","Regular school","No","Yes under the Community Eligibility Provision (CEP)","35","500","School is eligible for Title I Schoolwide program (SWP) and provides Title I Schoolwide program","No"
mixed - most recent,"510060000220","ALTAVISTA HIGH","VA","Campbell County Public Schools","High","Regular school","No","Yes under the Community Eligibility Provision (CEP)","50","669","School is not eligible for either Title I Targeted Assistance or Schoolwide program","No"
mixed - most recent,"510007802353","ALTERN ED PRGM/BEHAV DISORD YOUTH/MONTGOMERY","VA","ALT ED PRGM/BEHAV DISORD YOUTH/MONTGOMERY","Not applicable","Other/alternative school","No","Missing/not reported","","0","School is not eligible for either Title I Targeted Assistance or Schoolwide program","No"
mixed - most recent,"510246002453","ALTERNATIVE EDUCATION CENTER","VA","Mecklenburg County Public Schools","Not applicable","Other/alternative school","No","Missing/not reported","","","School is not eligible for either Title I Targeted Assistance or Schoolwide program","No"
mixed - most recent,"510171002439","ALTERNATIVE EDUCATION CENTER","VA","Greene County Public Schools","Not applicable","Other/alternative school","No","Missing/not reported","","","School is not eligible for either Title I Targeted Assistance or Schoolwide program","No"
mixed - most recent,"510132002186","Alternative Education Center","VA","Fauquier County Public Schools","Not applicable","Other/alternative school","No","Yes under the Community Eligibility Provision (CEP)","14","","School is not eligible for either Title I Targeted Assistance or Schoolwide program","No"
mixed - most recent,"510180003048","Alternative Learning Center","VA","Hampton City Public Schools","Not applicable","Other/alternative school","No","Yes under the Community Eligibility Provision (CEP)","","","School is not eligible for either Title I Targeted Assistance or Schoolwide program","No"
mixed - most recent,"510333003080","ALTERNATIVE SECONDARY TRANSITION EDUCATIONAL PROGRAM","VA","Roanoke County Public Schools","Not applicable","Other/alternative school","No","Missing/not reported","","","School is not eligible for either Title I Targeted Assistance or Schoolwide program","No"
mixed - most recent,"510018000062","Amelia County Elementary","VA","Amelia County Public Schools","Primary","Regular school","No","Yes under the Community Eligibility Provision (CEP)","49","760","School is eligible for Title I Schoolwide program (SWP) and provides Title I Schoolwide program","No"
mixed - most recent,"510018001828","AMELIA COUNTY HIGH","VA","Amelia County Public Schools","High","Regular school","No","Yes under the Community Eligibility Provision (CEP)","36","538","School is not eligible for either Title I Targeted Assistance or Schoolwide program","No"
mixed - most recent,"510018000063","AMELIA COUNTY MIDDLE","VA","Amelia County Public Schools","Middle","Regular school","No","Yes under the Community Eligibility Provision (CEP)","26","365","School is not eligible for either Title I Targeted Assistance or Schoolwide program","No"
mixed - most recent,"510324001352","Amelia Street Special Education","VA","Richmond City Public Schools","Other","Special education school","No","Yes under the Community Eligibility Provision (CEP)","1","24","School is eligible for Title I Schoolwide program (SWP) and provides Title I Schoolwide program","No"
mixed - most recent,"510001302026","AMELIA-NOTTOWAY VOC CTR","VA","Amelia-Nottoway Vocational-Technical Center","Not applicable","Vocational school","No","Missing/not reported","","0","School is not eligible for either Title I Targeted Assistance or Schoolwide program","No"
mixed - most recent,"510021000064","Amelon Elementary","VA","Amherst County Public Schools","Primary","Regular school","No","Yes under the Community Eligibility Provision (CEP)","34","438","School is eligible for Title I Schoolwide program (SWP) and provides Title I Schoolwide program","No"
mixed - most recent,"510021000065","AMHERST COUNTY HIGH","VA","Amherst County Public Schools","High","Regular school","No","Yes under the Community Eligibility Provision (CEP)","88","1260","School is not eligible for either Title I Targeted Assistance or Schoolwide program","No"
mixed - most recent,"510021000067","Amherst Elementary","VA","Amherst County Public Schools","Primary","Regular school","No","Yes under the Community Eligibility Provision (CEP)","23","260","School is eligible for Title I Schoolwide program (SWP) and provides Title I Schoolwide program","No"
mixed - most recent,"510021000066","AMHERST MIDDLE","VA","Amherst County Public Schools","Middle","Regular school","No","Yes under the Community Eligibility Provision (CEP)","31","347","School is not eligible for either Title I Targeted Assistance or Schoolwide program","No"
mixed - most recent,"510384003132","An Achievable Dream Academy","VA","Virginia Beach City Public Schools","Missing/not reported","Other/alternative school","No","","","","",""
mixed - most recent,"510189003124","An Achievable Dream Middle and High School Oak Avenue Comple","VA","Henrico County Public Schools","Missing/not reported","Regular school","No","","","","",""
mixed - most recent,"510366001978","ANDREW G. WRIGHT MIDDLE","VA","Stafford County Public Schools","Middle","Regular school","No","Yes participating without using any Provision or the CEP","64","868","School is not eligible for either Title I Targeted Assistance or Schoolwide program","No"
mixed - most recent,"510346002045","ANDREW LEWIS MIDDLE","VA","Salem City Public Schools","Middle","Regular school","No","Yes participating without using any Provision or the CEP","62","895","School is not eligible for either Title I Targeted Assistance or Schoolwide program","No"
mixed - most recent,"510126000423","ANNANDALE HIGH","VA","Fairfax County Public Schools","High","Regular school","No","Yes under the Community Eligibility Provision (CEP)","143","2182","School is not eligible for either Title I Targeted Assistance or Schoolwide program","No"
mixed - most recent,"510126000424","Annandale Terrace Elementary","VA","Fairfax County Public Schools","Primary","Regular school","No","Yes under the Community Eligibility Provision (CEP)","46","625","School is eligible for Title I Schoolwide program (SWP) and provides Title I Schoolwide program","No"
mixed - most recent,"510366001594","Anne E. Moncure Elementary","VA","Stafford County Public Schools","Primary","Regular school","No","Yes under the Community Eligibility Provision (CEP)","60","902","School is eligible for Title I Targeted Assistance (TAS) and provides TAS program","No"
mixed - most recent,"510366002601","Anthony Burns Elementary","VA","Stafford County Public Schools","Primary","Regular school","No","Yes participating without using any Provision or the CEP","50","732","School is eligible for Title I Targeted Assistance (TAS) and provides TAS program","No"
mixed - most recent,"510189002124","Anthony P. Mehfoud Elementary","VA","Henrico County Public Schools","Primary","Regular school","No","Yes under the Community Eligibility Provision (CEP)","22","331","School is not eligible for either Title I Targeted Assistance or Schoolwide program","No"
mixed - most recent,"510313002199","Antietam Elementary","VA","Prince William County Public Schools","Primary","Regular school","No","Yes participating without using any Provision or the CEP","47","752","School is not eligible for either Title I Targeted Assistance or Schoolwide program","Yes"
mixed - most recent,"510147000646","Apple Pie Ridge Elementary","VA","Frederick County Public Schools","Primary","Regular school","No","Yes participating without using any Provision or the CEP","34","423","School is eligible for Title I Schoolwide program (SWP) and provides Title I Schoolwide program","No"
mixed - most recent,"510024000076","APPOMATTOX COUNTY HIGH","VA","Appomattox County Public Schools","High","Regular school","No","Yes under the Community Eligibility Provision (CEP)","50","699","School is not eligible for either Title I Targeted Assistance or Schoolwide program","No"
mixed - most recent,"510024000077","Appomattox Elementary","VA","Appomattox County Public Schools","Primary","Regular school","No","Yes under the Community Eligibility Provision (CEP)","38","531","School is eligible for Title I Schoolwide program (SWP) and provides Title I Schoolwide program","No"
mixed - most recent,"510024000078","APPOMATTOX MIDDLE","VA","Appomattox County Public Schools","Middle","Regular school","No","Yes under the Community Eligibility Provision (CEP)","40","539","School is not eligible for either Title I Targeted Assistance or Schoolwide program","No"
mixed - most recent,"510024000079","APPOMATTOX PRIMARY","VA","Appomattox County Public Schools","Primary","Regular school","No","Yes under the Community Eligibility Provision (CEP)","42","592","School is eligible for Title I Schoolwide program (SWP) and provides Title I Schoolwide program","No"
mixed - most recent,"510003201932","Appomattox Regional Governor's School","VA","Appomattox Regional Governor's School","Not applicable","Regular school","No","Missing/not reported","","0","School is not eligible for either Title I Targeted Assistance or Schoolwide program","Yes"
mixed - most recent,"510006002028","ARCADIA HIGH","VA","Accomack County Public Schools","High","Regular school","No","Yes under the Community Eligibility Provision (CEP)","44","713","School is not eligible for either Title I Targeted Assistance or Schoolwide program","No"
mixed - most recent,"510006002434","ARCADIA MIDDLE","VA","Accomack County Public Schools","Middle","Regular school","No","Yes under the Community Eligibility Provision (CEP)","30","482","School is eligible for Title I Schoolwide program (SWP) and provides Title I Schoolwide program","No"
mixed - most recent,"510126000529","Archer Elementary","VA","Fairfax County Public Schools","Primary","Regular school","No","Yes participating without using any Provision or the CEP","36","519","School is not eligible for either Title I Targeted Assistance or Schoolwide program","No"
mixed - most recent,"510225002762","Arcola Elementary","VA","Loudoun County Public Schools","Primary","Regular school","No","Yes participating without using any Provision or the CEP","58","810","School is not eligible for either Title I Targeted Assistance or Schoolwide program","No"
mixed - most recent,"510027002875","ARLINGTON COMMUNITY HIGH","VA","Arlington County Public Schools","High","Regular school","No","Yes participating without using any Provision or the CEP","8","206","School is not eligible for either Title I Targeted Assistance or Schoolwide program","No"
mixed - most recent,"510027003093","ARLINGTON SCIENCE FOCUS SCHOOL","VA","Arlington County Public Schools","Primary","Regular school","No","Yes participating without using any Provision or the CEP","44","549","School is not eligible for either Title I Targeted Assistance or Schoolwide program","No"
mixed - most recent,"510027000104","ARLINGTON TRADITIONAL","VA","Arlington County Public Schools","Primary","Regular school","No","Yes participating without using any Provision or the CEP","48","668","School is not eligible for either Title I Targeted Assistance or Schoolwide program","Yes"
mixed - most recent,"510147000091","Armel Elementary","VA","Frederick County Public Schools","Primary","Regular school","No","Yes participating without using any Provision or the CEP","41","615","School is not eligible for either Title I Targeted Assistance or Schoolwide program","No"
mixed - most recent,"510180000728","Armstrong Elementary","VA","Hampton City Public Schools","Primary","Regular school","No","Yes under the Community Eligibility Provision (CEP)","17","297","School is not eligible for either Title I Targeted Assistance or Schoolwide program","No"
mixed - most recent,"510126002058","Armstrong Elementary","VA","Fairfax County Public Schools","Primary","Regular school","No","Yes participating without using any Provision or the CEP","33","361","School is not eligible for either Title I Targeted Assistance or Schoolwide program","No"
mixed - most recent,"510324002082","ARMSTRONG HIGH","VA","Richmond City Public Schools","High","Regular school","No","Yes under the Community Eligibility Provision (CEP)","82","747","School is eligible for Title I Schoolwide program (SWP) and provides Title I Schoolwide program","No"
mixed - most recent,"510384001673","Arrowhead Elementary","VA","Virginia Beach City Public Schools","Primary","Regular school","No","Yes participating without using any Provision or the CEP","38","525","School is not eligible for either Title I Targeted Assistance or Schoolwide program","No"
mixed - most recent,"510189000869","Arthur Ashe Jr. Elementary","VA","Henrico County Public Schools","Primary","Regular school","No","Yes under the Community Eligibility Provision (CEP)","39","491","School is eligible for Title I Schoolwide program (SWP) and provides Title I Schoolwide program","No"
mixed - most recent,"510369001610","Arthur R. Ware Elementary","VA","Staunton City Public Schools","Primary","Regular school","No","Yes under the Community Eligibility Provision (CEP)","32","378","School is eligible for Title I Schoolwide program (SWP) and provides Title I Schoolwide program","No"
mixed - most recent,"510225000134","Ashburn Elementary","VA","Loudoun County Public Schools","Primary","Regular school","No","Yes participating without using any Provision or the CEP","39","523","School is not eligible for either Title I Targeted Assistance or Schoolwide program","No"
mixed - most recent,"510313002302","Ashland Elementary","VA","Prince William County Public Schools","Primary","Regular school","No","Yes participating without using any Provision or the CEP","45","766","School is not eligible for either Title I Targeted Assistance or Schoolwide program","Yes"
mixed - most recent,"510027000082","Ashlawn Elementary","VA","Arlington County Public Schools","Primary","Regular school","No","Yes participating without using any Provision or the CEP","46","550","School is not eligible for either Title I Targeted Assistance or Schoolwide program","No"
mixed - most recent,"510352001556","Atkins Elementary","VA","Smyth County Public Schools","Primary","Regular school","No","Yes under the Community Eligibility Provision (CEP)","15","187","School is eligible for Title I Schoolwide program (SWP) and provides Title I Schoolwide program","No"
mixed - most recent,"510183000114","ATLEE HIGH","VA","Hanover County Public Schools","High","Regular school","No","Yes participating without using any Provision or the CEP","97","1526","School is not eligible for either Title I Targeted Assistance or Schoolwide program","No"
mixed - most recent,"510252001859","Auburn Elementary","VA","Montgomery County Public Schools","Primary","Regular school","No","Yes participating without using any Provision or the CEP","38","558","School is eligible for Title I Schoolwide program (SWP) and provides Title I Schoolwide program","No"
mixed - most recent,"510252001013","AUBURN HIGH","VA","Montgomery County Public Schools","High","Regular school","No","Yes participating without using any Provision or the CEP","34","381","School is not eligible for either Title I Targeted Assistance or Schoolwide program","No"
mixed - most recent,"510252001916","AUBURN MIDDLE","VA","Montgomery County Public Schools","Middle","Regular school","No","Yes participating without using any Provision or the CEP","27","286","School is not eligible for either Title I Targeted Assistance or Schoolwide program","No"
mixed - most recent,"510132002409","AUBURN MIDDLE","VA","Fauquier County Public Schools","Middle","Regular school","No","Yes participating without using any Provision or the CEP","42","554","School is not eligible for either Title I Targeted Assistance or Schoolwide program","No"
mixed - most recent,"510192002839","Axton Elementary","VA","Henry County Public Schools","Primary","Regular school","No","Yes under the Community Eligibility Provision (CEP)","23","364","School is eligible for Title I Schoolwide program (SWP) and provides Title I Schoolwide program","No"
mixed - most recent,"510267001078","Azalea Gardens Middle","VA","Norfolk City Public Schools","Middle","Regular school","No","Yes under the Community Eligibility Provision (CEP)","53","848","School is not eligible for either Title I Targeted Assistance or Schoolwide program","No"
mixed - most recent,"510264001040","B.C. Charles Elementary","VA","Newport News City Public Schools","Primary","Regular school","No","Yes under the Community Eligibility Provision (CEP)","27","388","School is not eligible for either Title I Targeted Assistance or Schoolwide program","No"
mixed - most recent,"510081000280","B.M. Williams Primary","VA","Chesapeake City Public Schools","Primary","Regular school","No","Yes under the Community Eligibility Provision (CEP)","64","897","School is eligible for Title I Schoolwide program (SWP) and provides Title I Schoolwide program","No"
mixed - most recent,"510264001041","B.T. WASHINGTON MIDDLE","VA","Newport News City Public Schools","Middle","Regular school","No","Yes under the Community Eligibility Provision (CEP)","27","422","School is not eligible for either Title I Targeted Assistance or Schoolwide program","Yes"
mixed - most recent,"510333001442","Back Creek Elementary","VA","Roanoke County Public Schools","Primary","Regular school","No","Yes participating without using any Provision or the CEP","20","294","School is not eligible for either Title I Targeted Assistance or Schoolwide program","No"
mixed - most recent,"510075000262","Bacon District Elementary","VA","Charlotte County Public Schools","Primary","Regular school","No","Yes under the Community Eligibility Provision (CEP)","17","169","School is eligible for Title I Schoolwide program (SWP) and provides Title I Schoolwide program","No"
mixed - most recent,"510006001988","Badger Vocational Education Center - North","VA","Accomack County Public Schools","Not applicable","Vocational school","No","Missing/not reported","","","School is not eligible for either Title I Targeted Assistance or Schoolwide program","No"
mixed - most recent,"510006002004","Badger Vocational Education Center - South","VA","Accomack County Public Schools","Not applicable","Vocational school","No","Missing/not reported","","","School is not eligible for either Title I Targeted Assistance or Schoolwide program","No"
mixed - most recent,"510084000053","BAILEY BRIDGE MIDDLE","VA","Chesterfield County Public Schools","Middle","Regular school","No","Yes participating without using any Provision or the CEP","100","1459","School is not eligible for either Title I Targeted Assistance or Schoolwide program","No"
mixed - most recent,"510126000426","Bailey's Elementary School for the Arts and Sciences","VA","Fairfax County Public Schools","Primary","Regular school","No","Yes under the Community Eligibility Provision (CEP)","60","787","School is eligible for Title I Schoolwide program (SWP) and provides Title I Schoolwide program","Yes"
mixed - most recent,"510126003033","Bailey's Upper Elementary School for the Arts and Sciences","VA","Fairfax County Public Schools","Primary","Regular school","No","Yes under the Community Eligibility Provision (CEP)","39","522","School is eligible for Title I Schoolwide program (SWP) and provides Title I Schoolwide program","Yes"
mixed - most recent,"510009001937","BAKER-BUTLER ELEM","VA","Albemarle County Public Schools","Primary","Regular school","No","Yes participating without using any Provision or the CEP","52","740","School is not eligible for either Title I Targeted Assistance or Schoolwide program","No"
mixed - most recent,"510236000976","Baldwin Elementary","VA","Manassas City Public Schools","Primary","Regular school","No","Yes under the Community Eligibility Provision (CEP)","37","630","School is eligible for Title I Schoolwide program (SWP) and provides Title I Schoolwide program","No"
mixed - most recent,"510236003034","BALDWIN INTERMEDIATE","VA","Manassas City Public Schools","Middle","Regular school","No","Yes under the Community Eligibility Provision (CEP)","17","260","School is not eligible for either Title I Targeted Assistance or Schoolwide program","No"
mixed - most recent,"510225001143","Ball's Bluff Elementary","VA","Loudoun County Public Schools","Primary","Regular school","No","Yes participating without using any Provision or the CEP","37","465","School is not eligible for either Title I Targeted Assistance or Schoolwide program","No"
mixed - most recent,"510225000911","Banneker Elementary","VA","Loudoun County Public Schools","Primary","Regular school","No","Yes participating without using any Provision or the CEP","15","172","School is not eligible for either Title I Targeted Assistance or Schoolwide program","No"
mixed - most recent,"510324000381","Barack Obama Elementary","VA","Richmond City Public Schools","Primary","Regular school","No","Yes under the Community Eligibility Provision (CEP)","22","295","School is eligible for Title I Schoolwide program (SWP) and provides Title I Schoolwide program","No"
mixed - most recent,"510027000083","Barcroft Elementary","VA","Arlington County Public Schools","Primary","Regular school","No","Yes under the Community Eligibility Provision (CEP)","47","477","School is eligible for Title I Schoolwide program (SWP) and provides Title I Schoolwide program","No"
mixed - most recent,"510027000084","Barrett Elementary","VA","Arlington County Public Schools","Primary","Regular school","No","Yes under the Community Eligibility Provision (CEP)","57","538","School is eligible for Title I Schoolwide program (SWP) and provides Title I Schoolwide program","No"
mixed - most recent,"510180000729","Barron Elementary","VA","Hampton City Public Schools","Primary","Regular school","No","Yes under the Community Eligibility Provision (CEP)","29","368","School is not eligible for either Title I Targeted Assistance or Schoolwide program","No"
mixed - most recent,"510147000647","Bass-Hoover Elementary","VA","Frederick County Public Schools","Primary","Regular school","No","Yes participating without using any Provision or the CEP","37","600","School is eligible for Title I Schoolwide program (SWP) and provides Title I Schoolwide program","No"
mixed - most recent,"510192000837","BASSETT HIGH","VA","Henry County Public Schools","High","Regular school","No","Yes under the Community Eligibility Provision (CEP)","88","1107","School is not eligible for either Title I Targeted Assistance or Schoolwide program","No"
mixed - most recent,"510033000139","BATH COUNTY HIGH","VA","Bath County Public Schools","High","Regular school","No","Yes under the Community Eligibility Provision (CEP)","21","184","School is not eligible for either Title I Targeted Assistance or Schoolwide program","No"
mixed - most recent,"510364001584","Battlefield Elementary","VA","Spotsylvania County Public Schools","Primary","Regular school","No","Yes under the Community Eligibility Provision (CEP)","40","681","School is eligible for Title I Schoolwide program (SWP) and provides Title I Schoolwide program","No"
mixed - most recent,"510313002457","BATTLEFIELD HIGH","VA","Prince William County Public Schools","High","Regular school","No","Yes participating without using any Provision or the CEP","139","2322","School is not eligible for either Title I Targeted Assistance or Schoolwide program","Yes"
mixed - most recent,"510364001585","BATTLEFIELD MIDDLE","VA","Spotsylvania County Public Schools","Middle","Regular school","No","Yes under the Community Eligibility Provision (CEP)","57","791","School is not eligible for either Title I Targeted Assistance or Schoolwide program","No"
mixed - most recent,"510183000764","Battlefield Park Elementary","VA","Hanover County Public Schools","Primary","Regular school","No","Yes participating without using any Provision or the CEP","28","404","School is not eligible for either Title I Targeted Assistance or Schoolwide program","No"
mixed - most recent,"510267001081","Bay View Elementary","VA","Norfolk City Public Schools","Primary","Regular school","No","Yes under the Community Eligibility Provision (CEP)","35","548","School is eligible for Title I Schoolwide program (SWP) and provides Title I Schoolwide program","No"
mixed - most recent,"510384002979","BAYSIDE 6TH GRADE CAMPUS","VA","Virginia Beach City Public Schools","Middle","Regular school","No","Yes under the Community Eligibility Provision (CEP)","35","326","School is eligible for Title I Schoolwide program (SWP) and provides Title I Schoolwide program","No"
mixed - most recent,"510384001674","Bayside Elementary","VA","Virginia Beach City Public Schools","Primary","Regular school","No","Yes under the Community Eligibility Provision (CEP)","42","480","School is eligible for Title I Schoolwide program (SWP) and provides Title I Schoolwide program","No"
mixed - most recent,"510384001675","BAYSIDE HIGH","VA","Virginia Beach City Public Schools","High","Regular school","No","Yes under the Community Eligibility Provision (CEP)","122","1983","School is not eligible for either Title I Targeted Assistance or Schoolwide program","Yes"
mixed - most recent,"510384001676","BAYSIDE MIDDLE","VA","Virginia Beach City Public Schools","Middle","Regular school","No","Yes under the Community Eligibility Provision (CEP)","66","700","School is eligible for Title I Schoolwide program (SWP) and provides Title I Schoolwide program","No"
mixed - most recent,"510183000765","Beaverdam Elementary","VA","Hanover County Public Schools","Primary","Regular school","No","Yes participating without using any Provision or the CEP","21","292","School is not eligible for either Title I Targeted Assistance or Schoolwide program","No"
mixed - most recent,"510036002961","BEDFORD COUNTY ALTERNATIVE EDUCATION CENTER","VA","Bedford County Public Schools","Not applicable","Other/alternative school","No","Yes under the Community Eligibility Provision (CEP)","15","","School is not eligible for either Title I Targeted Assistance or Schoolwide program","No"
mixed - most recent,"510036002141","Bedford Elementary","VA","Bedford County Public Schools","Primary","Regular school","No","Yes under the Community Eligibility Provision (CEP)","29","431","School is eligible for Title I Schoolwide program (SWP) and provides Title I Schoolwide program","No"
mixed - most recent,"510234000952","Bedford Hills Elementary","VA","Lynchburg City Public Schools","Primary","Regular school","No","Yes under the Community Eligibility Provision (CEP)","33","383","School is eligible for Title I Schoolwide program (SWP) and provides Title I Schoolwide program","No"
mixed - most recent,"510036000144","BEDFORD PRIMARY","VA","Bedford County Public Schools","Primary","Regular school","No","Yes under the Community Eligibility Provision (CEP)","22","293","School is eligible for Title I Schoolwide program (SWP) and provides Title I Schoolwide program","No"
mixed - most recent,"510126000428","Beech Tree Elementary","VA","Fairfax County Public Schools","Primary","Regular school","No","Yes under the Community Eligibility Provision (CEP)","28","382","School is eligible for Title I Schoolwide program (SWP) and provides Title I Schoolwide program","No"
mixed - most recent,"510313001285","Bel Air Elementary","VA","Prince William County Public Schools","Primary","Regular school","No","Yes under the Community Eligibility Provision (CEP)","32","383","School is eligible for Title I Schoolwide program (SWP) and provides Title I Schoolwide program","Yes"
mixed - most recent,"510342001512","Belfast Elementary","VA","Russell County Public Schools","Primary","Regular school","No","Yes under the Community Eligibility Provision (CEP)","8","140","School is eligible for Title I Schoolwide program (SWP) and provides Title I Schoolwide program","No"
mixed - most recent,"510174000703","Belfield Elementary","VA","Greensville County Public Schools","Middle","Regular school","No","Yes under the Community Eligibility Provision (CEP)","12","145","School is eligible for Title I Targeted Assistance (TAS) and provides TAS program","No"
mixed - most recent,"510183000780","BELL CREEK MIDDLE","VA","Hanover County Public Schools","Middle","Regular school","No","Yes participating without using any Provision or the CEP","75","934","School is not eligible for either Title I Targeted Assistance or Schoolwide program","No"
mixed - most recent,"510318001342","Belle Heth Elementary","VA","Radford City Public Schools","Primary","Regular school","No","Yes under the Community Eligibility Provision (CEP)","30","492","School is eligible for Title I Targeted Assistance (TAS) and provides TAS program","No"
mixed - most recent,"510126000429","Belle View Elementary","VA","Fairfax County Public Schools","Primary","Regular school","No","Yes participating without using any Provision or the CEP","33","405","School is not eligible for either Title I Targeted Assistance or Schoolwide program","No"
mixed - most recent,"510324001860","Bellevue Elementary","VA","Richmond City Public Schools","Primary","Regular school","No","Yes under the Community Eligibility Provision (CEP)","16","188","School is eligible for Title I Schoolwide program (SWP) and provides Title I Schoolwide program","No"
mixed - most recent,"510084000315","Bellwood Elementary","VA","Chesterfield County Public Schools","Primary","Regular school","No","Yes under the Community Eligibility Provision (CEP)","40","467","School is eligible for Title I Schoolwide program (SWP) and provides Title I Schoolwide program","No"
mixed - most recent,"510313001286","Belmont Elementary","VA","Prince William County Public Schools","Primary","Regular school","No","Yes under the Community Eligibility Provision (CEP)","35","516","School is eligible for Title I Schoolwide program (SWP) and provides Title I Schoolwide program","Yes"
mixed - most recent,"510225002414","BELMONT RIDGE MIDDLE","VA","Loudoun County Public Schools","Middle","Regular school","No","Yes participating without using any Provision or the CEP","75","1067","School is not eligible for either Title I Targeted Assistance or Schoolwide program","No"
mixed - most recent,"510225002449","Belmont Station Elementary","VA","Loudoun County Public Schools","Primary","Regular school","No","Yes participating without using any Provision or the CEP","53","711","School is not eligible for either Title I Targeted Assistance or Schoolwide program","No"
mixed - most recent,"510126000061","Belvedere Elementary","VA","Fairfax County Public Schools","Primary","Regular school","No","Yes participating without using any Provision or the CEP","46","617","School is eligible for Title I Schoolwide program (SWP) and provides Title I Schoolwide program","No"
mixed - most recent,"510252001014","Belview Elementary","VA","Montgomery County Public Schools","Primary","Regular school","No","Yes participating without using any Provision or the CEP","23","293","School is eligible for Title I Schoolwide program (SWP) and provides Title I Schoolwide program","No"
mixed - most recent,"510144002187","BENJAMIN FRANKLIN MIDDLE","VA","Franklin County Public Schools","Middle","Regular school","No","Yes under the Community Eligibility Provision (CEP)","116","1397","School is not eligible for either Title I Targeted Assistance or Schoolwide program","No"
mixed - most recent,"510180000730","BENJAMIN SYMS MIDDLE","VA","Hampton City Public Schools","Middle","Regular school","No","Yes under the Community Eligibility Provision (CEP)","64","897","School is eligible for Title I Schoolwide program (SWP) and provides Title I Schoolwide program","No"
mixed - most recent,"510313001402","Bennett Elementary","VA","Prince William County Public Schools","Primary","Regular school","No","Yes participating without using any Provision or the CEP","46","743","School is not eligible for either Title I Targeted Assistance or Schoolwide program","Yes"
mixed - most recent,"510084000316","Bensley Elementary","VA","Chesterfield County Public Schools","Primary","Regular school","No","Yes under the Community Eligibility Provision (CEP)","49","582","School is eligible for Title I Schoolwide program (SWP) and provides Title I Schoolwide program","No"
mixed - most recent,"510364001586","Berkeley Elementary","VA","Spotsylvania County Public Schools","Primary","Regular school","No","Yes under the Community Eligibility Provision (CEP)","20","267","School is eligible for Title I Schoolwide program (SWP) and provides Title I Schoolwide program","No"
mixed - most recent,"510393001754","Berkeley Glenn Elementary","VA","Waynesboro City Public Schools","Primary","Regular school","No","Yes under the Community Eligibility Provision (CEP)","20","254","School is not eligible for either Title I Targeted Assistance or Schoolwide program","No"
mixed - most recent,"510402001770","BERKELEY MIDDLE","VA","Williamsburg-James City County Public Schools","Middle","Regular school","No","Yes participating without using any Provision or the CEP","44","652","School is not eligible for either Title I Targeted Assistance or Schoolwide program","No"
mixed - most recent,"510267001092","Berkley/Campostella Early Childhood Education Center","VA","Norfolk City Public Schools","Prekindergarten","Regular school","No","Yes under the Community Eligibility Provision (CEP)","14","163","School is not eligible for either Title I Targeted Assistance or Schoolwide program","No"
mixed - most recent,"510369001604","Bessie Weller Elementary","VA","Staunton City Public Schools","Primary","Regular school","No","Yes under the Community Eligibility Provision (CEP)","30","369","School is eligible for Title I Schoolwide program (SWP) and provides Title I Schoolwide program","No"
mixed - most recent,"510162001616","Bethel Elementary","VA","Gloucester County Public Schools","Primary","Regular school","No","Yes under the Community Eligibility Provision (CEP)","37","498","School is eligible for Title I Schoolwide program (SWP) and provides Title I Schoolwide program","No"
mixed - most recent,"510180000731","BETHEL HIGH","VA","Hampton City Public Schools","High","Regular school","No","Yes under the Community Eligibility Provision (CEP)","119","1777","School is not eligible for either Title I Targeted Assistance or Schoolwide program","No"
mixed - most recent,"510415001811","Bethel Manor Elementary","VA","York County Public Schools","Primary","Regular school","No","Yes participating without using any Provision or the CEP","39","562","School is eligible for Title I Schoolwide program (SWP) and provides Title I Schoolwide program","No"
mixed - most recent,"510084000762","Bettie Weaver Elementary","VA","Chesterfield County Public Schools","Primary","Regular school","No","Yes participating without using any Provision or the CEP","39","609","School is not eligible for either Title I Targeted Assistance or Schoolwide program","No"
mixed - most recent,"510084000317","Beulah Elementary","VA","Chesterfield County Public Schools","Primary","Regular school","No","Yes under the Community Eligibility Provision (CEP)","69","989","School is eligible for Title I Schoolwide program (SWP) and provides Title I Schoolwide program","No"
mixed - most recent,"510030002140","BEVERLEY MANOR MIDDLE","VA","Augusta County Public Schools","Middle","Regular school","No","Yes participating without using any Provision or the CEP","49","597","School is not eligible for either Title I Targeted Assistance or Schoolwide program","No"
mixed - most recent,"510036000145","Big Island Elementary","VA","Bedford County Public Schools","Primary","Regular school","No","Yes under the Community Eligibility Provision (CEP)","9","149","School is eligible for Title I Schoolwide program (SWP) and provides Title I Schoolwide program","No"
mixed - most recent,"510324001356","BINFORD MIDDLE","VA","Richmond City Public Schools","Middle","Regular school","No","Yes under the Community Eligibility Provision (CEP)","38","452","School is eligible for Title I Schoolwide program (SWP) and provides Title I Schoolwide program","No"
mixed - most recent,"510384002085","Birdneck Elementary","VA","Virginia Beach City Public Schools","Primary","Regular school","No","Yes under the Community Eligibility Provision (CEP)","52","646","School is eligible for Title I Schoolwide program (SWP) and provides Title I Schoolwide program","No"
mixed - most recent,"510252001016","BLACKSBURG HIGH","VA","Montgomery County Public Schools","High","Regular school","No","Yes participating without using any Provision or the CEP","84","1321","School is not eligible for either Title I Targeted Assistance or Schoolwide program","No"
mixed - most recent,"510252001017","BLACKSBURG MIDDLE","VA","Montgomery County Public Schools","Middle","Regular school","No","Yes participating without using any Provision or the CEP","74","946","School is not eligible for either Title I Targeted Assistance or Schoolwide program","No"
mixed - most recent,"510279001166","BLACKSTONE PRIMARY","VA","Nottoway County Public Schools","Primary","Regular school","No","Yes under the Community Eligibility Provision (CEP)","33","387","School is eligible for Title I Schoolwide program (SWP) and provides Title I Schoolwide program","No"
mixed - most recent,"510324001357","Blackwell Elementary","VA","Richmond City Public Schools","Primary","Regular school","No","Yes under the Community Eligibility Provision (CEP)","29","393","School is eligible for Title I Schoolwide program (SWP) and provides Title I Schoolwide program","No"
mixed - most recent,"510267001082","BLAIR MIDDLE","VA","Norfolk City Public Schools","Middle","Regular school","No","Yes under the Community Eligibility Provision (CEP)","83","1149","School is not eligible for either Title I Targeted Assistance or Schoolwide program","Yes"
mixed - most recent,"510039003002","Bland County Elementary","VA","Bland County Public Schools","Primary","Regular school","No","Yes under the Community Eligibility Provision (CEP)","37","371","School is eligible for Title I Schoolwide program (SWP) and provides Title I Schoolwide program","No"
mixed - most recent,"510039003009","BLAND COUNTY HIGH","VA","Bland County Public Schools","High","Regular school","No","Yes under the Community Eligibility Provision (CEP)","19","425","School is not eligible for either Title I Targeted Assistance or Schoolwide program","No"
mixed - most recent,"510069002985","Blue Ridge Crossroads Governor's Academy for Technical Educa","VA","Carroll County Public Schools","Not applicable","Vocational school","No","Missing/not reported","6","","School is not eligible for either Title I Targeted Assistance or Schoolwide program","No"
mixed - most recent,"510288001185","Blue Ridge Elementary","VA","Patrick County Public Schools","Primary","Regular school","No","Yes under the Community Eligibility Provision (CEP)","19","235","School is eligible for Title I Schoolwide program (SWP) and provides Title I Schoolwide program","No"
mixed - most recent,"510006202562","Blue Ridge Governor's School","VA","Blue Ridge Governor's School","Not applicable","Regular school","No","Missing/not reported","","0","School is not eligible for either Title I Targeted Assistance or Schoolwide program","Yes"
mixed - most recent,"510004202378","BLUE RIDGE JUVENILE DETENTION HOME","VA","Department of Education State-Operated Educ Prgms","Not applicable","Other/alternative school","No","Missing/not reported","","","School is not eligible for either Title I Targeted Assistance or Schoolwide program","No"
mixed - most recent,"510225000912","BLUE RIDGE MIDDLE","VA","Loudoun County Public Schools","Middle","Regular school","No","Yes participating without using any Provision or the CEP","60","801","School is not eligible for either Title I Targeted Assistance or Schoolwide program","No"
mixed - most recent,"510246000996","BLUESTONE  HIGH","VA","Mecklenburg County Public Schools","High","Regular school","No","Missing/not reported","40","","School is not eligible for either Title I Targeted Assistance or Schoolwide program","No"
mixed - most recent,"510186003043","Bluestone Elementary","VA","Harrisonburg City Public Schools","Primary","Regular school","No","Yes under the Community Eligibility Provision (CEP)","45","550","School is eligible for Title I Schoolwide program (SWP) and provides Title I Schoolwide program","No"
mixed - most recent,"510246000995","BLUESTONE MIDDLE","VA","Mecklenburg County Public Schools","Middle","Regular school","No","Missing/not reported","34","363","School is not eligible for either Title I Targeted Assistance or Schoolwide program","No"
mixed - most recent,"510084000318","Bon Air Elementary","VA","Chesterfield County Public Schools","Primary","Regular school","No","Yes participating without using any Provision or the CEP","38","578","School is not eligible for either Title I Targeted Assistance or Schoolwide program","No"
mixed - most recent,"510126002116","Bonnie Brae Elementary","VA","Fairfax County Public Schools","Primary","Regular school","No","Yes participating without using any Provision or the CEP","53","834","School is not eligible for either Title I Targeted Assistance or Schoolwide program","No"
mixed - most recent,"510333001919","Bonsack Elementary","VA","Roanoke County Public Schools","Primary","Regular school","No","Yes participating without using any Provision or the CEP","22","320","School is not eligible for either Title I Targeted Assistance or Schoolwide program","No"
mixed - most recent,"510267001079","Booker T Washington High","VA","Norfolk City Public Schools","High","Regular school","No","Yes under the Community Eligibility Provision (CEP)","62","947","School is eligible for Title I Schoolwide program (SWP) and provides Title I Schoolwide program","No"
mixed - most recent,"510371001613","Booker T. Washington Elementary","VA","Suffolk City Public Schools","Primary","Regular school","No","Yes under the Community Eligibility Provision (CEP)","30","355","School is eligible for Title I Schoolwide program (SWP) and provides Title I Schoolwide program","No"
mixed - most recent,"510144000632","Boones Mill Elementary","VA","Franklin County Public Schools","Primary","Regular school","No","Yes under the Community Eligibility Provision (CEP)","19","271","School is not eligible for either Title I Targeted Assistance or Schoolwide program","No"
mixed - most recent,"510036000147","Boonsboro Elementary","VA","Bedford County Public Schools","Primary","Regular school","No","Yes participating without using any Provision or the CEP","21","331","School is not eligible for either Title I Targeted Assistance or Schoolwide program","No"
mixed - most recent,"510162000679","Botetourt Elementary","VA","Gloucester County Public Schools","Primary","Regular school","No","Yes participating without using any Provision or the CEP","37","546","School is eligible for Title I Schoolwide program (SWP) and provides Title I Schoolwide program","No"
mixed - most recent,"510042000165","Botetourt Technical Education Center","VA","Botetourt County Public Schools","Not applicable","Vocational school","No","Yes participating without using any Provision or the CEP","13","","School is not eligible for either Title I Targeted Assistance or Schoolwide program","No"
mixed - most recent,"510066000237","Bowling Green Elementary","VA","Caroline County Public Schools","Primary","Regular school","No","Yes under the Community Eligibility Provision (CEP)","51","757","School is eligible for Title I Schoolwide program (SWP) and provides Title I Schoolwide program","No"
mixed - most recent,"510087000352","Boyce Elementary","VA","Clarke County Public Schools","Primary","Regular school","No","Yes participating without using any Provision or the CEP","23","311","School is eligible for Title I Targeted Assistance (TAS) and provides TAS program","No"
mixed - most recent,"510126000431","Braddock Elementary","VA","Fairfax County Public Schools","Primary","Regular school","No","Yes under the Community Eligibility Provision (CEP)","61","855","School is eligible for Title I Schoolwide program (SWP) and provides Title I Schoolwide program","Yes"
mixed - most recent,"510225003036","BRAMBLETON MIDDLE","VA","Loudoun County Public Schools","Middle","Regular school","No","Yes participating without using any Provision or the CEP","117","1621","School is not eligible for either Title I Targeted Assistance or Schoolwide program","No"
mixed - most recent,"510384001677","BRANDON MIDDLE","VA","Virginia Beach City Public Schools","Middle","Regular school","No","Yes participating without using any Provision or the CEP","66","1055","School is not eligible for either Title I Targeted Assistance or Schoolwide program","No"
mixed - most recent,"510009902369","BREAKING BARRIERS ALTERNATIVE ED/HENRY CO","VA","BREAKING BARRIERS ALTERNATIVE ED/HENRY CO","Not applicable","Other/alternative school","No","Missing/not reported","","","School is not eligible for either Title I Targeted Assistance or Schoolwide program","No"
mixed - most recent,"510042000166","Breckinridge Elementary","VA","Botetourt County Public Schools","Primary","Regular school","No","Yes participating without using any Provision or the CEP","17","195","School is eligible for Title I Targeted Assistance (TAS) and provides TAS program","No"
mixed - most recent,"510330001413","BRECKINRIDGE MIDDLE","VA","Roanoke City Public Schools","Middle","Regular school","No","Yes under the Community Eligibility Provision (CEP)","45","624","School is eligible for Title I Schoolwide program (SWP) and provides Title I Schoolwide program","No"
mixed - most recent,"510126000073","Bren Mar Park Elementary","VA","Fairfax County Public Schools","Primary","Regular school","No","Yes participating without using any Provision or the CEP","36","500","School is eligible for Title I Schoolwide program (SWP) and provides Title I Schoolwide program","No"
mixed - most recent,"510313001288","BRENTSVILLE DISTRICT HIGH","VA","Prince William County Public Schools","High","Regular school","No","Yes participating without using any Provision or the CEP","63","883","School is not eligible for either Title I Targeted Assistance or Schoolwide program","Yes"
mixed - most recent,"510225002451","BRIAR WOODS HIGH","VA","Loudoun County Public Schools","High","Regular school","No","Yes participating without using any Provision or the CEP","126","1757","School is not eligible for either Title I Targeted Assistance or Schoolwide program","No"
mixed - most recent,"510025502950","Bridging Communities Reg Career & Technical Center","VA","Bridging Communities Reg Career & Technical Center","Not applicable","Vocational school","No","Missing/not reported","","0","School is not eligible for either Title I Targeted Assistance or Schoolwide program","No"
mixed - most recent,"510025503014","BRIDGING COMMUNITIES STEM ACADEMY","VA","Bridging Communities Reg Career & Technical Center","Not applicable","Vocational school","No","Missing/not reported","","0","School is not eligible for either Title I Targeted Assistance or Schoolwide program","No"
mixed - most recent,"510300002472","Brighton Elementary","VA","Portsmouth City Public Schools","Primary","Regular school","No","Yes under the Community Eligibility Provision (CEP)","28","411","School is eligible for Title I Schoolwide program (SWP) and provides Title I Schoolwide program","No"
mixed - most recent,"510045003104","Bristol Virginia Intermediate School","VA","Bristol City Public Schools","Primary","Regular school","No","","","","",""
mixed - most recent,"510313001867","Bristow Run Elementary","VA","Prince William County Public Schools","Primary","Regular school","No","Yes participating without using any Provision or the CEP","36","614","School is not eligible for either Title I Targeted Assistance or Schoolwide program","Yes"
mixed - most recent,"510324001861","Broad Rock Elementary","VA","Richmond City Public Schools","Primary","Regular school","No","Yes under the Community Eligibility Provision (CEP)","51","634","School is eligible for Title I Schoolwide program (SWP) and provides Title I Schoolwide program","No"
mixed - most recent,"510225000913","BROAD RUN HIGH","VA","Loudoun County Public Schools","High","Regular school","No","Yes participating without using any Provision or the CEP","120","1583","School is not eligible for either Title I Targeted Assistance or Schoolwide program","No"
mixed - most recent,"510009000017","Broadus Wood Elementary","VA","Albemarle County Public Schools","Primary","Regular school","No","Yes participating without using any Provision or the CEP","21","288","School is not eligible for either Title I Targeted Assistance or Schoolwide program","No"
mixed - most recent,"510339001492","BROADWAY HIGH","VA","Rockingham County Public Schools","High","Regular school","No","Yes participating without using any Provision or the CEP","63","923","School is not eligible for either Title I Targeted Assistance or Schoolwide program","No"
mixed - most recent,"510364000263","Brock Road Elementary","VA","Spotsylvania County Public Schools","Primary","Regular school","No","Yes participating without using any Provision or the CEP","37","700","School is not eligible for either Title I Targeted Assistance or Schoolwide program","No"
mixed - most recent,"510366000591","BROOKE POINT HIGH","VA","Stafford County Public Schools","High","Regular school","No","Yes participating without using any Provision or the CEP","188","2150","School is not eligible for either Title I Targeted Assistance or Schoolwide program","No"
mixed - most recent,"510126000433","Brookfield Elementary","VA","Fairfax County Public Schools","Primary","Regular school","No","Yes under the Community Eligibility Provision (CEP)","57","706","School is eligible for Title I Schoolwide program (SWP) and provides Title I Schoolwide program","No"
mixed - most recent,"510189000790","BROOKLAND MIDDLE","VA","Henrico County Public Schools","Middle","Regular school","No","Yes under the Community Eligibility Provision (CEP)","76","1074","School is not eligible for either Title I Targeted Assistance or Schoolwide program","No"
mixed - most recent,"510060002834","Brookneal Elementary","VA","Campbell County Public Schools","Primary","Regular school","No","Yes under the Community Eligibility Provision (CEP)","29","411","School is eligible for Title I Schoolwide program (SWP) and provides Title I Schoolwide program","No"
mixed - most recent,"510060000223","BROOKVILLE HIGH","VA","Campbell County Public Schools","High","Regular school","No","Yes under the Community Eligibility Provision (CEP)","68","971","School is not eligible for either Title I Targeted Assistance or Schoolwide program","No"
mixed - most recent,"510060000224","BROOKVILLE MIDDLE","VA","Campbell County Public Schools","Middle","Regular school","No","Yes under the Community Eligibility Provision (CEP)","54","715","School is not eligible for either Title I Targeted Assistance or Schoolwide program","No"
mixed - most recent,"510384001678","Brookwood Elementary","VA","Virginia Beach City Public Schools","Primary","Regular school","No","Yes under the Community Eligibility Provision (CEP)","42","571","School is eligible for Title I Schoolwide program (SWP) and provides Title I Schoolwide program","No"
mixed - most recent,"510294002454","Brosville Elementary","VA","Pittsylvania County Public Schools","Primary","Regular school","No","Yes under the Community Eligibility Provision (CEP)","20","235","School is eligible for Title I Schoolwide program (SWP) and provides Title I Schoolwide program","No"
mixed - most recent,"510009000018","Brownsville Elementary","VA","Albemarle County Public Schools","Primary","Regular school","No","Yes participating without using any Provision or the CEP","39","591","School is not eligible for either Title I Targeted Assistance or Schoolwide program","No"
mixed - most recent,"510048003119","Brunswick County Elementary / Middle","VA","Brunswick County Public Schools","Primary","Regular school","No","","","","",""
mixed - most recent,"510048000183","BRUNSWICK HIGH","VA","Brunswick County Public Schools","High","Regular school","No","Yes under the Community Eligibility Provision (CEP)","26","426","School is eligible for Title I Schoolwide program (SWP) and provides Title I Schoolwide program","No"
mixed - most recent,"510415001812","BRUTON HIGH","VA","York County Public Schools","High","Regular school","No","Yes participating without using any Provision or the CEP","47","711","School is not eligible for either Title I Targeted Assistance or Schoolwide program","Yes"
mixed - most recent,"510126000497","BRYANT HIGH","VA","Fairfax County Public Schools","High","Other/alternative school","No","Missing/not reported","16","174","School is not eligible for either Title I Targeted Assistance or Schoolwide program","No"
mixed - most recent,"510051000191","Buchanan County Technology Career & Higher Learning Center","VA","Buchanan County Public Schools","Not applicable","Vocational school","No","Missing/not reported","","","School is not eligible for either Title I Targeted Assistance or Schoolwide program","No"
mixed - most recent,"510042000167","Buchanan Elementary","VA","Botetourt County Public Schools","Primary","Regular school","No","Yes participating without using any Provision or the CEP","24","311","School is eligible for Title I Targeted Assistance (TAS) and provides TAS program","No"
mixed - most recent,"510054002870","Buckingham Co Elementary","VA","Buckingham County Public Schools","Primary","Regular school","No","Yes under the Community Eligibility Provision (CEP)","24","417","School is eligible for Title I Schoolwide program (SWP) and provides Title I Schoolwide program","No"
mixed - most recent,"510054002867","Buckingham Co Prekindergarten Center","VA","Buckingham County Public Schools","Prekindergarten","Regular school","No","Yes under the Community Eligibility Provision (CEP)","9","100","School is not eligible for either Title I Targeted Assistance or Schoolwide program","No"
mixed - most recent,"510054002869","BUCKINGHAM CO PRIMARY","VA","Buckingham County Public Schools","Primary","Regular school","No","Yes under the Community Eligibility Provision (CEP)","24","355","School is eligible for Title I Schoolwide program (SWP) and provides Title I Schoolwide program","No"
mixed - most recent,"510054000210","BUCKINGHAM COUNTY HIGH","VA","Buckingham County Public Schools","High","Regular school","No","Yes under the Community Eligibility Provision (CEP)","50","654","School is not eligible for either Title I Targeted Assistance or Schoolwide program","No"
mixed - most recent,"510054000209","Buckingham County Middle","VA","Buckingham County Public Schools","Middle","Regular school","No","Yes under the Community Eligibility Provision (CEP)","32","466","School is not eligible for either Title I Targeted Assistance or Schoolwide program","No"
mixed - most recent,"510313002588","Buckland Mills Elementary","VA","Prince William County Public Schools","Primary","Regular school","No","Yes participating without using any Provision or the CEP","42","777","School is not eligible for either Title I Targeted Assistance or Schoolwide program","Yes"
mixed - most recent,"510126000435","Bucknell Elementary","VA","Fairfax County Public Schools","Primary","Regular school","No","Yes participating without using any Provision or the CEP","28","256","School is eligible for Title I Schoolwide program (SWP) and provides Title I Schoolwide program","No"
mixed - most recent,"510030000117","BUFFALO GAP HIGH","VA","Augusta County Public Schools","High","Regular school","No","Yes participating without using any Provision or the CEP","37","435","School is not eligible for either Title I Targeted Assistance or Schoolwide program","No"
mixed - most recent,"510225002832","Buffalo Trail Elementary","VA","Loudoun County Public Schools","Primary","Regular school","No","Yes participating without using any Provision or the CEP","63","815","School is not eligible for either Title I Targeted Assistance or Schoolwide program","No"
mixed - most recent,"510078000271","BUFORD MIDDLE","VA","Charlottesville City Public Schools","Middle","Regular school","No","Yes under the Community Eligibility Provision (CEP)","48","581","School is not eligible for either Title I Targeted Assistance or Schoolwide program","No"
mixed - most recent,"510126002820","Bull Run Early Childhood Resource Center","VA","Fairfax County Public Schools","Prekindergarten","Regular school","No","Missing/not reported","40","210","School is not eligible for either Title I Targeted Assistance or Schoolwide program","No"
mixed - most recent,"510126001904","Bull Run Elementary","VA","Fairfax County Public Schools","Primary","Regular school","No","Yes participating without using any Provision or the CEP","49","750","School is not eligible for either Title I Targeted Assistance or Schoolwide program","No"
mixed - most recent,"510313002303","BULL RUN MIDDLE","VA","Prince William County Public Schools","Middle","Regular school","No","Yes participating without using any Provision or the CEP","69","1064","School is not eligible for either Title I Targeted Assistance or Schoolwide program","Yes"
mixed - most recent,"510126002032","BURKE SCHOOL","VA","Fairfax County Public Schools","Not applicable","Special education school","No","Missing/not reported","20","","School is not eligible for either Title I Targeted Assistance or Schoolwide program","No"
mixed - most recent,"510333001444","Burlington Elementary","VA","Roanoke County Public Schools","Primary","Regular school","No","Yes under the Community Eligibility Provision (CEP)","35","483","School is eligible for Title I Schoolwide program (SWP) and provides Title I Schoolwide program","No"
mixed - most recent,"510078000272","Burnley-Moran Elementary","VA","Charlottesville City Public Schools","Primary","Regular school","No","Yes participating without using any Provision or the CEP","24","289","School is eligible for Title I Schoolwide program (SWP) and provides Title I Schoolwide program","No"
mixed - most recent,"510144000633","Burnt Chimney Elementary","VA","Franklin County Public Schools","Primary","Regular school","No","Yes under the Community Eligibility Provision (CEP)","23","277","School is not eligible for either Title I Targeted Assistance or Schoolwide program","No"
mixed - most recent,"510333001469","Burton Center for Arts and Technology","VA","Roanoke County Public Schools","Not applicable","Vocational school","No","Missing/not reported","18","","School is not eligible for either Title I Targeted Assistance or Schoolwide program","Yes"
mixed - most recent,"510126000438","Bush Hill Elementary","VA","Fairfax County Public Schools","Primary","Regular school","No","Yes participating without using any Provision or the CEP","49","670","School is not eligible for either Title I Targeted Assistance or Schoolwide program","No"
mixed - most recent,"510081000457","Butts Road Intermediate","VA","Chesapeake City Public Schools","Primary","Regular school","No","Yes participating without using any Provision or the CEP","35","617","School is not eligible for either Title I Targeted Assistance or Schoolwide program","No"
mixed - most recent,"510081000281","BUTTS ROAD PRIMARY","VA","Chesapeake City Public Schools","Primary","Regular school","No","Yes participating without using any Provision or the CEP","34","545","School is not eligible for either Title I Targeted Assistance or Schoolwide program","No"
mixed - most recent,"510165000683","Byrd Elementary","VA","Goochland County Public Schools","Primary","Regular school","No","Yes participating without using any Provision or the CEP","26","320","School is eligible for Title I Schoolwide program (SWP) and provides Title I Schoolwide program","No"
mixed - most recent,"510180000734","C. ALTON LINDSAY MIDDLE","VA","Hampton City Public Schools","Middle","Regular school","No","Yes under the Community Eligibility Provision (CEP)","58","707","School is eligible for Title I Schoolwide program (SWP) and provides Title I Schoolwide program","No"
mixed - most recent,"510132002185","C. Hunter Ritchie Elementary","VA","Fauquier County Public Schools","Primary","Regular school","No","Yes participating without using any Provision or the CEP","32","499","School is not eligible for either Title I Targeted Assistance or Schoolwide program","No"
mixed - most recent,"510313001289","C.A. Sinclair Elementary","VA","Prince William County Public Schools","Primary","Regular school","No","Yes under the Community Eligibility Provision (CEP)","52","818","School is eligible for Title I Schoolwide program (SWP) and provides Title I Schoolwide program","Yes"
mixed - most recent,"510084000319","C.C. Wells Elementary","VA","Chesterfield County Public Schools","Primary","Regular school","No","Yes participating without using any Provision or the CEP","39","589","School is not eligible for either Title I Targeted Assistance or Schoolwide program","No"
mixed - most recent,"510313000186","C.D. HYLTON HIGH","VA","Prince William County Public Schools","High","Regular school","No","Yes participating without using any Provision or the CEP","117","1979","School is not eligible for either Title I Targeted Assistance or Schoolwide program","Yes"
mixed - most recent,"510084000320","C.E. Curtis Elementary","VA","Chesterfield County Public Schools","Primary","Regular school","No","Yes under the Community Eligibility Provision (CEP)","50","727","School is eligible for Title I Schoolwide program (SWP) and provides Title I Schoolwide program","No"
mixed - most recent,"510132000604","C.M. Bradley Elementary","VA","Fauquier County Public Schools","Primary","Regular school","No","Yes participating without using any Provision or the CEP","29","365","School is not eligible for either Title I Targeted Assistance or Schoolwide program","No"
mixed - most recent,"510015201885","Callaghan Elementary","VA","Alleghany Highlands Public Schools","Primary","Regular school","No","Yes under the Community Eligibility Provision (CEP)","17","268","School is eligible for Title I Schoolwide program (SWP) and provides Title I Schoolwide program","No"
mixed - most recent,"510144000634","Callaway Elementary","VA","Franklin County Public Schools","Primary","Regular school","No","Yes under the Community Eligibility Provision (CEP)","14","169","School is eligible for Title I Schoolwide program (SWP) and provides Title I Schoolwide program","No"
mixed - most recent,"510126000439","Camelot Elementary","VA","Fairfax County Public Schools","Primary","Regular school","No","Yes participating without using any Provision or the CEP","44","608","School is not eligible for either Title I Targeted Assistance or Schoolwide program","No"
mixed - most recent,"510081000282","Camelot Elementary","VA","Chesapeake City Public Schools","Primary","Regular school","No","Yes under the Community Eligibility Provision (CEP)","39","498","School is eligible for Title I Schoolwide program (SWP) and provides Title I Schoolwide program","No"
mixed - most recent,"510126000440","Cameron Elementary","VA","Fairfax County Public Schools","Primary","Regular school","No","Yes under the Community Eligibility Provision (CEP)","35","492","School is eligible for Title I Schoolwide program (SWP) and provides Title I Schoolwide program","No"
mixed - most recent,"510267001084","Camp Allen Elementary","VA","Norfolk City Public Schools","Primary","Regular school","No","Yes under the Community Eligibility Provision (CEP)","28","417","School is eligible for Title I Schoolwide program (SWP) and provides Title I Schoolwide program","No"
mixed - most recent,"510060000225","Campbell County Technical Center","VA","Campbell County Public Schools","Not applicable","Vocational school","No","Yes under the Community Eligibility Provision (CEP)","7","","School is not eligible for either Title I Targeted Assistance or Schoolwide program","No"
mixed - most recent,"510192000838","Campbell Court Elementary","VA","Henry County Public Schools","Primary","Regular school","No","Yes under the Community Eligibility Provision (CEP)","18","269","School is eligible for Title I Schoolwide program (SWP) and provides Title I Schoolwide program","No"
mixed - most recent,"510027001940","Campbell Elementary","VA","Arlington County Public Schools","Primary","Regular school","No","Yes participating without using any Provision or the CEP","42","417","School is eligible for Title I Schoolwide program (SWP) and provides Title I Schoolwide program","No"
mixed - most recent,"510126000441","Canterbury Woods Elementary","VA","Fairfax County Public Schools","Primary","Regular school","No","Yes participating without using any Provision or the CEP","50","787","School is not eligible for either Title I Targeted Assistance or Schoolwide program","No"
mixed - most recent,"510360001573","Capron Elementary","VA","Southampton County Public Schools","Primary","Regular school","No","Yes under the Community Eligibility Provision (CEP)","14","203","School is eligible for Title I Schoolwide program (SWP) and provides Title I Schoolwide program","No"
mixed - most recent,"510180000735","Captain John Smith Elementary","VA","Hampton City Public Schools","Primary","Regular school","No","Yes under the Community Eligibility Provision (CEP)","28","393","School is eligible for Title I Schoolwide program (SWP) and provides Title I Schoolwide program","No"
mixed - most recent,"510324001361","Cardinal Elementary","VA","Richmond City Public Schools","Primary","Regular school","No","Yes under the Community Eligibility Provision (CEP)","50","871","School is eligible for Title I Schoolwide program (SWP) and provides Title I Schoolwide program","No"
mixed - most recent,"510027000101","Cardinal Elementary","VA","Arlington County Public Schools","Primary","Regular school","No","Yes participating without using any Provision or the CEP","66","704","School is not eligible for either Title I Targeted Assistance or Schoolwide program","No"
mixed - most recent,"510126000442","Cardinal Forest Elementary","VA","Fairfax County Public Schools","Primary","Regular school","No","Yes participating without using any Provision or the CEP","43","632","School is not eligible for either Title I Targeted Assistance or Schoolwide program","No"
mixed - most recent,"510225002980","Cardinal Ridge Elementary","VA","Loudoun County Public Schools","Primary","Regular school","No","Yes participating without using any Provision or the CEP","57","871","School is not eligible for either Title I Targeted Assistance or Schoolwide program","No"
mixed - most recent,"510234002206","CARL B. HUTCHERSON BUILDING","VA","Lynchburg City Public Schools","Not applicable","Other/alternative school","No","Yes under the Community Eligibility Provision (CEP)","23","","School is not eligible for either Title I Targeted Assistance or Schoolwide program","No"
mixed - most recent,"510027000093","Carlin Springs Elementary","VA","Arlington County Public Schools","Primary","Regular school","No","Yes under the Community Eligibility Provision (CEP)","55","555","School is eligible for Title I Schoolwide program (SWP) and provides Title I Schoolwide program","No"
mixed - most recent,"510066000238","CAROLINE HIGH","VA","Caroline County Public Schools","High","Regular school","No","Yes under the Community Eligibility Provision (CEP)","80","1251","School is not eligible for either Title I Targeted Assistance or Schoolwide program","No"
mixed - most recent,"510066000051","CAROLINE MIDDLE","VA","Caroline County Public Schools","Middle","Regular school","No","Yes under the Community Eligibility Provision (CEP)","59","973","School is not eligible for either Title I Targeted Assistance or Schoolwide program","No"
mixed - most recent,"510069002489","Carroll County Education Center","VA","Carroll County Public Schools","Not applicable","Other/alternative school","No","Yes under the Community Eligibility Provision (CEP)","","","School is not eligible for either Title I Targeted Assistance or Schoolwide program","No"
mixed - most recent,"510069000242","CARROLL COUNTY HIGH","VA","Carroll County Public Schools","High","Regular school","No","Yes under the Community Eligibility Provision (CEP)","83","1069","School is not eligible for either Title I Targeted Assistance or Schoolwide program","No"
mixed - most recent,"510069000257","CARROLL COUNTY MIDDLE","VA","Carroll County Public Schools","Middle","Regular school","No","Yes under the Community Eligibility Provision (CEP)","57","756","School is not eligible for either Title I Targeted Assistance or Schoolwide program","No"
mixed - most recent,"510010002370","Carroll-Galax Reg Alt Ed Prgm/The RAE Ctr","VA","Carroll-Galax Reg Alt Ed Prgm/The RAE Ctr","Not applicable","Other/alternative school","No","Missing/not reported","","0","School is not eligible for either Title I Targeted Assistance or Schoolwide program","No"
mixed - most recent,"510201000547","Carrollton Elementary","VA","Isle of Wight County Public Schools","Primary","Regular school","No","Yes participating without using any Provision or the CEP","46","662","School is not eligible for either Title I Targeted Assistance or Schoolwide program","No"
mixed - most recent,"510201000872","Carrsville Elementary","VA","Isle of Wight County Public Schools","Primary","Regular school","No","Yes participating without using any Provision or the CEP","21","252","School is eligible for Title I Schoolwide program (SWP) and provides Title I Schoolwide program","No"
mixed - most recent,"510126001756","CARSON MIDDLE","VA","Fairfax County Public Schools","Middle","Regular school","No","Yes participating without using any Provision or the CEP","84","1361","School is not eligible for either Title I Targeted Assistance or Schoolwide program","Yes"
mixed - most recent,"510198000865","CARTER G. WOODSON MIDDLE","VA","Hopewell City Public Schools","Middle","Regular school","No","Yes under the Community Eligibility Provision (CEP)","70","826","School is eligible for Title I Schoolwide program (SWP) and provides Title I Schoolwide program","No"
mixed - most recent,"510084001605","CARVER COLLEGE AND CAREER ACADEMY","VA","Chesterfield County Public Schools","High","Other/alternative school","No","Yes under the Community Eligibility Provision (CEP)","39","249","School is not eligible for either Title I Targeted Assistance or Schoolwide program","No"
mixed - most recent,"510264001043","Carver Elementary","VA","Newport News City Public Schools","Primary","Regular school","No","Yes under the Community Eligibility Provision (CEP)","34","600","School is eligible for Title I Schoolwide program (SWP) and provides Title I Schoolwide program","No"
mixed - most recent,"510084000321","CARVER MIDDLE","VA","Chesterfield County Public Schools","Middle","Regular school","No","Yes under the Community Eligibility Provision (CEP)","71","1022","School is not eligible for either Title I Targeted Assistance or Schoolwide program","No"
mixed - most recent,"510138000622","Carysbrook Elementary","VA","Fluvanna County Public Schools","Primary","Regular school","No","Yes participating without using any Provision or the CEP","35","472","School is eligible for Title I Schoolwide program (SWP) and provides Title I Schoolwide program","No"
mixed - most recent,"510189000794","Cashell Donahoe Elementary","VA","Henrico County Public Schools","Primary","Regular school","No","Yes under the Community Eligibility Provision (CEP)","38","514","School is eligible for Title I Schoolwide program (SWP) and provides Title I Schoolwide program","No"
mixed - most recent,"510030000118","Cassell Elementary","VA","Augusta County Public Schools","Primary","Regular school","No","Yes under the Community Eligibility Provision (CEP)","43","661","School is eligible for Title I Schoolwide program (SWP) and provides Title I Schoolwide program","No"
mixed - most recent,"510342001513","Castlewood Elementary","VA","Russell County Public Schools","Primary","Regular school","No","Yes under the Community Eligibility Provision (CEP)","25","237","School is eligible for Title I Schoolwide program (SWP) and provides Title I Schoolwide program","No"
mixed - most recent,"510342001514","CASTLEWOOD HIGH","VA","Russell County Public Schools","High","Regular school","No","Yes under the Community Eligibility Provision (CEP)","30","314","School is not eligible for either Title I Targeted Assistance or Schoolwide program","No"
mixed - most recent,"510225000914","Catoctin Elementary","VA","Loudoun County Public Schools","Primary","Regular school","No","Yes participating without using any Provision or the CEP","45","601","School is not eligible for either Title I Targeted Assistance or Schoolwide program","No"
mixed - most recent,"510333001446","Cave Spring Elementary","VA","Roanoke County Public Schools","Primary","Regular school","No","Yes participating without using any Provision or the CEP","32","508","School is not eligible for either Title I Targeted Assistance or Schoolwide program","No"
mixed - most recent,"510333001447","CAVE SPRING HIGH","VA","Roanoke County Public Schools","High","Regular school","No","Yes participating without using any Provision or the CEP","63","1056","School is not eligible for either Title I Targeted Assistance or Schoolwide program","No"
mixed - most recent,"510333001448","CAVE SPRING MIDDLE","VA","Roanoke County Public Schools","Middle","Regular school","No","Yes participating without using any Provision or the CEP","53","765","School is not eligible for either Title I Targeted Assistance or Schoolwide program","No"
mixed - most recent,"510084003040","CCPS Online","VA","Chesterfield County Public Schools","Not applicable","Other/alternative school","No","No","74","","School is not eligible for either Title I Targeted Assistance or Schoolwide program","No"
mixed - most recent,"510381001648","Cedar Bluff Elementary","VA","Tazewell County Public Schools","Primary","Regular school","No","Yes under the Community Eligibility Provision (CEP)","25","388","School is eligible for Title I Schoolwide program (SWP) and provides Title I Schoolwide program","No"
mixed - most recent,"510364002768","Cedar Forest Elementary","VA","Spotsylvania County Public Schools","Primary","Regular school","No","Yes under the Community Eligibility Provision (CEP)","52","811","School is eligible for Title I Schoolwide program (SWP) and provides Title I Schoolwide program","No"
mixed - most recent,"510225001915","Cedar Lane Elementary","VA","Loudoun County Public Schools","Primary","Regular school","No","Yes participating without using any Provision or the CEP","52","730","School is not eligible for either Title I Targeted Assistance or Schoolwide program","No"
mixed - most recent,"510126001991","CEDAR LANE SCHOOL","VA","Fairfax County Public Schools","Not applicable","Special education school","No","Missing/not reported","19","","School is not eligible for either Title I Targeted Assistance or Schoolwide program","No"
mixed - most recent,"510132000605","CEDAR LEE MIDDLE","VA","Fauquier County Public Schools","Middle","Regular school","No","Yes participating without using any Provision or the CEP","53","610","School is not eligible for either Title I Targeted Assistance or Schoolwide program","No"
mixed - most recent,"510313002304","Cedar Point Elementary","VA","Prince William County Public Schools","Primary","Regular school","No","Yes participating without using any Provision or the CEP","33","506","School is not eligible for either Title I Targeted Assistance or Schoolwide program","Yes"
mixed - most recent,"510081001483","Cedar Road Elementary","VA","Chesapeake City Public Schools","Primary","Regular school","No","Yes participating without using any Provision or the CEP","50","924","School is not eligible for either Title I Targeted Assistance or Schoolwide program","No"
mixed - most recent,"510001702089","CENTER FOR AUTISM","VA","New Horizons Regional Education Center - Special Education","Not applicable","Special education school","No","Missing/not reported","","0","School is not eligible for either Title I Targeted Assistance or Schoolwide program","No"
mixed - most recent,"510189002841","CENTER FOR DIVERSIFIED STUDIES","VA","Henrico County Public Schools","Not applicable","Other/alternative school","No","Missing/not reported","","","School is not eligible for either Title I Targeted Assistance or Schoolwide program","No"
mixed - most recent,"510009003118","Center II","VA","Albemarle County Public Schools","Not applicable","Other/alternative school","No","","","","",""
mixed - most recent,"510384002010","Centerville Elementary","VA","Virginia Beach City Public Schools","Primary","Regular school","No","Yes participating without using any Provision or the CEP","40","628","School is not eligible for either Title I Targeted Assistance or Schoolwide program","No"
mixed - most recent,"510042000164","CENTRAL ACADEMY MIDDLE","VA","Botetourt County Public Schools","Middle","Regular school","No","Yes participating without using any Provision or the CEP","31","369","School is not eligible for either Title I Targeted Assistance or Schoolwide program","No"
mixed - most recent,"510337001479","Central Elementary","VA","Rockbridge County Public Schools","Primary","Regular school","No","Yes under the Community Eligibility Provision (CEP)","36","452","School is eligible for Title I Schoolwide program (SWP) and provides Title I Schoolwide program","No"
mixed - most recent,"510138002868","Central Elementary","VA","Fluvanna County Public Schools","Primary","Regular school","No","Yes participating without using any Provision or the CEP","54","715","School is eligible for Title I Schoolwide program (SWP) and provides Title I Schoolwide program","No"
mixed - most recent,"510021000068","Central Elementary","VA","Amherst County Public Schools","Primary","Regular school","No","Yes under the Community Eligibility Provision (CEP)","31","318","School is eligible for Title I Schoolwide program (SWP) and provides Title I Schoolwide program","No"
mixed - most recent,"510408001789","CENTRAL HIGH","VA","Wise County Public Schools","High","Regular school","No","Yes under the Community Eligibility Provision (CEP)","41","674","School is not eligible for either Title I Targeted Assistance or Schoolwide program","No"
mixed - most recent,"510351001543","CENTRAL HIGH","VA","Shenandoah County Public Schools","High","Regular school","No","Yes under the Community Eligibility Provision (CEP)","53","749","School is not eligible for either Title I Targeted Assistance or Schoolwide program","Yes"
mixed - most recent,"510231000944","CENTRAL HIGH","VA","Lunenburg County Public Schools","High","Regular school","No","Yes under the Community Eligibility Provision (CEP)","34","495","School is not eligible for either Title I Targeted Assistance or Schoolwide program","No"
mixed - most recent,"510207000878","CENTRAL HIGH","VA","King and Queen County Public Schools","High","Regular school","No","Yes under the Community Eligibility Provision (CEP)","30","273","School is not eligible for either Title I Targeted Assistance or Schoolwide program","No"
mixed - most recent,"510075000264","CENTRAL MIDDLE","VA","Charlotte County Public Schools","Middle","Regular school","No","Yes under the Community Eligibility Provision (CEP)","28","370","School is not eligible for either Title I Targeted Assistance or Schoolwide program","No"
mixed - most recent,"510004501948","CENTRAL ST. HOSP. ED. PR.","VA","Central State Hospital","Other","Special education school","No","Missing/not reported","","0","School is not eligible for either Title I Targeted Assistance or Schoolwide program","No"
mixed - most recent,"510005001950","CENTRAL VA. TRAINING CTR.","VA","Central Virginia Training Center","Other","Special education school","No","Missing/not reported","","0","School is not eligible for either Title I Targeted Assistance or Schoolwide program","No"
mixed - most recent,"510217302229","Central Virginia Governor's School","VA","Central Virginia Governor's School","Not applicable","Regular school","No","Missing/not reported","","0","School is not eligible for either Title I Targeted Assistance or Schoolwide program","Yes"
mixed - most recent,"510126002183","Centre Ridge Elementary","VA","Fairfax County Public Schools","Primary","Regular school","No","Yes participating without using any Provision or the CEP","52","706","School is eligible for Title I Schoolwide program (SWP) and provides Title I Schoolwide program","No"
mixed - most recent,"510126000775","Centreville Elementary","VA","Fairfax County Public Schools","Primary","Regular school","No","Yes participating without using any Provision or the CEP","57","779","School is not eligible for either Title I Targeted Assistance or Schoolwide program","No"
mixed - most recent,"510126002114","CENTREVILLE HIGH","VA","Fairfax County Public Schools","High","Regular school","No","Yes participating without using any Provision or the CEP","149","2623","School is not eligible for either Title I Targeted Assistance or Schoolwide program","No"
mixed - most recent,"510180000744","CESAR TARRANT MIDDLE","VA","Hampton City Public Schools","Middle","Regular school","No","Yes under the Community Eligibility Provision (CEP)","47","676","School is eligible for Title I Schoolwide program (SWP) and provides Title I Schoolwide program","No"
mixed - most recent,"510189000792","Chamberlayne Elementary","VA","Henrico County Public Schools","Primary","Regular school","No","Yes under the Community Eligibility Provision (CEP)","27","318","School is eligible for Title I Schoolwide program (SWP) and provides Title I Schoolwide program","No"
mixed - most recent,"510364001587","Chancellor Elementary","VA","Spotsylvania County Public Schools","Primary","Regular school","No","Yes participating without using any Provision or the CEP","27","456","School is not eligible for either Title I Targeted Assistance or Schoolwide program","No"
mixed - most recent,"510364002134","CHANCELLOR HIGH","VA","Spotsylvania County Public Schools","High","Regular school","No","Yes under the Community Eligibility Provision (CEP)","85","1397","School is not eligible for either Title I Targeted Assistance or Schoolwide program","No"
mixed - most recent,"510364002165","CHANCELLOR MIDDLE","VA","Spotsylvania County Public Schools","Middle","Regular school","No","Yes under the Community Eligibility Provision (CEP)","56","854","School is not eligible for either Title I Targeted Assistance or Schoolwide program","No"
mixed - most recent,"510126003008","CHANTILLY GOVERNOR'S STEM ACADEMY","VA","Fairfax County Public Schools","Not applicable","Vocational school","No","Missing/not reported","11","","School is not eligible for either Title I Targeted Assistance or Schoolwide program","No"
mixed - most recent,"510126002939","CHANTILLY HIGH SCHOOL ACADEMY","VA","Fairfax County Public Schools","Not applicable","Vocational school","No","Missing/not reported","17","","School is not eligible for either Title I Targeted Assistance or Schoolwide program","No"
mixed - most recent,"510126000059","CHANTILLY HIGH","VA","Fairfax County Public Schools","High","Regular school","No","Yes participating without using any Provision or the CEP","181","2937","School is not eligible for either Title I Targeted Assistance or Schoolwide program","No"
mixed - most recent,"510012000038","Charles Barrett Elementary","VA","Alexandria City Public Schools","Primary","Regular school","No","Yes participating without using any Provision or the CEP","40","548","School is not eligible for either Title I Targeted Assistance or Schoolwide program","No"
mixed - most recent,"510072000260","Charles City County Elementary","VA","Charles City County Public Schools","Primary","Regular school","No","Yes under the Community Eligibility Provision (CEP)","24","315","School is eligible for Title I Schoolwide program (SWP) and provides Title I Schoolwide program","No"
mixed - most recent,"510072000258","Charles City County High","VA","Charles City County Public Schools","High","Regular school","No","Yes under the Community Eligibility Provision (CEP)","41","247","School is eligible for Title I Schoolwide program (SWP) and provides Title I Schoolwide program","No"
mixed - most recent,"510313003025","Charles J. Colgan Sr. High","VA","Prince William County Public Schools","High","Regular school","No","Yes participating without using any Provision or the CEP","160","2907","School is not eligible for either Title I Targeted Assistance or Schoolwide program","Yes"
mixed - most recent,"510189000789","Charles M. Johnson Elementary","VA","Henrico County Public Schools","Primary","Regular school","No","Yes under the Community Eligibility Provision (CEP)","32","392","School is eligible for Title I Schoolwide program (SWP) and provides Title I Schoolwide program","No"
mixed - most recent,"510078000273","CHARLOTTESVILLE HIGH","VA","Charlottesville City Public Schools","High","Regular school","No","Yes under the Community Eligibility Provision (CEP)","118","1359","School is not eligible for either Title I Targeted Assistance or Schoolwide program","No"
mixed - most recent,"510004102324","CHARLOTTESVILLE HOSP. EP.","VA","University of Virginia","Other","Special education school","No","Missing/not reported","","0","School is not eligible for either Title I Targeted Assistance or Schoolwide program","No"
mixed - most recent,"510000302015","CHARLOTTESVILLE-ALBEMARLE TECH","VA","Charlottesville-Albemarle Vocational-Technical Center","Not applicable","Vocational school","No","Missing/not reported","","0","School is not eligible for either Title I Targeted Assistance or Schoolwide program","No"
mixed - most recent,"510246001002","Chase City Elementary","VA","Mecklenburg County Public Schools","Primary","Regular school","No","Yes under the Community Eligibility Provision (CEP)","26","387","School is eligible for Title I Schoolwide program (SWP) and provides Title I Schoolwide program","No"
mixed - most recent,"510294001209","Chatham Elementary","VA","Pittsylvania County Public Schools","Primary","Regular school","No","Yes under the Community Eligibility Provision (CEP)","23","234","School is eligible for Title I Schoolwide program (SWP) and provides Title I Schoolwide program","No"
mixed - most recent,"510294001210","CHATHAM HIGH","VA","Pittsylvania County Public Schools","High","Regular school","No","Yes under the Community Eligibility Provision (CEP)","42","659","School is not eligible for either Title I Targeted Assistance or Schoolwide program","No"
mixed - most recent,"510294001208","CHATHAM MIDDLE","VA","Pittsylvania County Public Schools","Middle","Regular school","No","Yes under the Community Eligibility Provision (CEP)","36","426","School is eligible for Title I Schoolwide program (SWP) and provides Title I Schoolwide program","No"
mixed - most recent,"510135000617","Check Elementary","VA","Floyd County Public Schools","Primary","Regular school","No","Yes under the Community Eligibility Provision (CEP)","22","292","School is eligible for Title I Schoolwide program (SWP) and provides Title I Schoolwide program","No"
mixed - most recent,"510126001992","Cherry Run Elementary","VA","Fairfax County Public Schools","Primary","Regular school","No","Yes participating without using any Provision or the CEP","35","469","School is not eligible for either Title I Targeted Assistance or Schoolwide program","No"
mixed - most recent,"510003401934","Chesapeake Bay Governor's School","VA","Chesapeake Bay Governor's School","Not applicable","Regular school","No","Missing/not reported","","0","School is not eligible for either Title I Targeted Assistance or Schoolwide program","Yes"
mixed - most recent,"510081000285","CHESAPEAKE CAREER CENTER","VA","Chesapeake City Public Schools","Not applicable","Vocational school","No","Missing/not reported","18","","School is not eligible for either Title I Targeted Assistance or Schoolwide program","No"
mixed - most recent,"510081002222","CHESAPEAKE CENTER FOR STUDENT SUCCESS","VA","Chesapeake City Public Schools","Not applicable","Other/alternative school","No","Yes under the Community Eligibility Provision (CEP)","21","","School is not eligible for either Title I Targeted Assistance or Schoolwide program","No"
mixed - most recent,"510084003085","CHESTER EARLY CHILDHOOD LEARNING ACADEMY","VA","Chesterfield County Public Schools","Prekindergarten","Regular school","No","Yes participating without using any Provision or the CEP","37","367","School is eligible for Title I Targeted Assistance (TAS) and provides TAS program","No"
mixed - most recent,"510126000448","Chesterbrook Elementary","VA","Fairfax County Public Schools","Primary","Regular school","No","Yes participating without using any Provision or the CEP","36","527","School is not eligible for either Title I Targeted Assistance or Schoolwide program","No"
mixed - most recent,"510084002972","CHESTERFIELD CAREER & TECHNICAL CENTER AT HULL","VA","Chesterfield County Public Schools","Not applicable","Vocational school","No","Yes participating without using any Provision or the CEP","22","","School is not eligible for either Title I Targeted Assistance or Schoolwide program","No"
mixed - most recent,"510084000323","CHESTERFIELD CAREER AND TECHNICAL CENTER AT COURTHOUSE","VA","Chesterfield County Public Schools","Not applicable","Vocational school","No","Yes participating without using any Provision or the CEP","37","","School is not eligible for either Title I Targeted Assistance or Schoolwide program","No"
mixed - most recent,"510084003013","Chesterfield Co Governor's Health/Science Academy","VA","Chesterfield County Public Schools","Not applicable","Vocational school","No","Missing/not reported","3","","School is not eligible for either Title I Targeted Assistance or Schoolwide program","No"
mixed - most recent,"510267001088","Chesterfield Elementary","VA","Norfolk City Public Schools","Primary","Regular school","No","Yes under the Community Eligibility Provision (CEP)","27","290","School is eligible for Title I Schoolwide program (SWP) and provides Title I Schoolwide program","No"
mixed - most recent,"510004202380","CHESTERFIELD JUVENILE DETENTION HOME","VA","Department of Education State-Operated Educ Prgms","Not applicable","Other/alternative school","No","Missing/not reported","","","School is not eligible for either Title I Targeted Assistance or Schoolwide program","No"
mixed - most recent,"510084003108","Chesterfield Recovery Academy","VA","Chesterfield County Public Schools","Not applicable","Other/alternative school","No","No","","","",""
mixed - most recent,"510084003097","CHESTERFIELD VIRTUAL SCHOOL","VA","Chesterfield County Public Schools","Primary","Regular school","No","No","82","857","",""
mixed - most recent,"510183002191","CHICKAHOMINY MIDDLE","VA","Hanover County Public Schools","Middle","Regular school","No","Yes participating without using any Provision or the CEP","79","1131","School is not eligible for either Title I Targeted Assistance or Schoolwide program","No"
mixed - most recent,"510352001557","Chilhowie Elementary","VA","Smyth County Public Schools","Primary","Regular school","No","Yes under the Community Eligibility Provision (CEP)","41","543","School is eligible for Title I Schoolwide program (SWP) and provides Title I Schoolwide program","No"
mixed - most recent,"510352001558","CHILHOWIE HIGH","VA","Smyth County Public Schools","High","Regular school","No","Yes under the Community Eligibility Provision (CEP)","30","393","School is not eligible for either Title I Targeted Assistance or Schoolwide program","No"
mixed - most recent,"510352001441","CHILHOWIE MIDDLE","VA","Smyth County Public Schools","Middle","Regular school","No","Yes under the Community Eligibility Provision (CEP)","22","306","School is not eligible for either Title I Targeted Assistance or Schoolwide program","No"
mixed - most recent,"510324001359","Chimborazo Elementary","VA","Richmond City Public Schools","Primary","Regular school","No","Yes under the Community Eligibility Provision (CEP)","30","385","School is eligible for Title I Schoolwide program (SWP) and provides Title I Schoolwide program","No"
mixed - most recent,"510006000006","Chincoteague Elementary","VA","Accomack County Public Schools","Primary","Regular school","No","Yes under the Community Eligibility Provision (CEP)","18","224","School is not eligible for either Title I Targeted Assistance or Schoolwide program","No"
mixed - most recent,"510006000007","CHINCOTEAGUE HIGH","VA","Accomack County Public Schools","High","Regular school","No","Yes under the Community Eligibility Provision (CEP)","27","295","School is not eligible for either Title I Targeted Assistance or Schoolwide program","No"
mixed - most recent,"510313003021","Chris Yung Elementary","VA","Prince William County Public Schools","Primary","Regular school","No","Yes participating without using any Provision or the CEP","47","775","School is not eligible for either Title I Targeted Assistance or Schoolwide program","Yes"
mixed - most recent,"510252002126","Christiansburg Elementary","VA","Montgomery County Public Schools","Primary","Regular school","No","Yes participating without using any Provision or the CEP","29","407","School is eligible for Title I Schoolwide program (SWP) and provides Title I Schoolwide program","No"
mixed - most recent,"510252001019","CHRISTIANSBURG HIGH","VA","Montgomery County Public Schools","High","Regular school","No","Yes participating without using any Provision or the CEP","83","1116","School is not eligible for either Title I Targeted Assistance or Schoolwide program","No"
mixed - most recent,"510252001020","CHRISTIANSBURG MIDDLE","VA","Montgomery County Public Schools","Middle","Regular school","No","Yes participating without using any Provision or the CEP","65","752","School is not eligible for either Title I Targeted Assistance or Schoolwide program","No"
mixed - most recent,"510252001021","CHRISTIANSBURG PRIMARY","VA","Montgomery County Public Schools","Primary","Regular school","No","Yes participating without using any Provision or the CEP","34","405","School is eligible for Title I Schoolwide program (SWP) and provides Title I Schoolwide program","No"
mixed - most recent,"510180000737","Christopher C. Kraft Elementary","VA","Hampton City Public Schools","Primary","Regular school","No","Yes under the Community Eligibility Provision (CEP)","33","457","School is eligible for Title I Schoolwide program (SWP) and provides Title I Schoolwide program","No"
mixed - most recent,"510384001656","Christopher Farms Elementary","VA","Virginia Beach City Public Schools","Primary","Regular school","No","Yes participating without using any Provision or the CEP","40","632","School is not eligible for either Title I Targeted Assistance or Schoolwide program","No"
mixed - most recent,"510126000449","Churchill Road Elementary","VA","Fairfax County Public Schools","Primary","Regular school","No","Yes participating without using any Provision or the CEP","37","606","School is not eligible for either Title I Targeted Assistance or Schoolwide program","No"
mixed - most recent,"510300002069","Churchland Academy Elementary","VA","Portsmouth City Public Schools","Primary","Regular school","No","Yes under the Community Eligibility Provision (CEP)","43","585","School is eligible for Title I Schoolwide program (SWP) and provides Title I Schoolwide program","No"
mixed - most recent,"510300001239","Churchland Elementary","VA","Portsmouth City Public Schools","Primary","Regular school","No","Yes under the Community Eligibility Provision (CEP)","43","767","School is not eligible for either Title I Targeted Assistance or Schoolwide program","No"
mixed - most recent,"510300000375","CHURCHLAND HIGH","VA","Portsmouth City Public Schools","High","Regular school","No","Yes under the Community Eligibility Provision (CEP)","94","1435","School is not eligible for either Title I Targeted Assistance or Schoolwide program","Yes"
mixed - most recent,"510300001241","CHURCHLAND MIDDLE","VA","Portsmouth City Public Schools","Middle","Regular school","No","Yes under the Community Eligibility Provision (CEP)","60","890","School is not eligible for either Title I Targeted Assistance or Schoolwide program","No"
mixed - most recent,"510300002829","Churchland Preschool Center","VA","Portsmouth City Public Schools","Prekindergarten","Regular school","No","Missing/not reported","10","114","School is not eligible for either Title I Targeted Assistance or Schoolwide program","No"
mixed - most recent,"510300001242","CHURCHLAND PRIMARY & INTERMEDIATE","VA","Portsmouth City Public Schools","Primary","Regular school","No","Yes under the Community Eligibility Provision (CEP)","37","541","School is eligible for Title I Schoolwide program (SWP) and provides Title I Schoolwide program","No"
mixed - most recent,"510030000119","Churchville Elementary","VA","Augusta County Public Schools","Primary","Regular school","No","Yes participating without using any Provision or the CEP","29","433","School is eligible for Title I Schoolwide program (SWP) and provides Title I Schoolwide program","No"
mixed - most recent,"510402002170","Clara Byrd Baker Elementary","VA","Williamsburg-James City County Public Schools","Primary","Regular school","No","Yes participating without using any Provision or the CEP","43","507","School is eligible for Title I Targeted Assistance (TAS) and provides TAS program","No"
mixed - most recent,"510027002404","CLAREMONT IMMERSION","VA","Arlington County Public Schools","Primary","Regular school","No","Yes participating without using any Provision or the CEP","47","631","School is not eligible for either Title I Targeted Assistance or Schoolwide program","Yes"
mixed - most recent,"510078002110","Clark Elementary","VA","Charlottesville City Public Schools","Primary","Regular school","No","Yes under the Community Eligibility Provision (CEP)","31","353","School is eligible for Title I Schoolwide program (SWP) and provides Title I Schoolwide program","No"
mixed - most recent,"510087002100","CLARKE COUNTY HIGH","VA","Clarke County Public Schools","High","Regular school","No","Yes participating without using any Provision or the CEP","52","693","School is not eligible for either Title I Targeted Assistance or Schoolwide program","No"
mixed - most recent,"510246001004","Clarksville Elementary","VA","Mecklenburg County Public Schools","Primary","Regular school","No","Yes under the Community Eligibility Provision (CEP)","24","455","School is eligible for Title I Schoolwide program (SWP) and provides Title I Schoolwide program","No"
mixed - most recent,"510132000610","Claude Thompson Elementary","VA","Fauquier County Public Schools","Primary","Regular school","No","Yes under the Community Eligibility Provision (CEP)","19","258","School is eligible for Title I Schoolwide program (SWP) and provides Title I Schoolwide program","No"
mixed - most recent,"510177000710","Clays Mill Elementary","VA","Halifax County Public Schools","Primary","Regular school","No","Yes under the Community Eligibility Provision (CEP)","19","212","School is eligible for Title I Schoolwide program (SWP) and provides Title I Schoolwide program","No"
mixed - most recent,"510333001449","Clearbrook Elementary","VA","Roanoke County Public Schools","Primary","Regular school","No","Yes participating without using any Provision or the CEP","23","324","School is not eligible for either Title I Targeted Assistance or Schoolwide program","No"
mixed - most recent,"510240002618","CLEARVIEW EARLY LEARNING CENTER","VA","Martinsville City Public Schools","Prekindergarten","Regular school","No","Yes under the Community Eligibility Provision (CEP)","9","107","School is not eligible for either Title I Targeted Assistance or Schoolwide program","No"
mixed - most recent,"510126001836","Clearview Elementary","VA","Fairfax County Public Schools","Primary","Regular school","No","Yes participating without using any Provision or the CEP","51","613","School is eligible for Title I Schoolwide program (SWP) and provides Title I Schoolwide program","No"
mixed - most recent,"510126000450","Clermont Elementary","VA","Fairfax County Public Schools","Primary","Regular school","No","Yes participating without using any Provision or the CEP","33","553","School is not eligible for either Title I Targeted Assistance or Schoolwide program","No"
mixed - most recent,"510126003012","Clifford S. Hardison Governor's Health Sciences Academy","VA","Fairfax County Public Schools","Not applicable","Vocational school","No","Missing/not reported","6","","School is not eligible for either Title I Targeted Assistance or Schoolwide program","No"
mixed - most recent,"510015201888","CLIFTON MIDDLE","VA","Alleghany Highlands Public Schools","Middle","Regular school","No","Yes under the Community Eligibility Provision (CEP)","37","413","School is not eligible for either Title I Targeted Assistance or Schoolwide program","No"
mixed - most recent,"510114000401","Clintwood Elementary","VA","Dickenson County Public Schools","Primary","Regular school","No","Yes under the Community Eligibility Provision (CEP)","32","425","School is eligible for Title I Schoolwide program (SWP) and provides Title I Schoolwide program","No"
mixed - most recent,"510084002055","Clover Hill Elementary","VA","Chesterfield County Public Schools","Primary","Regular school","No","Yes participating without using any Provision or the CEP","49","842","School is not eligible for either Title I Targeted Assistance or Schoolwide program","No"
mixed - most recent,"510084000324","CLOVER HILL HIGH","VA","Chesterfield County Public Schools","High","Regular school","No","Yes participating without using any Provision or the CEP","111","1775","School is not eligible for either Title I Targeted Assistance or Schoolwide program","No"
mixed - most recent,"510042000168","Cloverdale Elementary","VA","Botetourt County Public Schools","Primary","Regular school","No","Yes participating without using any Provision or the CEP","16","249","School is not eligible for either Title I Targeted Assistance or Schoolwide program","No"
mixed - most recent,"510177002745","Cluster Springs Elementary","VA","Halifax County Public Schools","Primary","Regular school","No","Yes under the Community Eligibility Provision (CEP)","37","547","School is eligible for Title I Schoolwide program (SWP) and provides Title I Schoolwide program","No"
mixed - most recent,"510126002800","Coates Elementary","VA","Fairfax County Public Schools","Primary","Regular school","No","Yes participating without using any Provision or the CEP","55","831","School is not eligible for either Title I Targeted Assistance or Schoolwide program","No"
mixed - most recent,"510025603031","CodeRVA Regional High School","VA","CodeRVA Regional High School","Not applicable","Other/alternative school","No","No","","","School is not eligible for either Title I Targeted Assistance or Schoolwide program","No"
mixed - most recent,"510408001787","COEBURN MIDDLE","VA","Wise County Public Schools","Middle","Regular school","No","Yes under the Community Eligibility Provision (CEP)","31","307","School is not eligible for either Title I Targeted Assistance or Schoolwide program","No"
mixed - most recent,"510408001788","COEBURN PRIMARY","VA","Wise County Public Schools","Primary","Regular school","No","Yes under the Community Eligibility Provision (CEP)","37","466","School is eligible for Title I Schoolwide program (SWP) and provides Title I Schoolwide program","No"
mixed - most recent,"510183001995","Cold Harbor Elementary","VA","Hanover County Public Schools","Primary","Regular school","No","Yes participating without using any Provision or the CEP","37","527","School is not eligible for either Title I Targeted Assistance or Schoolwide program","No"
mixed - most recent,"510267001089","Coleman Place Elementary","VA","Norfolk City Public Schools","Primary","Regular school","No","Yes under the Community Eligibility Provision (CEP)","41","617","School is eligible for Title I Schoolwide program (SWP) and provides Title I Schoolwide program","No"
mixed - most recent,"510313001290","Coles Elementary","VA","Prince William County Public Schools","Primary","Regular school","No","Yes participating without using any Provision or the CEP","29","412","School is not eligible for either Title I Targeted Assistance or Schoolwide program","Yes"
mixed - most recent,"510384001680","College Park Elementary","VA","Virginia Beach City Public Schools","Primary","Regular school","No","Yes under the Community Eligibility Provision (CEP)","42","484","School is eligible for Title I Schoolwide program (SWP) and provides Title I Schoolwide program","No"
mixed - most recent,"510371003058","COLONEL FRED CHERRY MIDDLE","VA","Suffolk City Public Schools","Middle","Regular school","No","Yes under the Community Eligibility Provision (CEP)","50","755","School is not eligible for either Title I Targeted Assistance or Schoolwide program","No"
mixed - most recent,"510093001956","Colonial Beach Elementary","VA","Colonial Beach Public Schools","Primary","Regular school","No","Yes under the Community Eligibility Provision (CEP)","16","360","School is eligible for Title I Targeted Assistance (TAS) and provides TAS program","No"
mixed - most recent,"510093001957","COLONIAL BEACH HIGH","VA","Colonial Beach Public Schools","High","Regular school","No","Yes under the Community Eligibility Provision (CEP)","14","214","School is not eligible for either Title I Targeted Assistance or Schoolwide program","No"
mixed - most recent,"510042000169","Colonial Elementary","VA","Botetourt County Public Schools","Primary","Regular school","No","Yes participating without using any Provision or the CEP","28","478","School is not eligible for either Title I Targeted Assistance or Schoolwide program","No"
mixed - most recent,"510366001923","COLONIAL FORGE HIGH","VA","Stafford County Public Schools","High","Regular school","No","Yes participating without using any Provision or the CEP","129","1996","School is not eligible for either Title I Targeted Assistance or Schoolwide program","No"
mixed - most recent,"510096000361","COLONIAL HEIGHTS HIGH","VA","Colonial Heights City Public Schools","High","Regular school","No","Yes under the Community Eligibility Provision (CEP)","68","876","School is not eligible for either Title I Targeted Assistance or Schoolwide program","No"
mixed - most recent,"510096000362","COLONIAL HEIGHTS MIDDLE","VA","Colonial Heights City Public Schools","Middle","Regular school","No","Yes under the Community Eligibility Provision (CEP)","51","598","School is eligible for Title I Targeted Assistance (TAS) and provides TAS program","No"
mixed - most recent,"510096002941","Colonial Heights Technical Center","VA","Colonial Heights City Public Schools","Not applicable","Vocational school","No","Missing/not reported","","","School is not eligible for either Title I Targeted Assistance or Schoolwide program","No"
mixed - most recent,"510189002756","Colonial Trail Elementary","VA","Henrico County Public Schools","Primary","Regular school","No","Yes participating without using any Provision or the CEP","38","666","School is not eligible for either Title I Targeted Assistance or Schoolwide program","No"
mixed - most recent,"510126000452","Columbia Elementary","VA","Fairfax County Public Schools","Primary","Regular school","No","Yes participating without using any Provision or the CEP","28","369","School is not eligible for either Title I Targeted Assistance or Schoolwide program","No"
mixed - most recent,"510126002333","Colvin Run Elementary","VA","Fairfax County Public Schools","Primary","Regular school","No","Yes participating without using any Provision or the CEP","49","783","School is not eligible for either Title I Targeted Assistance or Schoolwide program","No"
mixed - most recent,"510007101949","Commonwealth Ctr For Children & Adolescents","VA","Commonwealth Center for Children & Adolescents","Other","Special education school","No","Missing/not reported","","0","School is not eligible for either Title I Targeted Assistance or Schoolwide program","No"
mixed - most recent,"510003501936","Commonwealth Governor's School","VA","COMMONWEALTH GOVERNOR'S SCHOOL","Not applicable","Regular school","No","Missing/not reported","","0","School is not eligible for either Title I Targeted Assistance or Schoolwide program","Yes"
mixed - most recent,"510126000579","COMMUNITY BASED EDUCATION","VA","Fairfax County Public Schools","Not applicable","Vocational school","No","Missing/not reported","","","School is not eligible for either Title I Targeted Assistance or Schoolwide program","No"
mixed - most recent,"510009000030","COMMUNITY LAB SCHOOL","VA","Albemarle County Public Schools","High","Regular school","Yes","Yes participating without using any Provision or the CEP","17","192","School is not eligible for either Title I Targeted Assistance or Schoolwide program","No"
mixed - most recent,"510060000226","Concord Elementary","VA","Campbell County Public Schools","Primary","Regular school","No","Yes under the Community Eligibility Provision (CEP)","25","432","School is eligible for Title I Schoolwide program (SWP) and provides Title I Schoolwide program","No"
mixed - most recent,"510366002465","Conway Elementary","VA","Stafford County Public Schools","Primary","Regular school","No","Yes participating without using any Provision or the CEP","51","893","School is eligible for Title I Targeted Assistance (TAS) and provides TAS program","No"
mixed - most recent,"510291001202","Cool Spring Elementary","VA","Petersburg City Public Schools","Primary","Regular school","No","Yes under the Community Eligibility Provision (CEP)","38","530","School is eligible for Title I Schoolwide program (SWP) and provides Title I Schoolwide program","No"
mixed - most recent,"510225002154","Cool Spring Elementary","VA","Loudoun County Public Schools","Primary","Regular school","No","Yes participating without using any Provision or the CEP","49","613","School is not eligible for either Title I Targeted Assistance or Schoolwide program","No"
mixed - most recent,"510183001617","Cool Spring Elementary","VA","Hanover County Public Schools","Primary","Regular school","No","Yes participating without using any Provision or the CEP","48","778","School is not eligible for either Title I Targeted Assistance or Schoolwide program","No"
mixed - most recent,"510212002339","COOL SPRING PRIMARY","VA","King William County Public Schools","Primary","Regular school","No","Yes participating without using any Provision or the CEP","35","506","School is eligible for Title I Schoolwide program (SWP) and provides Title I Schoolwide program","No"
mixed - most recent,"510001402086","COOP CTR FOR EXCEP CHILDREN","VA","Cooperative Centers for Exceptional Children","Not applicable","Special education school","No","Missing/not reported","","0","School is not eligible for either Title I Targeted Assistance or Schoolwide program","No"
mixed - most recent,"510126000453","COOPER MIDDLE","VA","Fairfax County Public Schools","Middle","Regular school","No","Yes participating without using any Provision or the CEP","64","1054","School is not eligible for either Title I Targeted Assistance or Schoolwide program","Yes"
mixed - most recent,"510398001765","Cople Elementary","VA","Westmoreland County Public Schools","Primary","Regular school","No","Yes under the Community Eligibility Provision (CEP)","27","381","School is eligible for Title I Schoolwide program (SWP) and provides Title I Schoolwide program","No"
mixed - most recent,"510342001518","Copper Creek Elementary","VA","Russell County Public Schools","Primary","Regular school","No","Yes under the Community Eligibility Provision (CEP)","9","122","School is eligible for Title I Targeted Assistance (TAS) and provides TAS program","No"
mixed - most recent,"510012001826","Cora Kelly School for Math Science and Technology","VA","Alexandria City Public Schools","Primary","Regular school","No","Yes under the Community Eligibility Provision (CEP)","27","296","School is eligible for Title I Schoolwide program (SWP) and provides Title I Schoolwide program","No"
mixed - most recent,"510060002332","CORNERSTONE LEARNING CENTER","VA","Campbell County Public Schools","Not applicable","Other/alternative school","No","Missing/not reported","9","","School is not eligible for either Title I Targeted Assistance or Schoolwide program","No"
mixed - most recent,"510384000675","Corporate Landing Elementary","VA","Virginia Beach City Public Schools","Primary","Regular school","No","Yes participating without using any Provision or the CEP","36","380","School is not eligible for either Title I Targeted Assistance or Schoolwide program","No"
mixed - most recent,"510384001639","CORPORATE LANDING MIDDLE","VA","Virginia Beach City Public Schools","Middle","Regular school","No","Yes participating without using any Provision or the CEP","71","1054","School is not eligible for either Title I Targeted Assistance or Schoolwide program","No"
mixed - most recent,"510084002661","COSBY HIGH","VA","Chesterfield County Public Schools","High","Regular school","No","Yes participating without using any Provision or the CEP","143","2385","School is not eligible for either Title I Targeted Assistance or Schoolwide program","No"
mixed - most recent,"510239002292","Cougar Elementary","VA","Manassas Park City Public Schools","Primary","Regular school","No","Yes under the Community Eligibility Provision (CEP)","55","833","School is eligible for Title I Schoolwide program (SWP) and provides Title I Schoolwide program","No"
mixed - most recent,"510051001897","Council Elementary/Middle","VA","Buchanan County Public Schools","Primary","Regular school","No","Yes under the Community Eligibility Provision (CEP)","14","185","School is eligible for Title I Schoolwide program (SWP) and provides Title I Schoolwide program","No"
mixed - most recent,"510051000193","COUNCIL HIGH","VA","Buchanan County Public Schools","High","Regular school","No","Yes under the Community Eligibility Provision (CEP)","11","119","School is not eligible for either Title I Targeted Assistance or Schoolwide program","No"
mixed - most recent,"510225002413","Countryside Elementary","VA","Loudoun County Public Schools","Primary","Regular school","No","Yes participating without using any Provision or the CEP","50","636","School is not eligible for either Title I Targeted Assistance or Schoolwide program","No"
mixed - most recent,"510364002749","Courthouse Academy Program","VA","Spotsylvania County Public Schools","Not applicable","Special education school","No","Missing/not reported","","","School is not eligible for either Title I Targeted Assistance or Schoolwide program","No"
mixed - most recent,"510364000969","Courthouse Road Elementary","VA","Spotsylvania County Public Schools","Primary","Regular school","No","Yes participating without using any Provision or the CEP","50","780","School is not eligible for either Title I Targeted Assistance or Schoolwide program","No"
mixed - most recent,"510364002133","Courtland Elementary","VA","Spotsylvania County Public Schools","Primary","Regular school","No","Yes participating without using any Provision or the CEP","35","530","School is not eligible for either Title I Targeted Assistance or Schoolwide program","No"
mixed - most recent,"510364001873","COURTLAND HIGH","VA","Spotsylvania County Public Schools","High","Regular school","No","Yes participating without using any Provision or the CEP","86","1556","School is not eligible for either Title I Targeted Assistance or Schoolwide program","No"
mixed - most recent,"510415002172","Coventry Elementary","VA","York County Public Schools","Primary","Regular school","No","Yes participating without using any Provision or the CEP","39","623","School is not eligible for either Title I Targeted Assistance or Schoolwide program","No"
mixed - most recent,"510015200367","Covington High","VA","Alleghany Highlands Public Schools","High","Regular school","No","Yes under the Community Eligibility Provision (CEP)","27","339","",""
mixed - most recent,"510313003044","Covington-Harper Elementary","VA","Prince William County Public Schools","Primary","Regular school","No","Yes participating without using any Provision or the CEP","58","898","School is not eligible for either Title I Targeted Assistance or Schoolwide program","Yes"
mixed - most recent,"510300001252","Cradock Elementary","VA","Portsmouth City Public Schools","Primary","Regular school","No","Yes under the Community Eligibility Provision (CEP)","43","622","School is eligible for Title I Schoolwide program (SWP) and provides Title I Schoolwide program","No"
mixed - most recent,"510300001234","CRADOCK MIDDLE","VA","Portsmouth City Public Schools","Middle","Regular school","No","Yes under the Community Eligibility Provision (CEP)","41","533","School is not eligible for either Title I Targeted Assistance or Schoolwide program","No"
mixed - most recent,"510300002301","CRADOCK TECHNICAL & CAREER CENTER","VA","Portsmouth City Public Schools","Not applicable","Vocational school","No","Missing/not reported","","","School is not eligible for either Title I Targeted Assistance or Schoolwide program","No"
mixed - most recent,"510102002111","CRAIG COUNTY HIGH","VA","Craig County Public Schools","High","Regular school","No","Yes under the Community Eligibility Provision (CEP)","27","265","School is not eligible for either Title I Targeted Assistance or Schoolwide program","No"
mixed - most recent,"510030000120","Craigsville Elementary","VA","Augusta County Public Schools","Primary","Regular school","No","Yes under the Community Eligibility Provision (CEP)","15","146","School is eligible for Title I Schoolwide program (SWP) and provides Title I Schoolwide program","No"
mixed - most recent,"510004202394","CRATER JUVENILE DETENTION HOME","VA","Department of Education State-Operated Educ Prgms","Not applicable","Other/alternative school","No","Missing/not reported","","","School is not eligible for either Title I Targeted Assistance or Schoolwide program","No"
mixed - most recent,"510384001682","Creeds Elementary","VA","Virginia Beach City Public Schools","Primary","Regular school","No","Yes participating without using any Provision or the CEP","22","315","School is not eligible for either Title I Targeted Assistance or Schoolwide program","No"
mixed - most recent,"510371002630","Creekside Elementary","VA","Suffolk City Public Schools","Primary","Regular school","No","Yes under the Community Eligibility Provision (CEP)","46","752","School is eligible for Title I Schoolwide program (SWP) and provides Title I Schoolwide program","No"
mixed - most recent,"510225002773","Creighton's Corner Elementary","VA","Loudoun County Public Schools","Primary","Regular school","No","Yes participating without using any Provision or the CEP","66","874","School is not eligible for either Title I Targeted Assistance or Schoolwide program","No"
mixed - most recent,"510189000793","Crestview Elementary","VA","Henrico County Public Schools","Primary","Regular school","No","Yes under the Community Eligibility Provision (CEP)","27","352","School is not eligible for either Title I Targeted Assistance or Schoolwide program","No"
mixed - most recent,"510126000454","Crestwood Elementary","VA","Fairfax County Public Schools","Primary","Regular school","No","Yes under the Community Eligibility Provision (CEP)","42","563","School is eligible for Title I Schoolwide program (SWP) and provides Title I Schoolwide program","No"
mixed - most recent,"510084000325","Crestwood Elementary","VA","Chesterfield County Public Schools","Primary","Regular school","No","Yes under the Community Eligibility Provision (CEP)","43","580","School is eligible for Title I Schoolwide program (SWP) and provides Title I Schoolwide program","No"
mixed - most recent,"510081000286","CRESTWOOD INTERMEDIATE","VA","Chesapeake City Public Schools","Primary","Regular school","No","Yes under the Community Eligibility Provision (CEP)","46","705","School is eligible for Title I Schoolwide program (SWP) and provides Title I Schoolwide program","No"
mixed - most recent,"510081000287","CRESTWOOD MIDDLE","VA","Chesapeake City Public Schools","Middle","Regular school","No","Yes under the Community Eligibility Provision (CEP)","48","553","School is not eligible for either Title I Targeted Assistance or Schoolwide program","No"
mixed - most recent,"510279001169","CREWE PRIMARY","VA","Nottoway County Public Schools","Primary","Regular school","No","Yes under the Community Eligibility Provision (CEP)","31","368","School is eligible for Title I Schoolwide program (SWP) and provides Title I Schoolwide program","No"
mixed - most recent,"510264001237","CRITTENDEN MIDDLE","VA","Newport News City Public Schools","Middle","Regular school","No","Yes under the Community Eligibility Provision (CEP)","60","740","School is not eligible for either Title I Targeted Assistance or Schoolwide program","Yes"
mixed - most recent,"510315001330","Critzer Elementary","VA","Pulaski County Public Schools","Primary","Regular school","No","Yes under the Community Eligibility Provision (CEP)","30","402","School is eligible for Title I Schoolwide program (SWP) and provides Title I Schoolwide program","No"
mixed - most recent,"510126002118","Crossfield Elementary","VA","Fairfax County Public Schools","Primary","Regular school","No","Yes participating without using any Provision or the CEP","38","567","School is not eligible for either Title I Targeted Assistance or Schoolwide program","No"
mixed - most recent,"510008602357","CROSSROADS ALTERNATIVE/BRISTOL CITY","VA","CROSSROADS ALTERNATIVE/BRISTOL CITY","Not applicable","Other/alternative school","No","Missing/not reported","","0","School is not eligible for either Title I Targeted Assistance or Schoolwide program","No"
mixed - most recent,"510267001090","Crossroads PreK-8 School","VA","Norfolk City Public Schools","Primary","Regular school","No","Yes under the Community Eligibility Provision (CEP)","63","756","School is eligible for Title I Schoolwide program (SWP) and provides Title I Schoolwide program","No"
mixed - most recent,"510009000020","Crozet Elementary","VA","Albemarle County Public Schools","Primary","Regular school","No","Yes participating without using any Provision or the CEP","36","514","School is not eligible for either Title I Targeted Assistance or Schoolwide program","No"
mixed - most recent,"510330000385","Crystal Spring Elementary","VA","Roanoke City Public Schools","Primary","Regular school","No","Yes under the Community Eligibility Provision (CEP)","24","304","School is not eligible for either Title I Targeted Assistance or Schoolwide program","No"
mixed - most recent,"510339002782","Cub Run Elementary","VA","Rockingham County Public Schools","Primary","Regular school","No","Yes participating without using any Provision or the CEP","44","711","School is eligible for Title I Schoolwide program (SWP) and provides Title I Schoolwide program","No"
mixed - most recent,"510126002061","Cub Run Elementary","VA","Fairfax County Public Schools","Primary","Regular school","No","Yes participating without using any Provision or the CEP","50","586","School is not eligible for either Title I Targeted Assistance or Schoolwide program","No"
mixed - most recent,"510105000376","CULPEPER COUNTY HIGH","VA","Culpeper County Public Schools","High","Regular school","No","Yes participating without using any Provision or the CEP","74","1223","School is not eligible for either Title I Targeted Assistance or Schoolwide program","No"
mixed - most recent,"510105000377","CULPEPER MIDDLE","VA","Culpeper County Public Schools","Middle","Regular school","No","Yes participating without using any Provision or the CEP","76","1066","School is not eligible for either Title I Targeted Assistance or Schoolwide program","No"
mixed - most recent,"510108000383","Cumberland Elementary","VA","Cumberland County Public Schools","Primary","Regular school","No","Yes under the Community Eligibility Provision (CEP)","39","541","School is eligible for Title I Schoolwide program (SWP) and provides Title I Schoolwide program","No"
mixed - most recent,"510108000057","CUMBERLAND HIGH","VA","Cumberland County Public Schools","High","Regular school","No","Yes under the Community Eligibility Provision (CEP)","37","390","School is not eligible for either Title I Targeted Assistance or Schoolwide program","No"
mixed - most recent,"510108000058","CUMBERLAND MIDDLE","VA","Cumberland County Public Schools","Middle","Regular school","No","Yes under the Community Eligibility Provision (CEP)","25","352","School is not eligible for either Title I Targeted Assistance or Schoolwide program","No"
mixed - most recent,"510126000455","Cunningham Park Elementary","VA","Fairfax County Public Schools","Primary","Regular school","No","Yes participating without using any Provision or the CEP","36","436","School is not eligible for either Title I Targeted Assistance or Schoolwide program","No"
mixed - most recent,"510087000354","D.G. Cooley Elementary","VA","Clarke County Public Schools","Primary","Regular school","No","Yes participating without using any Provision or the CEP","30","463","School is eligible for Title I Targeted Assistance (TAS) and provides TAS program","No"
mixed - most recent,"510402002171","D.J. Montague Elementary","VA","Williamsburg-James City County Public Schools","Primary","Regular school","No","Yes participating without using any Provision or the CEP","41","514","School is eligible for Title I Targeted Assistance (TAS) and provides TAS program","No"
mixed - most recent,"510313001291","Dale City Elementary","VA","Prince William County Public Schools","Primary","Regular school","No","Yes under the Community Eligibility Provision (CEP)","32","425","School is eligible for Title I Schoolwide program (SWP) and provides Title I Schoolwide program","Yes"
mixed - most recent,"510390001984","DAMASCUS MIDDLE","VA","Washington County Public Schools","Middle","Regular school","No","Yes under the Community Eligibility Provision (CEP)","19","170","School is not eligible for either Title I Targeted Assistance or Schoolwide program","No"
mixed - most recent,"510294001214","DAN RIVER HIGH","VA","Pittsylvania County Public Schools","High","Regular school","No","Yes under the Community Eligibility Provision (CEP)","44","617","School is not eligible for either Title I Targeted Assistance or Schoolwide program","No"
mixed - most recent,"510294001213","DAN RIVER MIDDLE","VA","Pittsylvania County Public Schools","Middle","Regular school","No","Yes under the Community Eligibility Provision (CEP)","38","434","School is eligible for Title I Schoolwide program (SWP) and provides Title I Schoolwide program","No"
mixed - most recent,"510405003042","DANIEL MORGAN INTERMEDIATE","VA","Winchester City Public Schools","Middle","Regular school","No","Yes under the Community Eligibility Provision (CEP)","54","615","School is not eligible for either Title I Targeted Assistance or Schoolwide program","No"
mixed - most recent,"510405001777","DANIEL MORGAN MIDDLE","VA","Winchester City Public Schools","Middle","Regular school","No","Yes under the Community Eligibility Provision (CEP)","56","613","School is not eligible for either Title I Targeted Assistance or Schoolwide program","No"
mixed - most recent,"510126002530","Daniels Run Elementary","VA","Fairfax County Public Schools","Primary","Regular school","No","Yes participating without using any Provision or the CEP","53","802","School is not eligible for either Title I Targeted Assistance or Schoolwide program","No"
mixed - most recent,"510415001813","Dare Elementary","VA","York County Public Schools","Primary","Regular school","No","Yes participating without using any Provision or the CEP","28","380","School is not eligible for either Title I Targeted Assistance or Schoolwide program","No"
mixed - most recent,"510264001044","David A. Dutrow Elementary","VA","Newport News City Public Schools","Primary","Regular school","No","Yes under the Community Eligibility Provision (CEP)","26","411","School is not eligible for either Title I Targeted Assistance or Schoolwide program","Yes"
mixed - most recent,"510309001275","David A. Harrison Elementary","VA","Prince George County Public Schools","Primary","Regular school","No","Yes participating without using any Provision or the CEP","39","486","School is eligible for Title I Schoolwide program (SWP) and provides Title I Schoolwide program","No"
mixed - most recent,"510189002953","David A. Kaechele Elementary","VA","Henrico County Public Schools","Primary","Regular school","No","Yes participating without using any Provision or the CEP","33","493","School is not eligible for either Title I Targeted Assistance or Schoolwide program","No"
mixed - most recent,"510126002008","DAVIS CAREER CENTER","VA","Fairfax County Public Schools","Not applicable","Special education school","No","Missing/not reported","24","","School is not eligible for either Title I Targeted Assistance or Schoolwide program","No"
mixed - most recent,"510045001944","DAY TREATMENT PROGRAM","VA","Bristol City Public Schools","Not applicable","Special education school","No","Missing/not reported","","","School is not eligible for either Title I Targeted Assistance or Schoolwide program","No"
mixed - most recent,"510234002205","Dearington Elementary/Innovation","VA","Lynchburg City Public Schools","Primary","Regular school","No","Yes under the Community Eligibility Provision (CEP)","37","160","School is eligible for Title I Schoolwide program (SWP) and provides Title I Schoolwide program","Yes"
mixed - most recent,"510081002223","Deep Creek Central Elementary","VA","Chesapeake City Public Schools","Primary","Regular school","No","Yes participating without using any Provision or the CEP","50","898","School is not eligible for either Title I Targeted Assistance or Schoolwide program","No"
mixed - most recent,"510081000288","Deep Creek Elementary","VA","Chesapeake City Public Schools","Primary","Regular school","No","Yes participating without using any Provision or the CEP","49","763","School is not eligible for either Title I Targeted Assistance or Schoolwide program","No"
mixed - most recent,"510081001832","DEEP CREEK HIGH","VA","Chesapeake City Public Schools","High","Regular school","No","Yes participating without using any Provision or the CEP","113","1597","School is not eligible for either Title I Targeted Assistance or Schoolwide program","Yes"
mixed - most recent,"510081000289","DEEP CREEK MIDDLE","VA","Chesapeake City Public Schools","Middle","Regular school","No","Yes participating without using any Provision or the CEP","61","770","School is not eligible for either Title I Targeted Assistance or Schoolwide program","No"
mixed - most recent,"510189002278","DEEP RUN HIGH","VA","Henrico County Public Schools","High","Regular school","No","Yes participating without using any Provision or the CEP","102","2027","School is not eligible for either Title I Targeted Assistance or Schoolwide program","Yes"
mixed - most recent,"510264001637","Deer Park Elementary","VA","Newport News City Public Schools","Primary","Regular school","No","Yes under the Community Eligibility Provision (CEP)","28","517","School is not eligible for either Title I Targeted Assistance or Schoolwide program","Yes"
mixed - most recent,"510126000768","Deer Park Elementary","VA","Fairfax County Public Schools","Primary","Regular school","No","Yes participating without using any Provision or the CEP","40","567","School is not eligible for either Title I Targeted Assistance or Schoolwide program","No"
mixed - most recent,"510264002296","DENBIGH EARLY CHILDHOOD CENTER","VA","Newport News City Public Schools","Prekindergarten","Regular school","No","Yes under the Community Eligibility Provision (CEP)","19","388","School is eligible for Title I Schoolwide program (SWP) and provides Title I Schoolwide program","No"
mixed - most recent,"510264001047","DENBIGH HIGH","VA","Newport News City Public Schools","High","Regular school","No","Yes under the Community Eligibility Provision (CEP)","91","1225","School is not eligible for either Title I Targeted Assistance or Schoolwide program","Yes"
mixed - most recent,"510384002770","Diamond Springs Elementary","VA","Virginia Beach City Public Schools","Primary","Regular school","No","Yes under the Community Eligibility Provision (CEP)","46","484","School is eligible for Title I Schoolwide program (SWP) and provides Title I Schoolwide program","No"
mixed - most recent,"510117000410","Dinwiddie County High","VA","Dinwiddie County Public Schools","High","Regular school","No","Yes under the Community Eligibility Provision (CEP)","117","1290","School is not eligible for either Title I Targeted Assistance or Schoolwide program","No"
mixed - most recent,"510117000409","Dinwiddie County Middle","VA","Dinwiddie County Public Schools","Middle","Regular school","No","Yes under the Community Eligibility Provision (CEP)","64","958","School is not eligible for either Title I Targeted Assistance or Schoolwide program","No"
mixed - most recent,"510117000411","Dinwiddie Elementary","VA","Dinwiddie County Public Schools","Primary","Regular school","No","Yes under the Community Eligibility Provision (CEP)","28","338","School is eligible for Title I Schoolwide program (SWP) and provides Title I Schoolwide program","No"
mixed - most recent,"510225002955","Discovery Elementary","VA","Loudoun County Public Schools","Primary","Regular school","No","Yes participating without using any Provision or the CEP","51","710","School is not eligible for either Title I Targeted Assistance or Schoolwide program","No"
mixed - most recent,"510027003006","Discovery Elementary","VA","Arlington County Public Schools","Primary","Regular school","No","Yes participating without using any Provision or the CEP","37","523","School is not eligible for either Title I Targeted Assistance or Schoolwide program","No"
mixed - most recent,"510264001062","DISCOVERY STEM ACADEMY","VA","Newport News City Public Schools","Primary","Regular school","No","Yes under the Community Eligibility Provision (CEP)","37","543","School is eligible for Title I Schoolwide program (SWP) and provides Title I Schoolwide program","Yes"
mixed - most recent,"510126000458","Dogwood Elementary","VA","Fairfax County Public Schools","Primary","Regular school","No","Yes under the Community Eligibility Provision (CEP)","53","690","School is eligible for Title I Schoolwide program (SWP) and provides Title I Schoolwide program","No"
mixed - most recent,"510225002411","DOMINION HIGH","VA","Loudoun County Public Schools","Other","Regular school","No","Yes participating without using any Provision or the CEP","125","1505","School is not eligible for either Title I Targeted Assistance or Schoolwide program","No"
mixed - most recent,"510225001632","Dominion Trail Elementary","VA","Loudoun County Public Schools","Primary","Regular school","No","Yes participating without using any Provision or the CEP","45","587","School is not eligible for either Title I Targeted Assistance or Schoolwide program","No"
mixed - most recent,"510366002600","DONALD B. DIXON-LYLE R. SMITH MIDDLE","VA","Stafford County Public Schools","Middle","Regular school","No","Yes participating without using any Provision or the CEP","64","894","School is not eligible for either Title I Targeted Assistance or Schoolwide program","No"
mixed - most recent,"510027003062","DOROTHY HAMM MIDDLE","VA","Arlington County Public Schools","Middle","Regular school","No","Yes participating without using any Provision or the CEP","72","899","School is not eligible for either Title I Targeted Assistance or Schoolwide program","No"
mixed - most recent,"510012000039","Douglas MacArthur Elementary","VA","Alexandria City Public Schools","Primary","Regular school","No","Yes participating without using any Provision or the CEP","33","572","School is not eligible for either Title I Targeted Assistance or Schoolwide program","No"
mixed - most recent,"510189000795","Douglas S. Freeman High","VA","Henrico County Public Schools","High","Regular school","No","Yes participating without using any Provision or the CEP","103","1860","School is not eligible for either Title I Targeted Assistance or Schoolwide program","Yes"
mixed - most recent,"510300001245","Douglass Park Elementary","VA","Portsmouth City Public Schools","Primary","Regular school","No","Yes under the Community Eligibility Provision (CEP)","40","550","School is eligible for Title I Schoolwide program (SWP) and provides Title I Schoolwide program","Yes"
mixed - most recent,"510027000087","Dr. Charles R. Drew Elementary","VA","Arlington County Public Schools","Primary","Regular school","No","Yes under the Community Eligibility Provision (CEP)","47","469","School is eligible for Title I Schoolwide program (SWP) and provides Title I Schoolwide program","Yes"
mixed - most recent,"510126002117","Dranesville Elementary","VA","Fairfax County Public Schools","Primary","Regular school","No","Yes participating without using any Provision or the CEP","46","611","School is not eligible for either Title I Targeted Assistance or Schoolwide program","No"
mixed - most recent,"510192000855","Drewry Mason Elementary","VA","Henry County Public Schools","Primary","Regular school","No","Yes under the Community Eligibility Provision (CEP)","24","404","School is eligible for Title I Schoolwide program (SWP) and provides Title I Schoolwide program","No"
mixed - most recent,"510219000890","Dryden Elementary","VA","Lee County Public Schools","Primary","Regular school","No","Yes under the Community Eligibility Provision (CEP)","19","273","School is eligible for Title I Schoolwide program (SWP) and provides Title I Schoolwide program","No"
mixed - most recent,"510315001332","Dublin Elementary","VA","Pulaski County Public Schools","Primary","Regular school","No","Yes under the Community Eligibility Provision (CEP)","31","436","School is eligible for Title I Schoolwide program (SWP) and provides Title I Schoolwide program","No"
mixed - most recent,"510144000635","Dudley Elementary","VA","Franklin County Public Schools","Primary","Regular school","No","Yes under the Community Eligibility Provision (CEP)","18","216","School is not eligible for either Title I Targeted Assistance or Schoolwide program","No"
mixed - most recent,"510381001650","DUDLEY PRIMARY","VA","Tazewell County Public Schools","Primary","Regular school","No","Yes under the Community Eligibility Provision (CEP)","21","357","School is eligible for Title I Schoolwide program (SWP) and provides Title I Schoolwide program","No"
mixed - most recent,"510348001528","DUFFIELD-PATTONSVILLE PRIMARY","VA","Scott County Public Schools","Primary","Regular school","No","Yes under the Community Eligibility Provision (CEP)","20","286","School is eligible for Title I Schoolwide program (SWP) and provides Title I Schoolwide program","No"
mixed - most recent,"510189000796","Dumbarton Elementary","VA","Henrico County Public Schools","Primary","Regular school","No","Yes under the Community Eligibility Provision (CEP)","40","598","School is eligible for Title I Schoolwide program (SWP) and provides Title I Schoolwide program","No"
mixed - most recent,"510313001292","Dumfries Elementary","VA","Prince William County Public Schools","Primary","Regular school","No","Yes under the Community Eligibility Provision (CEP)","34","467","School is eligible for Title I Schoolwide program (SWP) and provides Title I Schoolwide program","Yes"
mixed - most recent,"510348001529","Dungannon Elementary School","VA","Scott County Public Schools","Middle","Regular school","No","Yes under the Community Eligibility Provision (CEP)","10","84","School is eligible for Title I Schoolwide program (SWP) and provides Title I Schoolwide program","No"
mixed - most recent,"510126002406","Dunn Loring Early Childhood Resource Center","VA","Fairfax County Public Schools","Prekindergarten","Regular school","No","Missing/not reported","35","200","School is not eligible for either Title I Targeted Assistance or Schoolwide program","No"
mixed - most recent,"510198000866","Dupont Elementary","VA","Hopewell City Public Schools","Primary","Regular school","No","Yes under the Community Eligibility Provision (CEP)","45","632","School is eligible for Title I Schoolwide program (SWP) and provides Title I Schoolwide program","No"
mixed - most recent,"510387001730","E. Wilson Morrison Elementary","VA","Warren County Public Schools","Primary","Regular school","No","Yes under the Community Eligibility Provision (CEP)","34","449","School is eligible for Title I Schoolwide program (SWP) and provides Title I Schoolwide program","No"
mixed - most recent,"510390001739","E.B. STANLEY MIDDLE","VA","Washington County Public Schools","Middle","Regular school","No","Yes under the Community Eligibility Provision (CEP)","52","643","School is not eligible for either Title I Targeted Assistance or Schoolwide program","No"
mixed - most recent,"510234000956","E.C. GLASS HIGH","VA","Lynchburg City Public Schools","High","Regular school","No","Yes under the Community Eligibility Provision (CEP)","82","1325","School is not eligible for either Title I Targeted Assistance or Schoolwide program","No"
mixed - most recent,"510313001293","E.H. MARSTELLER MIDDLE","VA","Prince William County Public Schools","Middle","Regular school","No","Yes participating without using any Provision or the CEP","72","1174","School is not eligible for either Title I Targeted Assistance or Schoolwide program","Yes"
mixed - most recent,"510225002282","EAGLE RIDGE MIDDLE","VA","Loudoun County Public Schools","Middle","Regular school","No","Yes participating without using any Provision or the CEP","82","1202","School is not eligible for either Title I Targeted Assistance or Schoolwide program","No"
mixed - most recent,"510042000170","Eagle Rock Elementary","VA","Botetourt County Public Schools","Primary","Regular school","No","Yes under the Community Eligibility Provision (CEP)","10","120","School is eligible for Title I Targeted Assistance (TAS) and provides TAS program","No"
mixed - most recent,"510126002496","Eagle View Elementary","VA","Fairfax County Public Schools","Primary","Regular school","No","Yes participating without using any Provision or the CEP","49","629","School is not eligible for either Title I Targeted Assistance or Schoolwide program","No"
mixed - most recent,"510012003057","EARLY CHILDHOOD CENTER","VA","Alexandria City Public Schools","Prekindergarten","Regular school","No","Missing/not reported","16","174","School is not eligible for either Title I Targeted Assistance or Schoolwide program","No"
mixed - most recent,"510339002803","EAST ROCKINGHAM HIGH","VA","Rockingham County Public Schools","High","Regular school","No","Yes participating without using any Provision or the CEP","48","778","School is not eligible for either Title I Targeted Assistance or Schoolwide program","No"
mixed - most recent,"510346002047","East Salem Elementary","VA","Salem City Public Schools","Primary","Regular school","No","Yes under the Community Eligibility Provision (CEP)","30","409","School is eligible for Title I Schoolwide program (SWP) and provides Title I Schoolwide program","No"
mixed - most recent,"510159001920","Eastern Elementary/Middle","VA","Giles County Public Schools","Primary","Regular school","No","Yes participating without using any Provision or the CEP","32","744","School is eligible for Title I Targeted Assistance (TAS) and provides TAS program","No"
mixed - most recent,"510252002818","Eastern Montgomery Elementary","VA","Montgomery County Public Schools","Primary","Regular school","No","Yes participating without using any Provision or the CEP","33","385","School is eligible for Title I Schoolwide program (SWP) and provides Title I Schoolwide program","No"
mixed - most recent,"510252002541","EASTERN MONTGOMERY HIGH","VA","Montgomery County Public Schools","High","Regular school","No","Yes participating without using any Provision or the CEP","28","282","School is not eligible for either Title I Targeted Assistance or Schoolwide program","No"
mixed - most recent,"510004602262","EASTERN ST. HOSP. ED. PRG","VA","EASTERN ST HOSP","Other","Special education school","No","Missing/not reported","","0","School is not eligible for either Title I Targeted Assistance or Schoolwide program","No"
mixed - most recent,"510105002758","EASTERN VIEW HIGH","VA","Culpeper County Public Schools","High","Regular school","No","Yes participating without using any Provision or the CEP","90","1558","School is not eligible for either Title I Targeted Assistance or Schoolwide program","No"
mixed - most recent,"510267001094","Easton Preschool at Fairlawn","VA","Norfolk City Public Schools","Prekindergarten","Regular school","No","Yes under the Community Eligibility Provision (CEP)","19","144","School is not eligible for either Title I Targeted Assistance or Schoolwide program","No"
mixed - most recent,"510408001786","EASTSIDE HIGH","VA","Wise County Public Schools","High","Regular school","No","Yes under the Community Eligibility Provision (CEP)","27","390","School is not eligible for either Title I Targeted Assistance or Schoolwide program","No"
mixed - most recent,"510189001912","Echo Lake Elementary","VA","Henrico County Public Schools","Primary","Regular school","No","Yes participating without using any Provision or the CEP","33","528","School is not eligible for either Title I Targeted Assistance or Schoolwide program","No"
mixed - most recent,"510084002177","Ecoff Elementary","VA","Chesterfield County Public Schools","Primary","Regular school","No","Yes under the Community Eligibility Provision (CEP)","50","730","School is eligible for Title I Schoolwide program (SWP) and provides Title I Schoolwide program","No"
mixed - most recent,"510099000368","EDGEMONT PRIMARY","VA","Covington City Public Schools","Missing/not reported","Regular school","No","Missing/not reported","22","315","School is eligible for Title I Schoolwide program (SWP) and provides Title I Schoolwide program","No"
mixed - most recent,"510126002951","EDISON HIGH SCHOOL ACADEMY","VA","Fairfax County Public Schools","Not applicable","Vocational school","No","Missing/not reported","10","","School is not eligible for either Title I Targeted Assistance or Schoolwide program","No"
mixed - most recent,"510126000461","EDISON HIGH","VA","Fairfax County Public Schools","High","Regular school","No","Yes participating without using any Provision or the CEP","137","2267","School is not eligible for either Title I Targeted Assistance or Schoolwide program","No"
mixed - most recent,"510366001595","EDWARD E. DREW JR. MIDDLE","VA","Stafford County Public Schools","Middle","Regular school","No","Yes participating without using any Provision or the CEP","48","617","School is not eligible for either Title I Targeted Assistance or Schoolwide program","No"
mixed - most recent,"510030001080","Edward G. Clymore Elementary","VA","Augusta County Public Schools","Primary","Regular school","No","Yes participating without using any Provision or the CEP","48","775","School is eligible for Title I Schoolwide program (SWP) and provides Title I Schoolwide program","No"
mixed - most recent,"510174000707","Edward W. Wyatt Middle","VA","Greensville County Public Schools","Middle","Regular school","No","Yes under the Community Eligibility Provision (CEP)","41","449","School is not eligible for either Title I Targeted Assistance or Schoolwide program","No"
mixed - most recent,"510111002960","Edwin A. Gibson Elementary","VA","Danville City Public Schools","Primary","Regular school","No","Yes under the Community Eligibility Provision (CEP)","33","518","School is eligible for Title I Schoolwide program (SWP) and provides Title I Schoolwide program","No"
mixed - most recent,"510081000291","Edwin W. Chittum Elementary","VA","Chesapeake City Public Schools","Primary","Regular school","No","Yes participating without using any Provision or the CEP","48","805","School is not eligible for either Title I Targeted Assistance or Schoolwide program","No"
mixed - most recent,"510225003091","Elaine E. Thompson Elementary","VA","Loudoun County Public Schools","Primary","Regular school","No","Yes participating without using any Provision or the CEP","60","880","",""
mixed - most recent,"510009003121","Elementary School #1","VA","Albemarle County Public Schools","Primary","Regular school","No","","","","",""
mixed - most recent,"510371001876","Elephant's Fork Elementary","VA","Suffolk City Public Schools","Primary","Regular school","No","Yes under the Community Eligibility Provision (CEP)","39","599","School is eligible for Title I Schoolwide program (SWP) and provides Title I Schoolwide program","No"
mixed - most recent,"510324001363","Elizabeth D. Redd Elementary","VA","Richmond City Public Schools","Primary","Regular school","No","Yes under the Community Eligibility Provision (CEP)","24","392","School is eligible for Title I Schoolwide program (SWP) and provides Title I Schoolwide program","No"
mixed - most recent,"510084002767","ELIZABETH DAVIS MIDDLE","VA","Chesterfield County Public Schools","Middle","Regular school","No","Yes participating without using any Provision or the CEP","87","1337","School is not eligible for either Title I Targeted Assistance or Schoolwide program","No"
mixed - most recent,"510189000797","Elizabeth Holladay Elementary","VA","Henrico County Public Schools","Primary","Regular school","No","Yes under the Community Eligibility Provision (CEP)","53","796","School is eligible for Title I Schoolwide program (SWP) and provides Title I Schoolwide program","No"
mixed - most recent,"510084002779","Elizabeth Scott Elementary","VA","Chesterfield County Public Schools","Primary","Regular school","No","Yes under the Community Eligibility Provision (CEP)","59","781","School is eligible for Title I Schoolwide program (SWP) and provides Title I Schoolwide program","No"
mixed - most recent,"510313001294","Elizabeth Vaughan Elementary","VA","Prince William County Public Schools","Primary","Regular school","No","Yes under the Community Eligibility Provision (CEP)","38","564","School is eligible for Title I Schoolwide program (SWP) and provides Title I Schoolwide program","Yes"
mixed - most recent,"510219000891","Elk Knob Elementary","VA","Lee County Public Schools","Primary","Regular school","No","Yes under the Community Eligibility Provision (CEP)","22","283","School is eligible for Title I Schoolwide program (SWP) and provides Title I Schoolwide program","No"
mixed - most recent,"510189002757","ELKO MIDDLE","VA","Henrico County Public Schools","Middle","Regular school","No","Yes under the Community Eligibility Provision (CEP)","54","730","School is not eligible for either Title I Targeted Assistance or Schoolwide program","No"
mixed - most recent,"510339001494","Elkton Elementary","VA","Rockingham County Public Schools","Primary","Regular school","No","Yes under the Community Eligibility Provision (CEP)","22","279","School is eligible for Title I Schoolwide program (SWP) and provides Title I Schoolwide program","No"
mixed - most recent,"510339001495","ELKTON MIDDLE","VA","Rockingham County Public Schools","Middle","Regular school","No","Yes participating without using any Provision or the CEP","46","625","School is not eligible for either Title I Targeted Assistance or Schoolwide program","No"
mixed - most recent,"510264001056","ELLA J. FITZGERALD MIDDLE","VA","Newport News City Public Schools","Middle","Regular school","No","Yes under the Community Eligibility Provision (CEP)","67","1060","School is not eligible for either Title I Targeted Assistance or Schoolwide program","No"
mixed - most recent,"510183000769","Elmont Elementary","VA","Hanover County Public Schools","Primary","Regular school","No","Yes participating without using any Provision or the CEP","32","395","School is eligible for Title I Schoolwide program (SWP) and provides Title I Schoolwide program","No"
mixed - most recent,"510021000069","Elon Elementary","VA","Amherst County Public Schools","Primary","Regular school","No","Yes under the Community Eligibility Provision (CEP)","27","341","School is eligible for Title I Schoolwide program (SWP) and provides Title I Schoolwide program","No"
mixed - most recent,"510219000892","ELYDALE MIDDLE","VA","Lee County Public Schools","Middle","Regular school","No","Yes under the Community Eligibility Provision (CEP)","12","139","School is eligible for Title I Schoolwide program (SWP) and provides Title I Schoolwide program","No"
mixed - most recent,"510105001612","Emerald Hill Elementary","VA","Culpeper County Public Schools","Primary","Regular school","No","Yes participating without using any Provision or the CEP","40","699","School is not eligible for either Title I Targeted Assistance or Schoolwide program","No"
mixed - most recent,"510225000917","Emerick Elementary","VA","Loudoun County Public Schools","Primary","Regular school","No","Yes participating without using any Provision or the CEP","30","406","School is not eligible for either Title I Targeted Assistance or Schoolwide program","No"
mixed - most recent,"510189002952","EMPOWERMENT ACADEMY","VA","Henrico County Public Schools","Not applicable","Other/alternative school","No","Missing/not reported","","","School is not eligible for either Title I Targeted Assistance or Schoolwide program","No"
mixed - most recent,"510056000215","Enderly Heights Elementary","VA","Buena Vista City Public Schools","Primary","Regular school","No","Yes under the Community Eligibility Provision (CEP)","12","191","School is eligible for Title I Schoolwide program (SWP) and provides Title I Schoolwide program","No"
mixed - most recent,"510084000326","Enon Elementary","VA","Chesterfield County Public Schools","Primary","Regular school","No","Yes under the Community Eligibility Provision (CEP)","48","781","School is not eligible for either Title I Targeted Assistance or Schoolwide program","No"
mixed - most recent,"510007302348","ENTERPRISE ACADEMY/NEWPORT NEWS CITY","VA","ENTERPRISE ACADEMY/NEWPORT NEWS CITY","Not applicable","Other/alternative school","No","Missing/not reported","","0","School is not eligible for either Title I Targeted Assistance or Schoolwide program","No"
mixed - most recent,"510313001295","Enterprise Elementary","VA","Prince William County Public Schools","Primary","Regular school","No","Yes under the Community Eligibility Provision (CEP)","27","401","School is eligible for Title I Schoolwide program (SWP) and provides Title I Schoolwide program","Yes"
mixed - most recent,"510114000404","Ervinton Elementary","VA","Dickenson County Public Schools","Primary","Regular school","No","Yes under the Community Eligibility Provision (CEP)","14","113","School is eligible for Title I Schoolwide program (SWP) and provides Title I Schoolwide program","No"
mixed - most recent,"510027000090","Escuela Key Elementary","VA","Arlington County Public Schools","Primary","Regular school","No","Yes participating without using any Provision or the CEP","46","618","School is not eligible for either Title I Targeted Assistance or Schoolwide program","Yes"
mixed - most recent,"510120000419","ESSEX HIGH","VA","Essex County Public Schools","High","Regular school","No","Yes under the Community Eligibility Provision (CEP)","37","514","School is not eligible for either Title I Targeted Assistance or Schoolwide program","No"
mixed - most recent,"510264002208","ETHEL M. GILDERSLEEVE MIDDLE","VA","Newport News City Public Schools","Middle","Regular school","No","Yes under the Community Eligibility Provision (CEP)","69","1130","School is not eligible for either Title I Targeted Assistance or Schoolwide program","No"
mixed - most recent,"510084000327","Ettrick Elementary","VA","Chesterfield County Public Schools","Primary","Regular school","No","Yes under the Community Eligibility Provision (CEP)","43","500","School is eligible for Title I Schoolwide program (SWP) and provides Title I Schoolwide program","No"
mixed - most recent,"510027002331","EUNICE KENNEDY SHRIVER PROGRAM","VA","Arlington County Public Schools","Not applicable","Special education school","No","Missing/not reported","12","","School is not eligible for either Title I Targeted Assistance or Schoolwide program","No"
mixed - most recent,"510075002005","Eureka Elementary","VA","Charlotte County Public Schools","Primary","Regular school","No","Yes under the Community Eligibility Provision (CEP)","31","425","School is eligible for Title I Schoolwide program (SWP) and provides Title I Schoolwide program","No"
mixed - most recent,"510147002501","Evendale Elementary","VA","Frederick County Public Schools","Primary","Regular school","No","Yes participating without using any Provision or the CEP","39","530","School is eligible for Title I Schoolwide program (SWP) and provides Title I Schoolwide program","No"
mixed - most recent,"510189002840","EVENING SCHOOL OF EXCELLENCE","VA","Henrico County Public Schools","Not applicable","Other/alternative school","No","Missing/not reported","","","School is not eligible for either Title I Targeted Assistance or Schoolwide program","No"
mixed - most recent,"510084002097","Evergreen Elementary","VA","Chesterfield County Public Schools","Primary","Regular school","No","Yes participating without using any Provision or the CEP","57","811","School is not eligible for either Title I Targeted Assistance or Schoolwide program","No"
mixed - most recent,"510225001845","Evergreen Mill Elementary","VA","Loudoun County Public Schools","Primary","Regular school","No","Yes participating without using any Provision or the CEP","51","606","School is not eligible for either Title I Targeted Assistance or Schoolwide program","No"
mixed - most recent,"510056000216","F.W. Kling Jr. Elementary","VA","Buena Vista City Public Schools","Primary","Regular school","No","Yes under the Community Eligibility Provision (CEP)","16","249","School is eligible for Title I Schoolwide program (SWP) and provides Title I Schoolwide program","No"
mixed - most recent,"510189000798","Fair Oaks Elementary","VA","Henrico County Public Schools","Primary","Regular school","No","Yes under the Community Eligibility Provision (CEP)","32","379","School is eligible for Title I Schoolwide program (SWP) and provides Title I Schoolwide program","No"
mixed - most recent,"510126000422","FAIRFAX COUNTY ADULT HIGH","VA","Fairfax County Public Schools","High","Other/alternative school","No","Missing/not reported","13","214","School is not eligible for either Title I Targeted Assistance or Schoolwide program","No"
mixed - most recent,"510126002942","FAIRFAX HIGH SCHOOL ACADEMY","VA","Fairfax County Public Schools","Not applicable","Vocational school","No","Missing/not reported","11","","School is not eligible for either Title I Targeted Assistance or Schoolwide program","No"
mixed - most recent,"510126000463","FAIRFAX HIGH","VA","Fairfax County Public Schools","High","Regular school","No","Yes participating without using any Provision or the CEP","128","2371","School is not eligible for either Title I Targeted Assistance or Schoolwide program","No"
mixed - most recent,"510004202383","FAIRFAX JUVENILE DETENTION HOME","VA","Department of Education State-Operated Educ Prgms","Not applicable","Other/alternative school","No","Missing/not reported","","","School is not eligible for either Title I Targeted Assistance or Schoolwide program","No"
mixed - most recent,"510126000464","Fairfax Villa Elementary","VA","Fairfax County Public Schools","Primary","Regular school","No","Yes participating without using any Provision or the CEP","39","519","School is not eligible for either Title I Targeted Assistance or Schoolwide program","No"
mixed - most recent,"510324001365","Fairfield Court Elementary","VA","Richmond City Public Schools","Primary","Regular school","No","Yes under the Community Eligibility Provision (CEP)","19","251","School is eligible for Title I Schoolwide program (SWP) and provides Title I Schoolwide program","No"
mixed - most recent,"510384001683","Fairfield Elementary","VA","Virginia Beach City Public Schools","Primary","Regular school","No","Yes participating without using any Provision or the CEP","34","477","School is not eligible for either Title I Targeted Assistance or Schoolwide program","No"
mixed - most recent,"510337001481","Fairfield Elementary","VA","Rockbridge County Public Schools","Primary","Regular school","No","Yes under the Community Eligibility Provision (CEP)","24","235","School is eligible for Title I Schoolwide program (SWP) and provides Title I Schoolwide program","No"
mixed - most recent,"510189000799","FAIRFIELD MIDDLE","VA","Henrico County Public Schools","Middle","Regular school","No","Yes under the Community Eligibility Provision (CEP)","64","987","School is not eligible for either Title I Targeted Assistance or Schoolwide program","No"
mixed - most recent,"510126000466","Fairhill Elementary","VA","Fairfax County Public Schools","Primary","Regular school","No","Yes participating without using any Provision or the CEP","39","550","School is not eligible for either Title I Targeted Assistance or Schoolwide program","No"
mixed - most recent,"510330001415","Fairview Elementary","VA","Roanoke City Public Schools","Primary","Regular school","No","Yes under the Community Eligibility Provision (CEP)","42","505","School is eligible for Title I Schoolwide program (SWP) and provides Title I Schoolwide program","No"
mixed - most recent,"510169000693","Fairview Elementary","VA","Grayson County Public Schools","Primary","Regular school","No","Yes under the Community Eligibility Provision (CEP)","15","155","School is eligible for Title I Schoolwide program (SWP) and provides Title I Schoolwide program","No"
mixed - most recent,"510126000467","Fairview Elementary","VA","Fairfax County Public Schools","Primary","Regular school","No","Yes participating without using any Provision or the CEP","44","736","School is not eligible for either Title I Targeted Assistance or Schoolwide program","No"
mixed - most recent,"510252000178","Falling Branch Elementary","VA","Montgomery County Public Schools","Primary","Regular school","No","Yes participating without using any Provision or the CEP","43","576","School is eligible for Title I Schoolwide program (SWP) and provides Title I Schoolwide program","No"
mixed - most recent,"510084000328","Falling Creek Elementary","VA","Chesterfield County Public Schools","Primary","Regular school","No","Yes under the Community Eligibility Provision (CEP)","62","835","School is eligible for Title I Schoolwide program (SWP) and provides Title I Schoolwide program","No"
mixed - most recent,"510084000329","FALLING CREEK MIDDLE","VA","Chesterfield County Public Schools","Middle","Regular school","No","Yes under the Community Eligibility Provision (CEP)","87","1419","School is eligible for Title I Schoolwide program (SWP) and provides Title I Schoolwide program","No"
mixed - most recent,"510330001416","Fallon Park Elementary","VA","Roanoke City Public Schools","Primary","Regular school","No","Yes under the Community Eligibility Provision (CEP)","48","533","School is eligible for Title I Schoolwide program (SWP) and provides Title I Schoolwide program","No"
mixed - most recent,"510126003000","FALLS CHURCH GOVERNOR'S HEALTH SCIENCES ACADEMY","VA","Fairfax County Public Schools","Not applicable","Vocational school","No","Missing/not reported","10","","School is not eligible for either Title I Targeted Assistance or Schoolwide program","No"
mixed - most recent,"510126002946","FALLS CHURCH HIGH SCHOOL ACADEMY","VA","Fairfax County Public Schools","Not applicable","Vocational school","No","Missing/not reported","7","","School is not eligible for either Title I Targeted Assistance or Schoolwide program","No"
mixed - most recent,"510126000468","FALLS CHURCH HIGH","VA","Fairfax County Public Schools","High","Regular school","No","Yes participating without using any Provision or the CEP","129","2118","School is not eligible for either Title I Targeted Assistance or Schoolwide program","No"
mixed - most recent,"510366001596","Falmouth Elementary","VA","Stafford County Public Schools","Primary","Regular school","No","Yes under the Community Eligibility Provision (CEP)","46","685","School is eligible for Title I Targeted Assistance (TAS) and provides TAS program","No"
mixed - most recent,"510069000244","Fancy Gap Elementary","VA","Carroll County Public Schools","Primary","Regular school","No","Yes under the Community Eligibility Provision (CEP)","9","127","School is eligible for Title I Schoolwide program (SWP) and provides Title I Schoolwide program","No"
mixed - most recent,"510313002783","Fannie W. Fitzgerald Elementary","VA","Prince William County Public Schools","Primary","Regular school","No","Yes under the Community Eligibility Provision (CEP)","69","972","School is eligible for Title I Schoolwide program (SWP) and provides Title I Schoolwide program","Yes"
mixed - most recent,"510105000378","Farmington Elementary","VA","Culpeper County Public Schools","Primary","Regular school","No","Yes under the Community Eligibility Provision (CEP)","31","486","School is eligible for Title I Schoolwide program (SWP) and provides Title I Schoolwide program","No"
mixed - most recent,"510225001131","FARMWELL STATION MIDDLE","VA","Loudoun County Public Schools","Middle","Regular school","No","Yes participating without using any Provision or the CEP","77","1024","School is not eligible for either Title I Targeted Assistance or Schoolwide program","No"
mixed - most recent,"510132000607","FAUQUIER HIGH","VA","Fauquier County Public Schools","High","Regular school","No","Yes participating without using any Provision or the CEP","96","1162","School is not eligible for either Title I Targeted Assistance or Schoolwide program","No"
mixed - most recent,"510313001296","Featherstone Elementary","VA","Prince William County Public Schools","Primary","Regular school","No","Yes under the Community Eligibility Provision (CEP)","34","480","School is eligible for Title I Schoolwide program (SWP) and provides Title I Schoolwide program","Yes"
mixed - most recent,"510012003053","Ferdinand T. Day Elementary","VA","Alexandria City Public Schools","Primary","Regular school","No","Yes under the Community Eligibility Provision (CEP)","49","608","School is eligible for Title I Schoolwide program (SWP) and provides Title I Schoolwide program","No"
mixed - most recent,"510144000636","Ferrum Elementary","VA","Franklin County Public Schools","Primary","Regular school","No","Yes under the Community Eligibility Provision (CEP)","17","223","School is eligible for Title I Schoolwide program (SWP) and provides Title I Schoolwide program","No"
mixed - most recent,"510366001597","Ferry Farm Elementary","VA","Stafford County Public Schools","Primary","Regular school","No","Yes participating without using any Provision or the CEP","45","595","School is eligible for Title I Targeted Assistance (TAS) and provides TAS program","No"
mixed - most recent,"510192000847","FIELDALE-COLLINSVILLE MIDDLE","VA","Henry County Public Schools","Middle","Regular school","No","Yes under the Community Eligibility Provision (CEP)","62","805","School is not eligible for either Title I Targeted Assistance or Schoolwide program","No"
mixed - most recent,"510371003070","FIRST ACADEMY","VA","Suffolk City Public Schools","Not applicable","Vocational school","No","Missing/not reported","","","School is not eligible for either Title I Targeted Assistance or Schoolwide program","No"
mixed - most recent,"510384001684","FIRST COLONIAL HIGH","VA","Virginia Beach City Public Schools","High","Regular school","No","Yes participating without using any Provision or the CEP","105","1797","School is not eligible for either Title I Targeted Assistance or Schoolwide program","Yes"
mixed - most recent,"510330001417","Fishburn Park Elementary","VA","Roanoke City Public Schools","Primary","Regular school","No","Yes under the Community Eligibility Provision (CEP)","26","292","School is eligible for Title I Schoolwide program (SWP) and provides Title I Schoolwide program","No"
mixed - most recent,"510303002789","Flat Rock Elementary","VA","Powhatan County Public Schools","Primary","Regular school","No","Yes participating without using any Provision or the CEP","50","673","School is not eligible for either Title I Targeted Assistance or Schoolwide program","No"
mixed - most recent,"510219000894","Flatwoods Elementary","VA","Lee County Public Schools","Primary","Regular school","No","Yes under the Community Eligibility Provision (CEP)","24","302","School is eligible for Title I Schoolwide program (SWP) and provides Title I Schoolwide program","No"
mixed - most recent,"510126000469","Flint Hill Elementary","VA","Fairfax County Public Schools","Primary","Regular school","No","Yes participating without using any Provision or the CEP","40","616","School is not eligible for either Title I Targeted Assistance or Schoolwide program","No"
mixed - most recent,"510371001615","Florence Bowser Elementary","VA","Suffolk City Public Schools","Primary","Regular school","No","Yes under the Community Eligibility Provision (CEP)","48","831","School is eligible for Title I Schoolwide program (SWP) and provides Title I Schoolwide program","No"
mixed - most recent,"510126000470","Floris Elementary","VA","Fairfax County Public Schools","Primary","Regular school","No","Yes participating without using any Provision or the CEP","44","690","School is not eligible for either Title I Targeted Assistance or Schoolwide program","No"
mixed - most recent,"510135000618","FLOYD COUNTY HIGH","VA","Floyd County Public Schools","High","Regular school","No","Yes under the Community Eligibility Provision (CEP)","58","701","School is not eligible for either Title I Targeted Assistance or Schoolwide program","No"
mixed - most recent,"510135000619","Floyd Elementary","VA","Floyd County Public Schools","Primary","Regular school","No","Yes under the Community Eligibility Provision (CEP)","33","455","School is eligible for Title I Schoolwide program (SWP) and provides Title I Schoolwide program","No"
mixed - most recent,"510384001685","FLOYD KELLAM HIGH","VA","Virginia Beach City Public Schools","High","Regular school","No","Yes participating without using any Provision or the CEP","107","1882","School is not eligible for either Title I Targeted Assistance or Schoolwide program","No"
mixed - most recent,"510105001958","Floyd T. Binns Middle","VA","Culpeper County Public Schools","Middle","Regular school","No","Yes participating without using any Provision or the CEP","63","779","School is not eligible for either Title I Targeted Assistance or Schoolwide program","No"
mixed - most recent,"510138000625","FLUVANNA COUNTY HIGH","VA","Fluvanna County Public Schools","High","Regular school","No","Yes participating without using any Provision or the CEP","102","1488","School is not eligible for either Title I Targeted Assistance or Schoolwide program","No"
mixed - most recent,"510138000089","FLUVANNA MIDDLE","VA","Fluvanna County Public Schools","Middle","Regular school","No","Yes participating without using any Provision or the CEP","57","763","School is not eligible for either Title I Targeted Assistance or Schoolwide program","No"
mixed - most recent,"510126000471","Forest Edge Elementary","VA","Fairfax County Public Schools","Primary","Regular school","No","Yes under the Community Eligibility Provision (CEP)","40","447","School is eligible for Title I Schoolwide program (SWP) and provides Title I Schoolwide program","No"
mixed - most recent,"510036002142","Forest Elementary","VA","Bedford County Public Schools","Primary","Regular school","No","Yes participating without using any Provision or the CEP","20","351","School is not eligible for either Title I Targeted Assistance or Schoolwide program","No"
mixed - most recent,"510371001619","FOREST GLEN MIDDLE","VA","Suffolk City Public Schools","Middle","Regular school","No","Yes under the Community Eligibility Provision (CEP)","33","426","School is not eligible for either Title I Targeted Assistance or Schoolwide program","No"
mixed - most recent,"510225002283","Forest Grove Elementary","VA","Loudoun County Public Schools","Primary","Regular school","No","Yes under the Community Eligibility Provision (CEP)","50","533","School is eligible for Title I Schoolwide program (SWP) and provides Title I Schoolwide program","No"
mixed - most recent,"510111000388","Forest Hills Elementary","VA","Danville City Public Schools","Primary","Regular school","No","Yes under the Community Eligibility Provision (CEP)","18","209","School is eligible for Title I Schoolwide program (SWP) and provides Title I Schoolwide program","No"
mixed - most recent,"510036002174","FOREST MIDDLE","VA","Bedford County Public Schools","Middle","Regular school","No","Yes participating without using any Provision or the CEP","59","870","School is not eligible for either Title I Targeted Assistance or Schoolwide program","No"
mixed - most recent,"510330002797","FOREST PARK ACADEMY","VA","Roanoke City Public Schools","Not applicable","Other/alternative school","No","Yes under the Community Eligibility Provision (CEP)","14","","School is not eligible for either Title I Targeted Assistance or Schoolwide program","No"
mixed - most recent,"510313002542","FOREST PARK HIGH","VA","Prince William County Public Schools","High","Regular school","No","Yes participating without using any Provision or the CEP","130","2308","School is not eligible for either Title I Targeted Assistance or Schoolwide program","Yes"
mixed - most recent,"510126000472","Forestdale Elementary","VA","Fairfax County Public Schools","Primary","Regular school","No","Yes under the Community Eligibility Provision (CEP)","44","563","School is eligible for Title I Schoolwide program (SWP) and provides Title I Schoolwide program","No"
mixed - most recent,"510126001837","Forestville Elementary","VA","Fairfax County Public Schools","Primary","Regular school","No","Yes participating without using any Provision or the CEP","36","551","School is not eligible for either Title I Targeted Assistance or Schoolwide program","No"
mixed - most recent,"510126001767","Fort Belvoir Elementary","VA","Fairfax County Public Schools","Primary","Regular school","No","Yes participating without using any Provision or the CEP","48","709","School is not eligible for either Title I Targeted Assistance or Schoolwide program","No"
mixed - most recent,"510126003032","Fort Belvoir Upper Elementary","VA","Fairfax County Public Schools","Primary","Regular school","No","Yes participating without using any Provision or the CEP","47","663","School is not eligible for either Title I Targeted Assistance or Schoolwide program","No"
mixed - most recent,"510348003127","Fort Blackmore Center for Excellence","VA","Scott County Public Schools","Missing/not reported","Special education school","No","","","","",""
mixed - most recent,"510348001531","FORT BLACKMORE PRIMARY","VA","Scott County Public Schools","Primary","Regular school","No","Yes under the Community Eligibility Provision (CEP)","12","89","School is eligible for Title I Schoolwide program (SWP) and provides Title I Schoolwide program","No"
mixed - most recent,"510411001800","FORT CHISWELL HIGH","VA","Wythe County Public Schools","High","Regular school","No","Yes under the Community Eligibility Provision (CEP)","31","435","School is not eligible for either Title I Targeted Assistance or Schoolwide program","No"
mixed - most recent,"510411002327","FORT CHISWELL MIDDLE","VA","Wythe County Public Schools","Middle","Regular school","No","Yes under the Community Eligibility Provision (CEP)","22","316","School is not eligible for either Title I Targeted Assistance or Schoolwide program","No"
mixed - most recent,"510030000124","Fort Defiance High","VA","Augusta County Public Schools","High","Regular school","No","Yes participating without using any Provision or the CEP","50","727","School is not eligible for either Title I Targeted Assistance or Schoolwide program","No"
mixed - most recent,"510126000473","Fort Hunt Elementary","VA","Fairfax County Public Schools","Primary","Regular school","No","Yes participating without using any Provision or the CEP","41","576","School is not eligible for either Title I Targeted Assistance or Schoolwide program","Yes"
mixed - most recent,"510333001998","Fort Lewis Elementary","VA","Roanoke County Public Schools","Primary","Regular school","No","Yes participating without using any Provision or the CEP","17","257","School is not eligible for either Title I Targeted Assistance or Schoolwide program","No"
mixed - most recent,"510126001838","Fox Mill Elementary","VA","Fairfax County Public Schools","Primary","Regular school","No","Yes participating without using any Provision or the CEP","43","630","School is not eligible for either Title I Targeted Assistance or Schoolwide program","Yes"
mixed - most recent,"510225002412","Frances Hazel Reid Elementary","VA","Loudoun County Public Schools","Primary","Regular school","No","Yes participating without using any Provision or the CEP","46","608","School is not eligible for either Title I Targeted Assistance or Schoolwide program","No"
mixed - most recent,"510180000739","Francis Asbury Elementary","VA","Hampton City Public Schools","Primary","Regular school","No","Yes under the Community Eligibility Provision (CEP)","27","450","School is not eligible for either Title I Targeted Assistance or Schoolwide program","No"
mixed - most recent,"510012003016","FRANCIS C. HAMMOND MIDDLE","VA","Alexandria City Public Schools","Middle","Regular school","No","Yes under the Community Eligibility Provision (CEP)","119","1473","School is eligible for Title I Schoolwide program (SWP) and provides Title I Schoolwide program","No"
mixed - most recent,"510180001890","FRANCIS W. JONES MAGNET MIDDLE","VA","Hampton City Public Schools","Middle","Regular school","No","Yes under the Community Eligibility Provision (CEP)","45","610","School is not eligible for either Title I Targeted Assistance or Schoolwide program","Yes"
mixed - most recent,"510126000476","Franconia Elementary","VA","Fairfax County Public Schools","Primary","Regular school","No","Yes participating without using any Provision or the CEP","34","524","School is not eligible for either Title I Targeted Assistance or Schoolwide program","No"
mixed - most recent,"510384002049","FRANK W. COX HIGH","VA","Virginia Beach City Public Schools","High","Regular school","No","Yes participating without using any Provision or the CEP","103","1681","School is not eligible for either Title I Targeted Assistance or Schoolwide program","No"
mixed - most recent,"510144000637","FRANKLIN COUNTY HIGH","VA","Franklin County Public Schools","High","Regular school","No","Yes under the Community Eligibility Provision (CEP)","165","1904","School is not eligible for either Title I Targeted Assistance or Schoolwide program","No"
mixed - most recent,"510141000628","FRANKLIN HIGH","VA","Franklin City Public Schools","High","Regular school","No","Yes under the Community Eligibility Provision (CEP)","33","378","School is not eligible for either Title I Targeted Assistance or Schoolwide program","No"
mixed - most recent,"510126002007","FRANKLIN MIDDLE","VA","Fairfax County Public Schools","Middle","Regular school","No","Yes participating without using any Provision or the CEP","56","832","School is not eligible for either Title I Targeted Assistance or Schoolwide program","No"
mixed - most recent,"510324002214","FRANKLIN MILITARY ACADEMY","VA","Richmond City Public Schools","High","Regular school","No","Yes under the Community Eligibility Provision (CEP)","49","293","School is eligible for Title I Schoolwide program (SWP) and provides Title I Schoolwide program","No"
mixed - most recent,"510313001297","FRED M. LYNN MIDDLE","VA","Prince William County Public Schools","Middle","Regular school","No","Yes under the Community Eligibility Provision (CEP)","85","1013","School is eligible for Title I Schoolwide program (SWP) and provides Title I Schoolwide program","Yes"
mixed - most recent,"510147000649","FREDERICK COUNTY MIDDLE","VA","Frederick County Public Schools","Middle","Regular school","No","Yes participating without using any Provision or the CEP","54","751","School is not eligible for either Title I Targeted Assistance or Schoolwide program","No"
mixed - most recent,"510405001778","Frederick Douglass Elementary","VA","Winchester City Public Schools","Primary","Regular school","No","Yes under the Community Eligibility Provision (CEP)","28","325","School is eligible for Title I Schoolwide program (SWP) and provides Title I Schoolwide program","No"
mixed - most recent,"510225002864","Frederick Douglass Elementary","VA","Loudoun County Public Schools","Primary","Regular school","No","Yes participating without using any Provision or the CEP","55","549","School is not eligible for either Title I Targeted Assistance or Schoolwide program","No"
mixed - most recent,"510313002458","FREEDOM HIGH","VA","Prince William County Public Schools","High","Regular school","No","Yes under the Community Eligibility Provision (CEP)","145","2345","School is eligible for Title I Schoolwide program (SWP) and provides Title I Schoolwide program","Yes"
mixed - most recent,"510225002447","FREEDOM HIGH","VA","Loudoun County Public Schools","High","Regular school","No","Yes participating without using any Provision or the CEP","145","1998","School is not eligible for either Title I Targeted Assistance or Schoolwide program","No"
mixed - most recent,"510126000478","Freedom Hill Elementary","VA","Fairfax County Public Schools","Primary","Regular school","No","Yes participating without using any Provision or the CEP","37","523","School is not eligible for either Title I Targeted Assistance or Schoolwide program","No"
mixed - most recent,"510364002420","FREEDOM MIDDLE","VA","Spotsylvania County Public Schools","Middle","Regular school","No","Yes participating without using any Provision or the CEP","58","777","School is not eligible for either Title I Targeted Assistance or Schoolwide program","No"
mixed - most recent,"510360002846","FRESH START CENTER","VA","Southampton County Public Schools","Not applicable","Other/alternative school","No","Missing/not reported","","","School is not eligible for either Title I Targeted Assistance or Schoolwide program","No"
mixed - most recent,"510169002747","Fries Elementary","VA","Grayson County Public Schools","Primary","Regular school","No","Yes under the Community Eligibility Provision (CEP)","26","253","School is eligible for Title I Schoolwide program (SWP) and provides Title I Schoolwide program","No"
mixed - most recent,"510126000479","FROST MIDDLE","VA","Fairfax County Public Schools","Middle","Regular school","No","Yes participating without using any Provision or the CEP","82","1209","School is not eligible for either Title I Targeted Assistance or Schoolwide program","No"
mixed - most recent,"510339001496","Fulks Run Elementary","VA","Rockingham County Public Schools","Primary","Regular school","No","Yes under the Community Eligibility Provision (CEP)","11","138","School is eligible for Title I Schoolwide program (SWP) and provides Title I Schoolwide program","No"
mixed - most recent,"510081000292","G.A. Treakle Elementary","VA","Chesapeake City Public Schools","Primary","Regular school","No","Yes under the Community Eligibility Provision (CEP)","40","421","School is eligible for Title I Schoolwide program (SWP) and provides Title I Schoolwide program","No"
mixed - most recent,"510324001369","G.H. Reid Elementary","VA","Richmond City Public Schools","Primary","Regular school","No","Yes under the Community Eligibility Provision (CEP)","43","637","School is eligible for Title I Schoolwide program (SWP) and provides Title I Schoolwide program","No"
mixed - most recent,"510111000389","G.L.H. Johnson Elementary","VA","Danville City Public Schools","Primary","Regular school","No","Yes under the Community Eligibility Provision (CEP)","35","545","School is eligible for Title I Schoolwide program (SWP) and provides Title I Schoolwide program","No"
mixed - most recent,"510346002044","G.W. Carver Elementary","VA","Salem City Public Schools","Primary","Regular school","No","Yes under the Community Eligibility Provision (CEP)","32","432","School is eligible for Title I Schoolwide program (SWP) and provides Title I Schoolwide program","No"
mixed - most recent,"510192000859","G.W. Carver Elementary","VA","Henry County Public Schools","Primary","Regular school","No","Yes under the Community Eligibility Provision (CEP)","31","461","School is eligible for Title I Schoolwide program (SWP) and provides Title I Schoolwide program","No"
mixed - most recent,"510147000095","Gainesboro Elementary","VA","Frederick County Public Schools","Primary","Regular school","No","Yes participating without using any Provision or the CEP","32","490","School is eligible for Title I Schoolwide program (SWP) and provides Title I Schoolwide program","No"
mixed - most recent,"510313003083","GAINESVILLE HIGH","VA","Prince William County Public Schools","High","Regular school","No","Yes participating without using any Provision or the CEP","127","2038","School is not eligible for either Title I Targeted Assistance or Schoolwide program","Yes"
mixed - most recent,"510313002753","GAINESVILLE MIDDLE","VA","Prince William County Public Schools","Middle","Regular school","No","Yes participating without using any Provision or the CEP","88","1398","School is not eligible for either Title I Targeted Assistance or Schoolwide program","Yes"
mixed - most recent,"510156000665","Galax Elementary","VA","Galax City Public Schools","Primary","Regular school","No","Yes under the Community Eligibility Provision (CEP)","47","686","School is eligible for Title I Schoolwide program (SWP) and provides Title I Schoolwide program","No"
mixed - most recent,"510156000301","GALAX HIGH","VA","Galax City Public Schools","High","Regular school","No","Yes under the Community Eligibility Provision (CEP)","27","378","School is not eligible for either Title I Targeted Assistance or Schoolwide program","No"
mixed - most recent,"510156000356","GALAX MIDDLE","VA","Galax City Public Schools","Middle","Regular school","No","Yes under the Community Eligibility Provision (CEP)","22","329","School is not eligible for either Title I Targeted Assistance or Schoolwide program","No"
mixed - most recent,"510105001959","Galbreath-Marshall Building","VA","Culpeper County Public Schools","Prekindergarten","Regular school","No","Missing/not reported","1","3","School is not eligible for either Title I Targeted Assistance or Schoolwide program","No"
mixed - most recent,"510111002261","GALILEO MAGNET HIGH","VA","Danville City Public Schools","High","Regular school","No","Yes under the Community Eligibility Provision (CEP)","20","258","School is not eligible for either Title I Targeted Assistance or Schoolwide program","Yes"
mixed - most recent,"510313001299","GAR-FIELD HIGH","VA","Prince William County Public Schools","High","Regular school","No","Yes under the Community Eligibility Provision (CEP)","151","2550","School is not eligible for either Title I Targeted Assistance or Schoolwide program","Yes"
mixed - most recent,"510330001419","Garden City Elementary","VA","Roanoke City Public Schools","Primary","Regular school","No","Yes under the Community Eligibility Provision (CEP)","32","304","School is eligible for Title I Schoolwide program (SWP) and provides Title I Schoolwide program","No"
mixed - most recent,"510126000480","Garfield Elementary","VA","Fairfax County Public Schools","Primary","Regular school","No","Yes under the Community Eligibility Provision (CEP)","25","315","School is eligible for Title I Schoolwide program (SWP) and provides Title I Schoolwide program","No"
mixed - most recent,"510405001779","Garland R. Quarles Elementary","VA","Winchester City Public Schools","Primary","Regular school","No","Yes under the Community Eligibility Provision (CEP)","28","364","School is eligible for Title I Schoolwide program (SWP) and provides Title I Schoolwide program","No"
mixed - most recent,"510366002084","Garrisonville Elementary","VA","Stafford County Public Schools","Primary","Regular school","No","Yes participating without using any Provision or the CEP","44","719","School is not eligible for either Title I Targeted Assistance or Schoolwide program","No"
mixed - most recent,"510348001532","GATE CITY HIGH","VA","Scott County Public Schools","High","Regular school","No","Yes under the Community Eligibility Provision (CEP)","41","619","School is not eligible for either Title I Targeted Assistance or Schoolwide program","No"
mixed - most recent,"510348002132","GATE CITY MIDDLE","VA","Scott County Public Schools","Middle","Regular school","No","Yes under the Community Eligibility Provision (CEP)","26","333","School is not eligible for either Title I Targeted Assistance or Schoolwide program","No"
mixed - most recent,"510364002821","GATEWAY ACADEMY","VA","Spotsylvania County Public Schools","Not applicable","Special education school","No","Missing/not reported","","","School is not eligible for either Title I Targeted Assistance or Schoolwide program","No"
mixed - most recent,"510189002123","Gayton Elementary","VA","Henrico County Public Schools","Primary","Regular school","No","Yes participating without using any Provision or the CEP","34","544","School is not eligible for either Title I Targeted Assistance or Schoolwide program","No"
mixed - most recent,"510189002845","GENERAL ACADEMIC DEVELOPMENT","VA","Henrico County Public Schools","Not applicable","Other/alternative school","No","Missing/not reported","","","School is not eligible for either Title I Targeted Assistance or Schoolwide program","No"
mixed - most recent,"510264002422","General Stanford Elementary","VA","Newport News City Public Schools","Primary","Regular school","No","Yes under the Community Eligibility Provision (CEP)","25","476","School is not eligible for either Title I Targeted Assistance or Schoolwide program","No"
mixed - most recent,"510236002067","George Carr Round Elementary","VA","Manassas City Public Schools","Primary","Regular school","No","Yes under the Community Eligibility Provision (CEP)","30","495","School is eligible for Title I Schoolwide program (SWP) and provides Title I Schoolwide program","No"
mixed - most recent,"510189000788","George F. Baker Elementary","VA","Henrico County Public Schools","Primary","Regular school","No","Yes under the Community Eligibility Provision (CEP)","32","410","School is eligible for Title I Schoolwide program (SWP) and provides Title I Schoolwide program","No"
mixed - most recent,"510313001300","George G. Tyler Elementary","VA","Prince William County Public Schools","Primary","Regular school","No","Yes participating without using any Provision or the CEP","26","449","School is not eligible for either Title I Targeted Assistance or Schoolwide program","Yes"
mixed - most recent,"510189000800","George H. Moody Middle","VA","Henrico County Public Schools","Middle","Regular school","No","Yes participating without using any Provision or the CEP","62","1072","School is not eligible for either Title I Targeted Assistance or Schoolwide program","No"
mixed - most recent,"510264001049","George J. McIntosh Elementary","VA","Newport News City Public Schools","Primary","Regular school","No","Yes under the Community Eligibility Provision (CEP)","31","439","School is eligible for Title I Schoolwide program (SWP) and provides Title I Schoolwide program","No"
mixed - most recent,"510313001307","GEORGE M. HAMPTON MIDDLE","VA","Prince William County Public Schools","Middle","Regular school","No","Yes under the Community Eligibility Provision (CEP)","69","936","School is eligible for Title I Schoolwide program (SWP) and provides Title I Schoolwide program","Yes"
mixed - most recent,"510012000041","George Mason Elementary","VA","Alexandria City Public Schools","Primary","Regular school","No","Yes participating without using any Provision or the CEP","24","320","School is not eligible for either Title I Targeted Assistance or Schoolwide program","No"
mixed - most recent,"510313002200","George P. Mullen Elementary","VA","Prince William County Public Schools","Primary","Regular school","No","Yes under the Community Eligibility Provision (CEP)","50","751","School is eligible for Title I Schoolwide program (SWP) and provides Title I Schoolwide program","Yes"
mixed - most recent,"510180002816","George P. Phenix Elementary","VA","Hampton City Public Schools","Primary","Regular school","No","Yes under the Community Eligibility Provision (CEP)","159","1516","School is not eligible for either Title I Targeted Assistance or Schoolwide program","No"
mixed - most recent,"510324001862","George W. Carver Elementary","VA","Richmond City Public Schools","Primary","Regular school","No","Yes under the Community Eligibility Provision (CEP)","28","420","School is eligible for Title I Schoolwide program (SWP) and provides Title I Schoolwide program","No"
mixed - most recent,"510081000293","George W. Carver Intermediate","VA","Chesapeake City Public Schools","Primary","Regular school","No","Yes under the Community Eligibility Provision (CEP)","42","549","School is eligible for Title I Schoolwide program (SWP) and provides Title I Schoolwide program","No"
mixed - most recent,"510261001038","George W. Watkins Elementary","VA","New Kent County Public Schools","Primary","Regular school","No","Yes participating without using any Provision or the CEP","35","439","School is eligible for Title I Schoolwide program (SWP) and provides Title I Schoolwide program","No"
mixed - most recent,"510111000390","GEORGE WASHINGTON HIGH","VA","Danville City Public Schools","High","Regular school","No","Yes under the Community Eligibility Provision (CEP)","85","1309","School is not eligible for either Title I Targeted Assistance or Schoolwide program","No"
mixed - most recent,"510012002999","GEORGE WASHINGTON MIDDLE","VA","Alexandria City Public Schools","Middle","Regular school","No","Yes participating without using any Provision or the CEP","100","1369","School is not eligible for either Title I Targeted Assistance or Schoolwide program","No"
mixed - most recent,"510411001801","GEORGE WYTHE HIGH","VA","Wythe County Public Schools","High","Regular school","No","Yes under the Community Eligibility Provision (CEP)","32","462","School is not eligible for either Title I Targeted Assistance or Schoolwide program","No"
mixed - most recent,"510324002081","GEORGE WYTHE HIGH","VA","Richmond City Public Schools","High","Regular school","No","Yes under the Community Eligibility Provision (CEP)","116","1309","School is eligible for Title I Schoolwide program (SWP) and provides Title I Schoolwide program","No"
mixed - most recent,"510081000294","GEORGETOWN PRIMARY","VA","Chesapeake City Public Schools","Primary","Regular school","No","Yes under the Community Eligibility Provision (CEP)","55","780","School is eligible for Title I Schoolwide program (SWP) and provides Title I Schoolwide program","No"
mixed - most recent,"510201000906","GEORGIE D. TYLER MIDDLE","VA","Isle of Wight County Public Schools","Middle","Regular school","No","Yes under the Community Eligibility Provision (CEP)","28","375","School is not eligible for either Title I Targeted Assistance or Schoolwide program","No"
mixed - most recent,"510267001096","Ghent K-8","VA","Norfolk City Public Schools","Primary","Regular school","No","Yes under the Community Eligibility Provision (CEP)","36","482","School is not eligible for either Title I Targeted Assistance or Schoolwide program","No"
mixed - most recent,"510252001023","Gilbert Linkous Elementary","VA","Montgomery County Public Schools","Primary","Regular school","No","Yes participating without using any Provision or the CEP","26","329","School is not eligible for either Title I Targeted Assistance or Schoolwide program","No"
mixed - most recent,"510159003123","Giles County K-12 Virtual School","VA","Giles County Public Schools","Missing/not reported","Regular school","No","","","","",""
mixed - most recent,"510159000668","GILES COUNTY TECH. CENTER","VA","Giles County Public Schools","Not applicable","Vocational school","No","Missing/not reported","10","","School is not eligible for either Title I Targeted Assistance or Schoolwide program","No"
mixed - most recent,"510159000669","GILES HIGH","VA","Giles County Public Schools","High","Regular school","No","Yes participating without using any Provision or the CEP","46","656","School is not eligible for either Title I Targeted Assistance or Schoolwide program","No"
mixed - most recent,"510324001372","Ginter Park Elementary","VA","Richmond City Public Schools","Primary","Regular school","No","Yes under the Community Eligibility Provision (CEP)","24","290","School is eligible for Title I Schoolwide program (SWP) and provides Title I Schoolwide program","No"
mixed - most recent,"510144000639","Glade Hill Elementary","VA","Franklin County Public Schools","Primary","Regular school","No","Yes under the Community Eligibility Provision (CEP)","17","205","School is eligible for Title I Schoolwide program (SWP) and provides Title I Schoolwide program","No"
mixed - most recent,"510390001740","GLADE SPRING MIDDLE","VA","Washington County Public Schools","Middle","Regular school","No","Yes under the Community Eligibility Provision (CEP)","27","254","School is not eligible for either Title I Targeted Assistance or Schoolwide program","No"
mixed - most recent,"510069000245","Gladesboro Elementary","VA","Carroll County Public Schools","Primary","Regular school","No","Yes under the Community Eligibility Provision (CEP)","9","106","School is eligible for Title I Schoolwide program (SWP) and provides Title I Schoolwide program","No"
mixed - most recent,"510069000246","Gladeville Elementary","VA","Carroll County Public Schools","Primary","Regular school","No","Yes under the Community Eligibility Provision (CEP)","19","267","School is eligible for Title I Schoolwide program (SWP) and provides Title I Schoolwide program","No"
mixed - most recent,"510126000481","GLASGOW MIDDLE","VA","Fairfax County Public Schools","Middle","Regular school","No","Yes under the Community Eligibility Provision (CEP)","123","1789","School is not eligible for either Title I Targeted Assistance or Schoolwide program","Yes"
mixed - most recent,"510027000092","Glebe Elementary","VA","Arlington County Public Schools","Primary","Regular school","No","Yes participating without using any Provision or the CEP","37","530","School is not eligible for either Title I Targeted Assistance or Schoolwide program","No"
mixed - most recent,"510189000801","Glen Allen Elementary","VA","Henrico County Public Schools","Primary","Regular school","No","Yes participating without using any Provision or the CEP","37","582","School is not eligible for either Title I Targeted Assistance or Schoolwide program","No"
mixed - most recent,"510189002837","GLEN ALLEN HIGH","VA","Henrico County Public Schools","High","Regular school","No","Yes participating without using any Provision or the CEP","111","2006","School is not eligible for either Title I Targeted Assistance or Schoolwide program","Yes"
mixed - most recent,"510333001455","Glen Cove Elementary","VA","Roanoke County Public Schools","Primary","Regular school","No","Yes participating without using any Provision or the CEP","27","407","School is not eligible for either Title I Targeted Assistance or Schoolwide program","No"
mixed - most recent,"510126000482","Glen Forest Elementary","VA","Fairfax County Public Schools","Primary","Regular school","No","Yes under the Community Eligibility Provision (CEP)","61","828","School is eligible for Title I Schoolwide program (SWP) and provides Title I Schoolwide program","No"
mixed - most recent,"510189000802","Glen Lea Elementary","VA","Henrico County Public Schools","Primary","Regular school","No","Yes under the Community Eligibility Provision (CEP)","27","432","School is eligible for Title I Schoolwide program (SWP) and provides Title I Schoolwide program","No"
mixed - most recent,"510313002585","Glenkirk Elementary","VA","Prince William County Public Schools","Primary","Regular school","No","Yes participating without using any Provision or the CEP","38","612","School is not eligible for either Title I Targeted Assistance or Schoolwide program","Yes"
mixed - most recent,"510333001456","Glenvar Elementary","VA","Roanoke County Public Schools","Primary","Regular school","No","Yes participating without using any Provision or the CEP","25","347","School is not eligible for either Title I Targeted Assistance or Schoolwide program","No"
mixed - most recent,"510333001457","GLENVAR HIGH","VA","Roanoke County Public Schools","High","Regular school","No","Yes participating without using any Provision or the CEP","45","627","School is not eligible for either Title I Targeted Assistance or Schoolwide program","No"
mixed - most recent,"510333001408","GLENVAR MIDDLE","VA","Roanoke County Public Schools","Middle","Regular school","No","Yes participating without using any Provision or the CEP","34","430","School is not eligible for either Title I Targeted Assistance or Schoolwide program","No"
mixed - most recent,"510384002220","Glenwood Elementary","VA","Virginia Beach City Public Schools","Primary","Regular school","No","Yes participating without using any Provision or the CEP","63","986","School is not eligible for either Title I Targeted Assistance or Schoolwide program","No"
mixed - most recent,"510162002975","Gloucester & Mathews Counties Gov's Health Sciences Academy","VA","Gloucester County Public Schools","Not applicable","Vocational school","No","Missing/not reported","1","","School is not eligible for either Title I Targeted Assistance or Schoolwide program","No"
mixed - most recent,"510162000680","GLOUCESTER HIGH","VA","Gloucester County Public Schools","High","Regular school","No","Yes participating without using any Provision or the CEP","107","1531","School is not eligible for either Title I Targeted Assistance or Schoolwide program","No"
mixed - most recent,"510165000685","Goochland Elementary","VA","Goochland County Public Schools","Primary","Regular school","No","Yes participating without using any Provision or the CEP","29","387","School is not eligible for either Title I Targeted Assistance or Schoolwide program","No"
mixed - most recent,"510165000686","GOOCHLAND HIGH","VA","Goochland County Public Schools","High","Regular school","No","Yes participating without using any Provision or the CEP","61","890","School is not eligible for either Title I Targeted Assistance or Schoolwide program","No"
mixed - most recent,"510165000687","GOOCHLAND MIDDLE","VA","Goochland County Public Schools","Middle","Regular school","No","Yes participating without using any Provision or the CEP","49","573","School is not eligible for either Title I Targeted Assistance or Schoolwide program","No"
mixed - most recent,"510036002526","Goodview Elementary","VA","Bedford County Public Schools","Primary","Regular school","No","Yes under the Community Eligibility Provision (CEP)","37","495","School is eligible for Title I Schoolwide program (SWP) and provides Title I Schoolwide program","No"
mixed - most recent,"510282001172","Gordon-Barbour Elementary","VA","Orange County Public Schools","Primary","Regular school","No","Yes under the Community Eligibility Provision (CEP)","27","321","School is eligible for Title I Schoolwide program (SWP) and provides Title I Schoolwide program","No"
mixed - most recent,"510225003046","Goshen Post Elementary","VA","Loudoun County Public Schools","Primary","Regular school","No","Yes participating without using any Provision or the CEP","68","950","School is not eligible for either Title I Targeted Assistance or Schoolwide program","No"
mixed - most recent,"510384002986","Gov STEM Academy for Engineering Marketing and Information","VA","Virginia Beach City Public Schools","Not applicable","Vocational school","No","Missing/not reported","6","","School is not eligible for either Title I Targeted Assistance or Schoolwide program","No"
mixed - most recent,"510027003003","Governor's Academy for Career and Technical Education in Arl","VA","Arlington County Public Schools","Not applicable","Vocational school","No","Missing/not reported","74","","School is not eligible for either Title I Targeted Assistance or Schoolwide program","No"
mixed - most recent,"510084002990","Governor's Career and Technical Academy for Engineering Stud","VA","Chesterfield County Public Schools","Not applicable","Vocational school","No","Missing/not reported","3","","School is not eligible for either Title I Targeted Assistance or Schoolwide program","No"
mixed - most recent,"510012003067","Governor's Health Science Academy at T.C. Williams High","VA","Alexandria City Public Schools","Not applicable","Vocational school","No","Missing/not reported","6","","School is not eligible for either Title I Targeted Assistance or Schoolwide program","No"
mixed - most recent,"510036003004","GOVERNOR'S HEALTH SCIENCES ACADEMY","VA","Bedford County Public Schools","Not applicable","Vocational school","No","Missing/not reported","2","","School is not eligible for either Title I Targeted Assistance or Schoolwide program","No"
mixed - most recent,"510217502231","Governor's School for the Arts","VA","GOVERNOR'S SCHOOL FOR THE ARTS","Not applicable","Regular school","No","Missing/not reported","","0","School is not eligible for either Title I Targeted Assistance or Schoolwide program","Yes"
mixed - most recent,"510002901505","Governor's School of Southside Virginia","VA","Governor's School of Southside Virginia","Not applicable","Regular school","No","Missing/not reported","","0","School is not eligible for either Title I Targeted Assistance or Schoolwide program","No"
mixed - most recent,"510236003047","GOVERNOR'S STEM ACADEMY AT OSBURN HIGH SCHOOL","VA","Manassas City Public Schools","Not applicable","Vocational school","No","Missing/not reported","","","School is not eligible for either Title I Targeted Assistance or Schoolwide program","No"
mixed - most recent,"510333002996","Governor's STEM Academy at the Burton Center for Arts and Te","VA","Roanoke County Public Schools","Not applicable","Vocational school","No","Missing/not reported","6","","School is not eligible for either Title I Targeted Assistance or Schoolwide program","Yes"
mixed - most recent,"510236002226","GRACE E. METZ MIDDLE","VA","Manassas City Public Schools","Middle","Regular school","No","Yes under the Community Eligibility Provision (CEP)","71","1102","School is not eligible for either Title I Targeted Assistance or Schoolwide program","No"
mixed - most recent,"510132002184","Grace Miller Elementary","VA","Fauquier County Public Schools","Primary","Regular school","No","Yes participating without using any Provision or the CEP","33","495","School is eligible for Title I Schoolwide program (SWP) and provides Title I Schoolwide program","No"
mixed - most recent,"510415001814","Grafton Bethel Elementary","VA","York County Public Schools","Primary","Regular school","No","Yes participating without using any Provision or the CEP","38","599","School is not eligible for either Title I Targeted Assistance or Schoolwide program","No"
mixed - most recent,"510415001443","GRAFTON HIGH","VA","York County Public Schools","High","Regular school","No","Yes participating without using any Provision or the CEP","72","1212","School is not eligible for either Title I Targeted Assistance or Schoolwide program","No"
mixed - most recent,"510415001445","GRAFTON MIDDLE","VA","York County Public Schools","Middle","Regular school","No","Missing/not reported","59","874","School is not eligible for either Title I Targeted Assistance or Schoolwide program","No"
mixed - most recent,"510366001598","Grafton Village Elementary","VA","Stafford County Public Schools","Primary","Regular school","No","Yes participating without using any Provision or the CEP","49","775","School is not eligible for either Title I Targeted Assistance or Schoolwide program","No"
mixed - most recent,"510381001653","GRAHAM HIGH","VA","Tazewell County Public Schools","High","Regular school","No","Yes under the Community Eligibility Provision (CEP)","40","529","School is not eligible for either Title I Targeted Assistance or Schoolwide program","No"
mixed - most recent,"510381001652","GRAHAM INTERMEDIATE","VA","Tazewell County Public Schools","Primary","Regular school","No","Yes under the Community Eligibility Provision (CEP)","15","279","School is eligible for Title I Schoolwide program (SWP) and provides Title I Schoolwide program","No"
mixed - most recent,"510381001654","GRAHAM MIDDLE","VA","Tazewell County Public Schools","Middle","Regular school","No","Yes under the Community Eligibility Provision (CEP)","27","372","School is not eligible for either Title I Targeted Assistance or Schoolwide program","No"
mixed - most recent,"510313001301","GRAHAM PARK MIDDLE","VA","Prince William County Public Schools","Middle","Regular school","No","Yes under the Community Eligibility Provision (CEP)","56","675","School is not eligible for either Title I Targeted Assistance or Schoolwide program","Yes"
mixed - most recent,"510126000483","Graham Road Elementary","VA","Fairfax County Public Schools","Primary","Regular school","No","Yes under the Community Eligibility Provision (CEP)","33","427","School is eligible for Title I Schoolwide program (SWP) and provides Title I Schoolwide program","No"
mixed - most recent,"510267001097","Granby Elementary","VA","Norfolk City Public Schools","Primary","Regular school","No","Yes under the Community Eligibility Provision (CEP)","37","464","School is eligible for Title I Schoolwide program (SWP) and provides Title I Schoolwide program","No"
mixed - most recent,"510267001098","GRANBY HIGH","VA","Norfolk City Public Schools","High","Regular school","No","Yes under the Community Eligibility Provision (CEP)","118","1837","School is not eligible for either Title I Targeted Assistance or Schoolwide program","No"
mixed - most recent,"510330001420","Grandin Court Elementary","VA","Roanoke City Public Schools","Primary","Regular school","No","Yes under the Community Eligibility Provision (CEP)","26","370","School is not eligible for either Title I Targeted Assistance or Schoolwide program","No"
mixed - most recent,"510084000330","Grange Hall Elementary","VA","Chesterfield County Public Schools","Primary","Regular school","No","Yes participating without using any Provision or the CEP","45","748","School is not eligible for either Title I Targeted Assistance or Schoolwide program","No"
mixed - most recent,"510081002432","Grassfield Elementary","VA","Chesapeake City Public Schools","Primary","Regular school","No","Yes participating without using any Provision or the CEP","72","1352","School is not eligible for either Title I Targeted Assistance or Schoolwide program","No"
mixed - most recent,"510081002998","GRASSFIELD HIGH SCHOOL GOVERNOR'S STEM ACADEMY","VA","Chesapeake City Public Schools","Not applicable","Vocational school","No","Missing/not reported","2","","School is not eligible for either Title I Targeted Assistance or Schoolwide program","No"
mixed - most recent,"510081002765","GRASSFIELD HIGH","VA","Chesapeake City Public Schools","High","Regular school","No","Yes participating without using any Provision or the CEP","150","2314","School is not eligible for either Title I Targeted Assistance or Schoolwide program","Yes"
mixed - most recent,"510169000695","Grayson County High Career & Technical Education","VA","Grayson County Public Schools","Not applicable","Vocational school","No","Missing/not reported","15","","School is not eligible for either Title I Targeted Assistance or Schoolwide program","No"
mixed - most recent,"510169000697","GRAYSON COUNTY HIGH","VA","Grayson County Public Schools","High","Regular school","No","Yes under the Community Eligibility Provision (CEP)","37","465","School is not eligible for either Title I Targeted Assistance or Schoolwide program","No"
mixed - most recent,"510169002806","GRAYSON HIGHLANDS","VA","Grayson County Public Schools","Primary","Regular school","No","Yes under the Community Eligibility Provision (CEP)","14","149","School is eligible for Title I Schoolwide program (SWP) and provides Title I Schoolwide program","No"
mixed - most recent,"510081002031","GREAT BRIDGE HIGH","VA","Chesapeake City Public Schools","High","Regular school","No","Yes participating without using any Provision or the CEP","110","1624","School is not eligible for either Title I Targeted Assistance or Schoolwide program","No"
mixed - most recent,"510081000456","Great Bridge Intermediate","VA","Chesapeake City Public Schools","Primary","Regular school","No","Yes participating without using any Provision or the CEP","36","698","School is not eligible for either Title I Targeted Assistance or Schoolwide program","No"
mixed - most recent,"510081000296","GREAT BRIDGE MIDDLE","VA","Chesapeake City Public Schools","Middle","Regular school","No","Yes participating without using any Provision or the CEP","85","1223","School is not eligible for either Title I Targeted Assistance or Schoolwide program","No"
mixed - most recent,"510081000295","GREAT BRIDGE PRIMARY","VA","Chesapeake City Public Schools","Primary","Regular school","No","Yes participating without using any Provision or the CEP","37","701","School is not eligible for either Title I Targeted Assistance or Schoolwide program","No"
mixed - most recent,"510126000484","Great Falls Elementary","VA","Fairfax County Public Schools","Primary","Regular school","No","Yes participating without using any Provision or the CEP","37","547","School is not eligible for either Title I Targeted Assistance or Schoolwide program","Yes"
mixed - most recent,"510384001686","GREAT NECK MIDDLE","VA","Virginia Beach City Public Schools","Middle","Regular school","No","Yes participating without using any Provision or the CEP","66","1055","School is not eligible for either Title I Targeted Assistance or Schoolwide program","No"
mixed - most recent,"510000903010","GREATER PENINSULA GOVERNOR'S STEM ACADEMY","VA","New Horizons Career and Technical Center","Not applicable","Vocational school","No","Missing/not reported","","0","School is not eligible for either Title I Targeted Assistance or Schoolwide program","No"
mixed - most recent,"510384002957","GREEN RUN COLLEGIATE","VA","Virginia Beach City Public Schools","High","Regular school","Yes","Yes under the Community Eligibility Provision (CEP)","33","370","School is not eligible for either Title I Targeted Assistance or Schoolwide program","No"
mixed - most recent,"510384001687","Green Run Elementary","VA","Virginia Beach City Public Schools","Primary","Regular school","No","Yes under the Community Eligibility Provision (CEP)","34","321","School is eligible for Title I Schoolwide program (SWP) and provides Title I Schoolwide program","No"
mixed - most recent,"510384001879","GREEN RUN HIGH","VA","Virginia Beach City Public Schools","High","Regular school","No","Yes under the Community Eligibility Provision (CEP)","94","1517","School is not eligible for either Title I Targeted Assistance or Schoolwide program","No"
mixed - most recent,"510333001458","Green Valley Elementary","VA","Roanoke County Public Schools","Primary","Regular school","No","Yes participating without using any Provision or the CEP","34","518","School is not eligible for either Title I Targeted Assistance or Schoolwide program","No"
mixed - most recent,"510126000486","Greenbriar East Elementary","VA","Fairfax County Public Schools","Primary","Regular school","No","Yes participating without using any Provision or the CEP","58","898","School is not eligible for either Title I Targeted Assistance or Schoolwide program","No"
mixed - most recent,"510126000487","Greenbriar West Elementary","VA","Fairfax County Public Schools","Primary","Regular school","No","Yes participating without using any Provision or the CEP","42","639","School is not eligible for either Title I Targeted Assistance or Schoolwide program","No"
mixed - most recent,"510078000275","Greenbrier Elementary","VA","Charlottesville City Public Schools","Primary","Regular school","No","Yes participating without using any Provision or the CEP","22","315","School is eligible for Title I Schoolwide program (SWP) and provides Title I Schoolwide program","No"
mixed - most recent,"510081000459","Greenbrier Intermediate","VA","Chesapeake City Public Schools","Primary","Regular school","No","Yes participating without using any Provision or the CEP","38","608","School is not eligible for either Title I Targeted Assistance or Schoolwide program","No"
mixed - most recent,"510081002557","GREENBRIER MIDDLE","VA","Chesapeake City Public Schools","Middle","Regular school","No","Yes participating without using any Provision or the CEP","69","827","School is not eligible for either Title I Targeted Assistance or Schoolwide program","No"
mixed - most recent,"510081002054","GREENBRIER PRIMARY","VA","Chesapeake City Public Schools","Primary","Regular school","No","Yes participating without using any Provision or the CEP","42","676","School is not eligible for either Title I Targeted Assistance or Schoolwide program","No"
mixed - most recent,"510390001741","Greendale Elementary","VA","Washington County Public Schools","Primary","Regular school","No","Yes under the Community Eligibility Provision (CEP)","28","294","School is eligible for Title I Targeted Assistance (TAS) and provides TAS program","No"
mixed - most recent,"510171001382","Greene County Technical Education Center","VA","Greene County Public Schools","Not applicable","Vocational school","No","Missing/not reported","10","","School is not eligible for either Title I Targeted Assistance or Schoolwide program","No"
mixed - most recent,"510084000331","Greenfield Elementary","VA","Chesterfield County Public Schools","Primary","Regular school","No","Yes participating without using any Provision or the CEP","34","462","School is not eligible for either Title I Targeted Assistance or Schoolwide program","No"
mixed - most recent,"510042002527","Greenfield Elementary","VA","Botetourt County Public Schools","Primary","Regular school","No","Yes participating without using any Provision or the CEP","31","426","School is eligible for Title I Targeted Assistance (TAS) and provides TAS program","No"
mixed - most recent,"510174000706","GREENSVILLE COUNTY HIGH","VA","Greensville County Public Schools","High","Regular school","No","Yes under the Community Eligibility Provision (CEP)","55","607","School is not eligible for either Title I Targeted Assistance or Schoolwide program","No"
mixed - most recent,"510174001827","Greensville Elementary","VA","Greensville County Public Schools","Primary","Regular school","No","Yes under the Community Eligibility Provision (CEP)","59","833","School is eligible for Title I Schoolwide program (SWP) and provides Title I Schoolwide program","No"
mixed - most recent,"510132002786","Greenville Elementary","VA","Fauquier County Public Schools","Primary","Regular school","No","Yes participating without using any Provision or the CEP","29","500","School is not eligible for either Title I Targeted Assistance or Schoolwide program","No"
mixed - most recent,"510189002441","Greenwood Elementary","VA","Henrico County Public Schools","Primary","Regular school","No","Yes participating without using any Provision or the CEP","42","600","School is not eligible for either Title I Targeted Assistance or Schoolwide program","No"
mixed - most recent,"510147002808","Greenwood Mill Elementary","VA","Frederick County Public Schools","Primary","Regular school","No","Yes participating without using any Provision or the CEP","34","580","School is not eligible for either Title I Targeted Assistance or Schoolwide program","No"
mixed - most recent,"510294001216","Gretna Elementary","VA","Pittsylvania County Public Schools","Primary","Regular school","No","Yes under the Community Eligibility Provision (CEP)","36","460","School is eligible for Title I Schoolwide program (SWP) and provides Title I Schoolwide program","No"
mixed - most recent,"510294001218","GRETNA HIGH","VA","Pittsylvania County Public Schools","High","Regular school","No","Yes under the Community Eligibility Provision (CEP)","39","535","School is not eligible for either Title I Targeted Assistance or Schoolwide program","No"
mixed - most recent,"510294001217","GRETNA MIDDLE","VA","Pittsylvania County Public Schools","Middle","Regular school","No","Yes under the Community Eligibility Provision (CEP)","35","397","School is eligible for Title I Schoolwide program (SWP) and provides Title I Schoolwide program","No"
mixed - most recent,"510111000391","GROVE PARK PRESCHOOL","VA","Danville City Public Schools","Prekindergarten","Regular school","No","Yes under the Community Eligibility Provision (CEP)","11","120","School is not eligible for either Title I Targeted Assistance or Schoolwide program","No"
mixed - most recent,"510126000488","Groveton Elementary","VA","Fairfax County Public Schools","Primary","Regular school","No","Yes under the Community Eligibility Provision (CEP)","58","779","School is eligible for Title I Schoolwide program (SWP) and provides Title I Schoolwide program","Yes"
mixed - most recent,"510051000198","GRUNDY HIGH","VA","Buchanan County Public Schools","High","Regular school","No","Yes under the Community Eligibility Provision (CEP)","28","355","School is not eligible for either Title I Targeted Assistance or Schoolwide program","No"
mixed - most recent,"510225000918","Guilford Elementary","VA","Loudoun County Public Schools","Primary","Regular school","No","Yes under the Community Eligibility Provision (CEP)","50","541","School is eligible for Title I Schoolwide program (SWP) and provides Title I Schoolwide program","No"
mixed - most recent,"510126000490","Gunston Elementary","VA","Fairfax County Public Schools","Primary","Regular school","No","Yes participating without using any Provision or the CEP","36","555","School is not eligible for either Title I Targeted Assistance or Schoolwide program","No"
mixed - most recent,"510027000752","GUNSTON MIDDLE","VA","Arlington County Public Schools","Middle","Regular school","No","Yes participating without using any Provision or the CEP","84","1111","School is not eligible for either Title I Targeted Assistance or Schoolwide program","No"
mixed - most recent,"510030001901","Guy K. Stump Elementary","VA","Augusta County Public Schools","Primary","Regular school","No","Yes participating without using any Provision or the CEP","29","451","School is eligible for Title I Schoolwide program (SWP) and provides Title I Schoolwide program","No"
mixed - most recent,"510366001199","H.H. POOLE MIDDLE","VA","Stafford County Public Schools","Middle","Regular school","No","Yes participating without using any Provision or the CEP","67","983","School is not eligible for either Title I Targeted Assistance or Schoolwide program","No"
mixed - most recent,"510132000608","H.M. Pearson Elementary","VA","Fauquier County Public Schools","Primary","Regular school","No","Yes participating without using any Provision or the CEP","24","371","School is eligible for Title I Schoolwide program (SWP) and provides Title I Schoolwide program","No"
mixed - most recent,"510177001848","HALIFAX COUNTY HIGH","VA","Halifax County Public Schools","High","Regular school","No","Yes under the Community Eligibility Provision (CEP)","112","1397","School is not eligible for either Title I Targeted Assistance or Schoolwide program","No"
mixed - most recent,"510177000714","HALIFAX COUNTY MIDDLE","VA","Halifax County Public Schools","Middle","Regular school","No","Yes under the Community Eligibility Provision (CEP)","80","925","School is not eligible for either Title I Targeted Assistance or Schoolwide program","No"
mixed - most recent,"510126001093","Halley Elementary","VA","Fairfax County Public Schools","Primary","Regular school","No","Yes participating without using any Provision or the CEP","46","604","School is not eligible for either Title I Targeted Assistance or Schoolwide program","No"
mixed - most recent,"510225000919","Hamilton Elementary","VA","Loudoun County Public Schools","Primary","Regular school","No","Yes participating without using any Provision or the CEP","18","164","School is not eligible for either Title I Targeted Assistance or Schoolwide program","No"
mixed - most recent,"510212000885","HAMILTON HOLMES MIDDLE","VA","King William County Public Schools","Middle","Regular school","No","Yes participating without using any Provision or the CEP","35","450","School is not eligible for either Title I Targeted Assistance or Schoolwide program","No"
mixed - most recent,"510180002973","HAMPTON CITY PUBLIC SCHOOLS GOV HEALTH SCIENCES ACADEMY","VA","Hampton City Public Schools","Not applicable","Vocational school","No","Missing/not reported","4","","School is not eligible for either Title I Targeted Assistance or Schoolwide program","No"
mixed - most recent,"510180000742","HAMPTON HIGH","VA","Hampton City Public Schools","High","Regular school","No","Yes under the Community Eligibility Provision (CEP)","97","1359","School is not eligible for either Title I Targeted Assistance or Schoolwide program","No"
mixed - most recent,"510366000265","Hampton Oaks Elementary","VA","Stafford County Public Schools","Primary","Regular school","No","Yes participating without using any Provision or the CEP","54","894","School is not eligible for either Title I Targeted Assistance or Schoolwide program","No"
mixed - most recent,"510180003007","Hampton Public Schools Architecture & Applied Arts Governor'","VA","Hampton City Public Schools","Not applicable","Vocational school","No","Missing/not reported","3","","School is not eligible for either Title I Targeted Assistance or Schoolwide program","No"
mixed - most recent,"510183002338","HANOVER HIGH","VA","Hanover County Public Schools","High","Regular school","No","Yes participating without using any Provision or the CEP","95","1427","School is not eligible for either Title I Targeted Assistance or Schoolwide program","No"
mixed - most recent,"510288001186","HARDIN REYNOLDS MEMORIAL SCHOOL","VA","Patrick County Public Schools","Middle","Regular school","No","Yes under the Community Eligibility Provision (CEP)","15","217","School is eligible for Title I Schoolwide program (SWP) and provides Title I Schoolwide program","No"
mixed - most recent,"510252001024","Harding Avenue Elementary","VA","Montgomery County Public Schools","Primary","Regular school","No","Yes participating without using any Provision or the CEP","22","296","School is not eligible for either Title I Targeted Assistance or Schoolwide program","No"
mixed - most recent,"510201000873","Hardy Elementary","VA","Isle of Wight County Public Schools","Primary","Regular school","No","Yes participating without using any Provision or the CEP","44","526","School is eligible for Title I Schoolwide program (SWP) and provides Title I Schoolwide program","No"
mixed - most recent,"510225002831","HARMONY MIDDLE","VA","Loudoun County Public Schools","Middle","Regular school","No","Yes participating without using any Provision or the CEP","83","1083","School is not eligible for either Title I Targeted Assistance or Schoolwide program","No"
mixed - most recent,"510189000822","Harold Macon Ratcliffe Elementary","VA","Henrico County Public Schools","Primary","Regular school","No","Yes under the Community Eligibility Provision (CEP)","36","428","School is eligible for Title I Schoolwide program (SWP) and provides Title I Schoolwide program","No"
mixed - most recent,"510225001913","HARPER PARK MIDDLE","VA","Loudoun County Public Schools","Middle","Regular school","No","Yes participating without using any Provision or the CEP","71","844","School is not eligible for either Title I Targeted Assistance or Schoolwide program","No"
mixed - most recent,"510222000905","Harrington Waddell Elementary","VA","Lexington City Public Schools","Primary","Regular school","No","Yes participating without using any Provision or the CEP","24","324","School is eligible for Title I Targeted Assistance (TAS) and provides TAS program","No"
mixed - most recent,"510364002317","Harrison Road Elementary","VA","Spotsylvania County Public Schools","Primary","Regular school","No","Yes under the Community Eligibility Provision (CEP)","51","723","School is eligible for Title I Schoolwide program (SWP) and provides Title I Schoolwide program","No"
mixed - most recent,"510186003005","Harrisonburg H.S. Governor's STEM Academy","VA","Harrisonburg City Public Schools","Not applicable","Vocational school","No","Missing/not reported","3","","School is not eligible for either Title I Targeted Assistance or Schoolwide program","No"
mixed - most recent,"510186000782","HARRISONBURG HIGH","VA","Harrisonburg City Public Schools","High","Regular school","No","Yes under the Community Eligibility Provision (CEP)","134","1951","School is not eligible for either Title I Targeted Assistance or Schoolwide program","No"
mixed - most recent,"510084000332","Harrowgate Elementary","VA","Chesterfield County Public Schools","Primary","Regular school","No","Yes under the Community Eligibility Provision (CEP)","36","445","School is eligible for Title I Schoolwide program (SWP) and provides Title I Schoolwide program","No"
mixed - most recent,"510198000357","Harry E. James Elementary","VA","Hopewell City Public Schools","Primary","Regular school","No","Yes under the Community Eligibility Provision (CEP)","42","481","School is eligible for Title I Schoolwide program (SWP) and provides Title I Schoolwide program","No"
mixed - most recent,"510366001599","Hartwood Elementary","VA","Stafford County Public Schools","Primary","Regular school","No","Yes participating without using any Provision or the CEP","39","601","School is not eligible for either Title I Targeted Assistance or Schoolwide program","No"
mixed - most recent,"510189002788","Harvie Elementary","VA","Henrico County Public Schools","Primary","Regular school","No","Yes under the Community Eligibility Provision (CEP)","37","495","School is eligible for Title I Schoolwide program (SWP) and provides Title I Schoolwide program","No"
mixed - most recent,"510126000491","Haycock Elementary","VA","Fairfax County Public Schools","Primary","Regular school","No","Yes participating without using any Provision or the CEP","52","872","School is not eligible for either Title I Targeted Assistance or Schoolwide program","No"
mixed - most recent,"510126000492","Hayfield Elementary","VA","Fairfax County Public Schools","Primary","Regular school","No","Yes participating without using any Provision or the CEP","37","624","School is not eligible for either Title I Targeted Assistance or Schoolwide program","No"
mixed - most recent,"510126000493","HAYFIELD SECONDARY","VA","Fairfax County Public Schools","High","Regular school","No","Yes participating without using any Provision or the CEP","188","3145","School is not eligible for either Title I Targeted Assistance or Schoolwide program","Yes"
mixed - most recent,"510313002968","Haymarket Elementary","VA","Prince William County Public Schools","Primary","Regular school","No","Yes participating without using any Provision or the CEP","48","923","School is not eligible for either Title I Targeted Assistance or Schoolwide program","Yes"
mixed - most recent,"510027002659","HB Woodlawn Secondary Program","VA","Arlington County Public Schools","Not applicable","Other/alternative school","No","Yes participating without using any Provision or the CEP","52","","School is not eligible for either Title I Targeted Assistance or Schoolwide program","No"
mixed - most recent,"510324001374","HENDERSON MIDDLE","VA","Richmond City Public Schools","Middle","Regular school","No","Yes under the Community Eligibility Provision (CEP)","52","430","School is eligible for Title I Schoolwide program (SWP) and provides Title I Schoolwide program","No"
mixed - most recent,"510189002940","Henrico Community Academy","VA","Henrico County Public Schools","Not applicable","Other/alternative school","No","Missing/not reported","3","","School is not eligible for either Title I Targeted Assistance or Schoolwide program","No"
mixed - most recent,"510189000804","HENRICO HIGH","VA","Henrico County Public Schools","High","Regular school","No","Yes under the Community Eligibility Provision (CEP)","100","1348","School is not eligible for either Title I Targeted Assistance or Schoolwide program","Yes"
mixed - most recent,"510004202386","Henrico Juvenile Detention Home","VA","Department of Education State-Operated Educ Prgms","Not applicable","Other/alternative school","No","Missing/not reported","","","School is not eligible for either Title I Targeted Assistance or Schoolwide program","No"
mixed - most recent,"510189003098","HENRICO VIRTUAL ACADEMY","VA","Henrico County Public Schools","Other","Regular school","No","No","72","795","",""
mixed - most recent,"510183000770","Henry Clay Elementary","VA","Hanover County Public Schools","Primary","Regular school","No","Yes participating without using any Provision or the CEP","31","361","School is not eligible for either Title I Targeted Assistance or Schoolwide program","No"
mixed - most recent,"510189001128","Henry D. Ward Elementary","VA","Henrico County Public Schools","Primary","Regular school","No","Yes under the Community Eligibility Provision (CEP)","32","470","School is eligible for Title I Schoolwide program (SWP) and provides Title I Schoolwide program","No"
mixed - most recent,"510144000640","Henry Elementary","VA","Franklin County Public Schools","Primary","Regular school","No","Yes under the Community Eligibility Provision (CEP)","13","172","School is eligible for Title I Schoolwide program (SWP) and provides Title I Schoolwide program","No"
mixed - most recent,"510324001370","Henry Marsh III Elementary","VA","Richmond City Public Schools","Primary","Regular school","No","Yes under the Community Eligibility Provision (CEP)","34","493","School is eligible for Title I Schoolwide program (SWP) and provides Title I Schoolwide program","No"
mixed - most recent,"510313001951","HERBERT J. SAUNDERS MIDDLE","VA","Prince William County Public Schools","Middle","Regular school","No","Yes participating without using any Provision or the CEP","77","1271","School is not eligible for either Title I Targeted Assistance or Schoolwide program","Yes"
mixed - most recent,"510234000959","Heritage Elementary","VA","Lynchburg City Public Schools","Primary","Regular school","No","Yes under the Community Eligibility Provision (CEP)","36","475","School is eligible for Title I Schoolwide program (SWP) and provides Title I Schoolwide program","No"
mixed - most recent,"510264003015","HERITAGE HIGH SCHOOL GOVERNOR'S STEM ACADEMY","VA","Newport News City Public Schools","Not applicable","Vocational school","No","Missing/not reported","2","","School is not eligible for either Title I Targeted Assistance or Schoolwide program","No"
mixed - most recent,"510264001451","HERITAGE HIGH","VA","Newport News City Public Schools","High","Regular school","No","Yes under the Community Eligibility Provision (CEP)","79","1111","School is not eligible for either Title I Targeted Assistance or Schoolwide program","Yes"
mixed - most recent,"510234000960","HERITAGE HIGH","VA","Lynchburg City Public Schools","High","Regular school","No","Yes under the Community Eligibility Provision (CEP)","66","1073","School is not eligible for either Title I Targeted Assistance or Schoolwide program","No"
mixed - most recent,"510225002285","HERITAGE HIGH","VA","Loudoun County Public Schools","Other","Regular school","No","Yes participating without using any Provision or the CEP","125","1432","School is not eligible for either Title I Targeted Assistance or Schoolwide program","No"
mixed - most recent,"510333001452","Herman L. Horn Elementary","VA","Roanoke County Public Schools","Primary","Regular school","No","Yes under the Community Eligibility Provision (CEP)","33","407","School is eligible for Title I Schoolwide program (SWP) and provides Title I Schoolwide program","No"
mixed - most recent,"510384001688","Hermitage Elementary","VA","Virginia Beach City Public Schools","Primary","Regular school","No","Yes participating without using any Provision or the CEP","35","506","School is not eligible for either Title I Targeted Assistance or Schoolwide program","No"
mixed - most recent,"510189000806","HERMITAGE HIGH","VA","Henrico County Public Schools","High","Regular school","No","Yes under the Community Eligibility Provision (CEP)","96","1717","School is not eligible for either Title I Targeted Assistance or Schoolwide program","Yes"
mixed - most recent,"510126000494","Herndon Elementary","VA","Fairfax County Public Schools","Primary","Regular school","No","Yes participating without using any Provision or the CEP","53","808","School is eligible for Title I Schoolwide program (SWP) and provides Title I Schoolwide program","Yes"
mixed - most recent,"510126000495","HERNDON HIGH","VA","Fairfax County Public Schools","High","Regular school","No","Yes participating without using any Provision or the CEP","143","2361","School is not eligible for either Title I Targeted Assistance or Schoolwide program","No"
mixed - most recent,"510126000496","HERNDON MIDDLE","VA","Fairfax County Public Schools","Middle","Regular school","No","Yes participating without using any Provision or the CEP","81","958","School is not eligible for either Title I Targeted Assistance or Schoolwide program","Yes"
mixed - most recent,"510081000298","Hickory Elementary","VA","Chesapeake City Public Schools","Primary","Regular school","No","Yes participating without using any Provision or the CEP","36","585","School is not eligible for either Title I Targeted Assistance or Schoolwide program","No"
mixed - most recent,"510081001482","HICKORY HIGH","VA","Chesapeake City Public Schools","High","Regular school","No","Yes participating without using any Provision or the CEP","107","1581","School is not eligible for either Title I Targeted Assistance or Schoolwide program","No"
mixed - most recent,"510081000297","HICKORY MIDDLE","VA","Chesapeake City Public Schools","Middle","Regular school","No","Yes participating without using any Provision or the CEP","97","1336","School is not eligible for either Title I Targeted Assistance or Schoolwide program","No"
mixed - most recent,"510333002308","HIDDEN VALLEY HIGH","VA","Roanoke County Public Schools","High","Regular school","No","Yes participating without using any Provision or the CEP","58","830","School is not eligible for either Title I Targeted Assistance or Schoolwide program","No"
mixed - most recent,"510333001460","HIDDEN VALLEY MIDDLE","VA","Roanoke County Public Schools","Middle","Regular school","No","Yes participating without using any Provision or the CEP","42","578","School is not eligible for either Title I Targeted Assistance or Schoolwide program","No"
mixed - most recent,"510264001051","Hidenwood Elementary","VA","Newport News City Public Schools","Primary","Regular school","No","Yes under the Community Eligibility Provision (CEP)","31","522","School is eligible for Title I Schoolwide program (SWP) and provides Title I Schoolwide program","No"
mixed - most recent,"510390001744","High Point Elementary","VA","Washington County Public Schools","Primary","Regular school","No","Yes under the Community Eligibility Provision (CEP)","41","596","School is eligible for Title I Targeted Assistance (TAS) and provides TAS program","No"
mixed - most recent,"510195000861","Highland Elementary","VA","Highland County Public Schools","Primary","Regular school","No","Yes participating without using any Provision or the CEP","10","97","School is eligible for Title I Targeted Assistance (TAS) and provides TAS program","No"
mixed - most recent,"510195000862","HIGHLAND HIGH","VA","Highland County Public Schools","High","Regular school","No","Yes participating without using any Provision or the CEP","14","103","School is eligible for Title I Targeted Assistance (TAS) and provides TAS program","No"
mixed - most recent,"510330002161","Highland Park Elementary","VA","Roanoke City Public Schools","Primary","Regular school","No","Yes under the Community Eligibility Provision (CEP)","32","398","School is eligible for Title I Schoolwide program (SWP) and provides Title I Schoolwide program","No"
mixed - most recent,"510189000808","Highland Springs Elementary","VA","Henrico County Public Schools","Primary","Regular school","No","Yes under the Community Eligibility Provision (CEP)","48","532","School is eligible for Title I Schoolwide program (SWP) and provides Title I Schoolwide program","No"
mixed - most recent,"510189000809","HIGHLAND SPRINGS HIGH","VA","Henrico County Public Schools","High","Regular school","No","Yes under the Community Eligibility Provision (CEP)","114","2089","School is not eligible for either Title I Targeted Assistance or Schoolwide program","Yes"
mixed - most recent,"510045000175","Highland View Elementary","VA","Bristol City Public Schools","Primary","Regular school","No","Yes under the Community Eligibility Provision (CEP)","15","175","School is eligible for Title I Schoolwide program (SWP) and provides Title I Schoolwide program","No"
mixed - most recent,"510004202377","HIGHLANDS JUVENILE DETENTION HOME","VA","Department of Education State-Operated Educ Prgms","Not applicable","Other/alternative school","No","Missing/not reported","","","School is not eligible for either Title I Targeted Assistance or Schoolwide program","No"
mixed - most recent,"510387001636","Hilda J. Barbour Elementary","VA","Warren County Public Schools","Primary","Regular school","No","Yes under the Community Eligibility Provision (CEP)","29","469","School is eligible for Title I Schoolwide program (SWP) and provides Title I Schoolwide program","No"
mixed - most recent,"510371002777","Hillpoint Elementary","VA","Suffolk City Public Schools","Primary","Regular school","No","Yes under the Community Eligibility Provision (CEP)","46","737","School is eligible for Title I Schoolwide program (SWP) and provides Title I Schoolwide program","No"
mixed - most recent,"510225003028","HILLSBORO CHARTER ACADEMY","VA","Loudoun County Public Schools","Primary","Regular school","Yes","Missing/not reported","8","143","School is not eligible for either Title I Targeted Assistance or Schoolwide program","No"
mixed - most recent,"510225001855","Hillside Elementary","VA","Loudoun County Public Schools","Primary","Regular school","No","Yes participating without using any Provision or the CEP","43","627","School is not eligible for either Title I Targeted Assistance or Schoolwide program","No"
mixed - most recent,"510069000247","Hillsville Elementary","VA","Carroll County Public Schools","Primary","Regular school","No","Yes under the Community Eligibility Provision (CEP)","41","472","School is eligible for Title I Schoolwide program (SWP) and provides Title I Schoolwide program","No"
mixed - most recent,"510348001533","Hilton Elementary","VA","Scott County Public Schools","Primary","Regular school","No","Yes under the Community Eligibility Provision (CEP)","13","130","School is eligible for Title I Schoolwide program (SWP) and provides Title I Schoolwide program","No"
mixed - most recent,"510264001052","Hilton Elementary","VA","Newport News City Public Schools","Primary","Regular school","No","Yes under the Community Eligibility Provision (CEP)","22","382","School is not eligible for either Title I Targeted Assistance or Schoolwide program","Yes"
mixed - most recent,"510300001249","Hodges Manor Elementary","VA","Portsmouth City Public Schools","Primary","Regular school","No","Yes under the Community Eligibility Provision (CEP)","31","499","School is eligible for Title I Schoolwide program (SWP) and provides Title I Schoolwide program","No"
mixed - most recent,"510027001900","Hoffman-Boston Elementary","VA","Arlington County Public Schools","Primary","Regular school","No","Yes participating without using any Provision or the CEP","57","565","School is eligible for Title I Schoolwide program (SWP) and provides Title I Schoolwide program","No"
mixed - most recent,"510384001689","Holland Elementary","VA","Virginia Beach City Public Schools","Primary","Regular school","No","Yes under the Community Eligibility Provision (CEP)","41","460","School is eligible for Title I Schoolwide program (SWP) and provides Title I Schoolwide program","No"
mixed - most recent,"510126000499","Hollin Meadows Elementary","VA","Fairfax County Public Schools","Primary","Regular school","No","Yes under the Community Eligibility Provision (CEP)","46","607","School is eligible for Title I Schoolwide program (SWP) and provides Title I Schoolwide program","No"
mixed - most recent,"510009000022","Hollymead Elementary","VA","Albemarle County Public Schools","Primary","Regular school","No","Yes participating without using any Provision or the CEP","25","352","School is not eligible for either Title I Targeted Assistance or Schoolwide program","No"
mixed - most recent,"510189002833","HOLMAN MIDDLE","VA","Henrico County Public Schools","Middle","Regular school","No","Yes participating without using any Provision or the CEP","51","850","School is not eligible for either Title I Targeted Assistance or Schoolwide program","No"
mixed - most recent,"510126000500","HOLMES MIDDLE","VA","Fairfax County Public Schools","Middle","Regular school","No","Yes participating without using any Provision or the CEP","63","882","School is not eligible for either Title I Targeted Assistance or Schoolwide program","No"
mixed - most recent,"510390001745","HOLSTON HIGH","VA","Washington County Public Schools","High","Regular school","No","Yes under the Community Eligibility Provision (CEP)","23","245","School is not eligible for either Title I Targeted Assistance or Schoolwide program","No"
mixed - most recent,"510264001050","HOMER L. HINES MIDDLE","VA","Newport News City Public Schools","Middle","Regular school","No","Yes under the Community Eligibility Provision (CEP)","64","877","School is not eligible for either Title I Targeted Assistance or Schoolwide program","No"
mixed - most recent,"510342001521","Honaker Elementary","VA","Russell County Public Schools","Primary","Regular school","No","Yes under the Community Eligibility Provision (CEP)","47","579","School is eligible for Title I Schoolwide program (SWP) and provides Title I Schoolwide program","No"
mixed - most recent,"510342001522","HONAKER HIGH","VA","Russell County Public Schools","High","Regular school","No","Yes under the Community Eligibility Provision (CEP)","30","435","School is not eligible for either Title I Targeted Assistance or Schoolwide program","No"
mixed - most recent,"510351001542","Honey Run Elementary","VA","Shenandoah County Public Schools","Primary","Regular school","No","Yes under the Community Eligibility Provision (CEP)","40","564","School is eligible for Title I Schoolwide program (SWP) and provides Title I Schoolwide program","No"
mixed - most recent,"510198000867","HOPEWELL HIGH","VA","Hopewell City Public Schools","High","Regular school","No","Yes under the Community Eligibility Provision (CEP)","91","1136","School is not eligible for either Title I Targeted Assistance or Schoolwide program","No"
mixed - most recent,"510084000333","Hopkins Road Elementary","VA","Chesterfield County Public Schools","Primary","Regular school","No","Yes under the Community Eligibility Provision (CEP)","55","773","School is eligible for Title I Schoolwide program (SWP) and provides Title I Schoolwide program","No"
mixed - most recent,"510225001914","Horizon Elementary","VA","Loudoun County Public Schools","Primary","Regular school","No","Yes participating without using any Provision or the CEP","38","487","School is not eligible for either Title I Targeted Assistance or Schoolwide program","No"
mixed - most recent,"510225003086","Hovatter Elementary","VA","Loudoun County Public Schools","Primary","Regular school","No","Yes participating without using any Provision or the CEP","62","933","School is not eligible for either Title I Targeted Assistance or Schoolwide program","No"
mixed - most recent,"510036000149","Huddleston Elementary","VA","Bedford County Public Schools","Primary","Regular school","No","Yes under the Community Eligibility Provision (CEP)","16","212","School is eligible for Title I Schoolwide program (SWP) and provides Title I Schoolwide program","No"
mixed - most recent,"510151000660","Hugh Mercer Elementary","VA","Fredericksburg City Public Schools","Primary","Regular school","No","Yes under the Community Eligibility Provision (CEP)","56","959","School is eligible for Title I Schoolwide program (SWP) and provides Title I Schoolwide program","No"
mixed - most recent,"510126001839","HUGHES MIDDLE","VA","Fairfax County Public Schools","Middle","Regular school","No","Yes participating without using any Provision or the CEP","65","993","School is not eligible for either Title I Targeted Assistance or Schoolwide program","Yes"
mixed - most recent,"510081001672","Hugo A. Owens Middle","VA","Chesapeake City Public Schools","Middle","Regular school","No","Yes participating without using any Provision or the CEP","84","1315","School is not eligible for either Title I Targeted Assistance or Schoolwide program","No"
mixed - most recent,"510324002083","HUGUENOT HIGH","VA","Richmond City Public Schools","High","Regular school","No","Yes under the Community Eligibility Provision (CEP)","104","1551","School is eligible for Title I Schoolwide program (SWP) and provides Title I Schoolwide program","No"
mixed - most recent,"510189002440","HUNGARY CREEK MIDDLE","VA","Henrico County Public Schools","Middle","Regular school","No","Yes participating without using any Provision or the CEP","60","829","School is not eligible for either Title I Targeted Assistance or Schoolwide program","No"
mixed - most recent,"510126000501","Hunt Valley Elementary","VA","Fairfax County Public Schools","Primary","Regular school","No","Yes participating without using any Provision or the CEP","47","733","School is not eligible for either Title I Targeted Assistance or Schoolwide program","No"
mixed - most recent,"510180002811","Hunter B. Andrews","VA","Hampton City Public Schools","Primary","Regular school","No","Yes under the Community Eligibility Provision (CEP)","82","1131","School is eligible for Title I Schoolwide program (SWP) and provides Title I Schoolwide program","No"
mixed - most recent,"510126000502","Hunters Woods Elementary School for the Arts and Sciences","VA","Fairfax County Public Schools","Primary","Regular school","No","Yes participating without using any Provision or the CEP","45","731","School is not eligible for either Title I Targeted Assistance or Schoolwide program","Yes"
mixed - most recent,"510264001055","HUNTINGTON MIDDLE","VA","Newport News City Public Schools","Middle","Regular school","No","Yes under the Community Eligibility Provision (CEP)","30","411","School is not eligible for either Title I Targeted Assistance or Schoolwide program","No"
mixed - most recent,"510051002052","Hurley Elementary/Middle","VA","Buchanan County Public Schools","Primary","Regular school","No","Yes under the Community Eligibility Provision (CEP)","30","357","School is eligible for Title I Schoolwide program (SWP) and provides Title I Schoolwide program","No"
mixed - most recent,"510051000200","HURLEY HIGH","VA","Buchanan County Public Schools","High","Regular school","No","Yes under the Community Eligibility Provision (CEP)","19","216","School is not eligible for either Title I Targeted Assistance or Schoolwide program","No"
mixed - most recent,"510330001423","Hurt Park Elementary","VA","Roanoke City Public Schools","Primary","Regular school","No","Yes under the Community Eligibility Provision (CEP)","30","323","School is eligible for Title I Schoolwide program (SWP) and provides Title I Schoolwide program","No"
mixed - most recent,"510126000460","Hutchison Elementary","VA","Fairfax County Public Schools","Primary","Regular school","No","Yes under the Community Eligibility Provision (CEP)","77","1070","School is eligible for Title I Schoolwide program (SWP) and provides Title I Schoolwide program","No"
mixed - most recent,"510225002286","Hutchison Farm Elementary","VA","Loudoun County Public Schools","Primary","Regular school","No","Yes participating without using any Provision or the CEP","51","668","School is not eligible for either Title I Targeted Assistance or Schoolwide program","No"
mixed - most recent,"510126000503","Hybla Valley Elementary","VA","Fairfax County Public Schools","Primary","Regular school","No","Yes under the Community Eligibility Provision (CEP)","61","848","School is eligible for Title I Schoolwide program (SWP) and provides Title I Schoolwide program","No"
mixed - most recent,"510300001250","I.C. NORCOM HIGH","VA","Portsmouth City Public Schools","High","Regular school","No","Yes under the Community Eligibility Provision (CEP)","86","1043","School is not eligible for either Title I Targeted Assistance or Schoolwide program","Yes"
mixed - most recent,"510169000696","Independence Elementary","VA","Grayson County Public Schools","Primary","Regular school","No","Yes under the Community Eligibility Provision (CEP)","22","277","School is eligible for Title I Schoolwide program (SWP) and provides Title I Schoolwide program","No"
mixed - most recent,"510225003061","INDEPENDENCE HIGH","VA","Loudoun County Public Schools","High","Regular school","No","Yes participating without using any Provision or the CEP","135","2013","School is not eligible for either Title I Targeted Assistance or Schoolwide program","No"
mixed - most recent,"510384001690","INDEPENDENCE MIDDLE","VA","Virginia Beach City Public Schools","Middle","Regular school","No","Yes participating without using any Provision or the CEP","76","1189","School is not eligible for either Title I Targeted Assistance or Schoolwide program","No"
mixed - most recent,"510169002189","INDEPENDENCE MIDDLE","VA","Grayson County Public Schools","Middle","Regular school","No","Yes under the Community Eligibility Provision (CEP)","17","262","School is not eligible for either Title I Targeted Assistance or Schoolwide program","No"
mixed - most recent,"510313002459","INDEPENDENCE NONTRADITIONAL - HIGH SCHOOL","VA","Prince William County Public Schools","Not applicable","Other/alternative school","No","Missing/not reported","","","School is not eligible for either Title I Targeted Assistance or Schoolwide program","No"
mixed - most recent,"510313001302","INDEPENDENCE NONTRADITIONAL CENTER","VA","Prince William County Public Schools","Not applicable","Special education school","No","Yes under the Community Eligibility Provision (CEP)","62","","School is not eligible for either Title I Targeted Assistance or Schoolwide program","Yes"
mixed - most recent,"510009202362","INDEPENDENCE NONTRADITIONAL SCHOOL - MIDDLE","VA","INDEPENDENCE NONTRADITIONAL SCHOOL - MIDDLE","Not applicable","Other/alternative school","No","Missing/not reported","","0","School is not eligible for either Title I Targeted Assistance or Schoolwide program","No"
mixed - most recent,"510147002121","Indian Hollow Elementary","VA","Frederick County Public Schools","Primary","Regular school","No","Yes participating without using any Provision or the CEP","27","393","School is eligible for Title I Schoolwide program (SWP) and provides Title I Schoolwide program","No"
mixed - most recent,"510384001880","Indian Lakes Elementary","VA","Virginia Beach City Public Schools","Primary","Regular school","No","Yes participating without using any Provision or the CEP","34","537","School is not eligible for either Title I Targeted Assistance or Schoolwide program","No"
mixed - most recent,"510081000299","INDIAN RIVER HIGH","VA","Chesapeake City Public Schools","High","Regular school","No","Yes under the Community Eligibility Provision (CEP)","124","1701","School is not eligible for either Title I Targeted Assistance or Schoolwide program","No"
mixed - most recent,"510081000300","INDIAN RIVER MIDDLE","VA","Chesapeake City Public Schools","Middle","Regular school","No","Yes under the Community Eligibility Provision (CEP)","65","736","School is not eligible for either Title I Targeted Assistance or Schoolwide program","No"
mixed - most recent,"510135000620","Indian Valley Elementary","VA","Floyd County Public Schools","Primary","Regular school","No","Yes under the Community Eligibility Provision (CEP)","10","123","School is eligible for Title I Schoolwide program (SWP) and provides Title I Schoolwide program","No"
mixed - most recent,"510267001100","Ingleside Elementary","VA","Norfolk City Public Schools","Primary","Regular school","No","Yes under the Community Eligibility Provision (CEP)","37","574","School is eligible for Title I Schoolwide program (SWP) and provides Title I Schoolwide program","No"
mixed - most recent,"510313003125","Innovation Elementary","VA","Prince William County Public Schools","Missing/not reported","Regular school","No","","","","",""
mixed - most recent,"510027001067","Innovation Elementary","VA","Arlington County Public Schools","Primary","Regular school","No","Yes participating without using any Provision or the CEP","35","470","School is not eligible for either Title I Targeted Assistance or Schoolwide program","Yes"
mixed - most recent,"510027003068","INTEGRATION STATION","VA","Arlington County Public Schools","Prekindergarten","Regular school","No","Missing/not reported","14","34","School is not eligible for either Title I Targeted Assistance or Schoolwide program","No"
mixed - most recent,"510126000572","Interagency Alternative Secondary Center","VA","Fairfax County Public Schools","Not applicable","Other/alternative school","No","Missing/not reported","","","School is not eligible for either Title I Targeted Assistance or Schoolwide program","No"
mixed - most recent,"510126000504","IRVING MIDDLE","VA","Fairfax County Public Schools","Middle","Regular school","No","Yes participating without using any Provision or the CEP","77","1163","School is not eligible for either Title I Targeted Assistance or Schoolwide program","Yes"
mixed - most recent,"510189002844","ISEAP Program","VA","Henrico County Public Schools","Not applicable","Other/alternative school","No","Missing/not reported","","","School is not eligible for either Title I Targeted Assistance or Schoolwide program","No"
mixed - most recent,"510126002334","Island Creek Elementary","VA","Fairfax County Public Schools","Primary","Regular school","No","Yes participating without using any Provision or the CEP","49","693","School is not eligible for either Title I Targeted Assistance or Schoolwide program","No"
mixed - most recent,"510402002815","J. Blaine Blayton Elementary","VA","Williamsburg-James City County Public Schools","Primary","Regular school","No","Yes participating without using any Provision or the CEP","44","478","School is eligible for Title I Targeted Assistance (TAS) and provides TAS program","No"
mixed - most recent,"510339001498","J. FRANK HILLYARD MIDDLE","VA","Rockingham County Public Schools","Middle","Regular school","No","Yes participating without using any Provision or the CEP","51","665","School is not eligible for either Title I Targeted Assistance or Schoolwide program","No"
mixed - most recent,"510225000921","J. LUPTON SIMPSON MIDDLE","VA","Loudoun County Public Schools","Middle","Regular school","No","Yes participating without using any Provision or the CEP","77","974","School is not eligible for either Title I Targeted Assistance or Schoolwide program","No"
mixed - most recent,"510225002853","J. Michael Lunsford Middle","VA","Loudoun County Public Schools","Middle","Regular school","No","Yes participating without using any Provision or the CEP","93","1328","School is not eligible for either Title I Targeted Assistance or Schoolwide program","No"
mixed - most recent,"510084000334","J.A. Chalkley Elementary","VA","Chesterfield County Public Schools","Primary","Regular school","No","Yes under the Community Eligibility Provision (CEP)","64","842","School is eligible for Title I Schoolwide program (SWP) and provides Title I Schoolwide program","No"
mixed - most recent,"510324001863","J.B. Fisher Elementary","VA","Richmond City Public Schools","Primary","Regular school","No","Yes under the Community Eligibility Provision (CEP)","23","264","School is eligible for Title I Schoolwide program (SWP) and provides Title I Schoolwide program","No"
mixed - most recent,"510084000335","J.B. Watkins Elementary","VA","Chesterfield County Public Schools","Primary","Regular school","No","Yes participating without using any Provision or the CEP","49","814","School is not eligible for either Title I Targeted Assistance or Schoolwide program","No"
mixed - most recent,"510309001276","J.E.J. MOORE MIDDLE","VA","Prince George County Public Schools","Middle","Regular school","No","Yes participating without using any Provision or the CEP","109","1393","School is not eligible for either Title I Targeted Assistance or Schoolwide program","No"
mixed - most recent,"510084000336","J.G. Hening Elementary","VA","Chesterfield County Public Schools","Primary","Regular school","No","Yes under the Community Eligibility Provision (CEP)","64","819","School is eligible for Title I Schoolwide program (SWP) and provides Title I Schoolwide program","No"
mixed - most recent,"510276001162","J.I. BURTON HIGH","VA","Norton City Public Schools","High","Regular school","No","Yes under the Community Eligibility Provision (CEP)","24","312","School is not eligible for either Title I Targeted Assistance or Schoolwide program","No"
mixed - most recent,"510324001378","J.L. Francis Elementary","VA","Richmond City Public Schools","Primary","Regular school","No","Yes under the Community Eligibility Provision (CEP)","36","536","School is eligible for Title I Schoolwide program (SWP) and provides Title I Schoolwide program","No"
mixed - most recent,"510408001790","J.W. ADAMS COMBINED","VA","Wise County Public Schools","Primary","Regular school","No","Yes under the Community Eligibility Provision (CEP)","41","504","School is eligible for Title I Schoolwide program (SWP) and provides Title I Schoolwide program","No"
mixed - most recent,"510313002417","J.W. Alvey Elementary","VA","Prince William County Public Schools","Primary","Regular school","No","Yes participating without using any Provision or the CEP","33","599","School is not eligible for either Title I Targeted Assistance or Schoolwide program","Yes"
mixed - most recent,"510189000812","Jackson Davis Elementary","VA","Henrico County Public Schools","Primary","Regular school","No","Yes participating without using any Provision or the CEP","35","518","School is not eligible for either Title I Targeted Assistance or Schoolwide program","No"
mixed - most recent,"510411001799","Jackson Memorial Elementary","VA","Wythe County Public Schools","Primary","Regular school","No","Yes under the Community Eligibility Provision (CEP)","17","212","School is eligible for Title I Schoolwide program (SWP) and provides Title I Schoolwide program","No"
mixed - most recent,"510126000530","JACKSON MIDDLE","VA","Fairfax County Public Schools","Middle","Regular school","No","Yes participating without using any Provision or the CEP","71","1053","School is not eligible for either Title I Targeted Assistance or Schoolwide program","No"
mixed - most recent,"510009000024","Jackson P. Burley Middle","VA","Albemarle County Public Schools","Middle","Regular school","No","Yes participating without using any Provision or the CEP","48","586","School is not eligible for either Title I Targeted Assistance or Schoolwide program","No"
mixed - most recent,"510006302563","Jackson River Governor's School","VA","JACKSON RIVER GOVERNOR'S SCHOOL","Not applicable","Regular school","No","Missing/not reported","","0","School is not eligible for either Title I Targeted Assistance or Schoolwide program","Yes"
mixed - most recent,"510015203122","Jackson River Tech Ctr","VA","Alleghany Highlands Public Schools","Not applicable","Vocational school","No","No","","","",""
mixed - most recent,"510000402016","JACKSON RIVER TECH CTR","VA","Jackson River Technical Center","Not applicable","Vocational school","No","Missing/not reported","","0","School is not eligible for either Title I Targeted Assistance or Schoolwide program","No"
mixed - most recent,"510078000276","Jackson-Via Elementary","VA","Charlottesville City Public Schools","Primary","Regular school","No","Yes under the Community Eligibility Provision (CEP)","30","344","School is eligible for Title I Schoolwide program (SWP) and provides Title I Schoolwide program","No"
mixed - most recent,"510189000813","Jacob L. Adams Elementary","VA","Henrico County Public Schools","Primary","Regular school","No","Yes under the Community Eligibility Provision (CEP)","32","464","School is eligible for Title I Schoolwide program (SWP) and provides Title I Schoolwide program","No"
mixed - most recent,"510084002098","Jacobs Road Elementary","VA","Chesterfield County Public Schools","Primary","Regular school","No","Yes under the Community Eligibility Provision (CEP)","50","717","School is eligible for Title I Schoolwide program (SWP) and provides Title I Schoolwide program","No"
mixed - most recent,"510267001101","Jacox Elementary","VA","Norfolk City Public Schools","Primary","Regular school","No","Yes under the Community Eligibility Provision (CEP)","44","568","School is eligible for Title I Schoolwide program (SWP) and provides Title I Schoolwide program","No"
mixed - most recent,"510402003054","JAMES BLAIR MIDDLE","VA","Williamsburg-James City County Public Schools","Middle","Regular school","No","Yes under the Community Eligibility Provision (CEP)","38","545","School is not eligible for either Title I Targeted Assistance or Schoolwide program","No"
mixed - most recent,"510132002533","James G. Brumfield Elementary","VA","Fauquier County Public Schools","Primary","Regular school","No","Yes participating without using any Provision or the CEP","35","496","School is not eligible for either Title I Targeted Assistance or Schoolwide program","No"
mixed - most recent,"510120000420","JAMES H. CARY INTERMEDIATE","VA","Essex County Public Schools","Middle","Regular school","No","Yes under the Community Eligibility Provision (CEP)","31","333","School is eligible for Title I Schoolwide program (SWP) and provides Title I Schoolwide program","No"
mixed - most recent,"510012000043","James K. Polk Elementary","VA","Alexandria City Public Schools","Primary","Regular school","No","Yes under the Community Eligibility Provision (CEP)","53","803","School is eligible for Title I Schoolwide program (SWP) and provides Title I Schoolwide program","No"
mixed - most recent,"510330001424","JAMES MADISON MIDDLE","VA","Roanoke City Public Schools","Middle","Regular school","No","Yes under the Community Eligibility Provision (CEP)","40","580","School is not eligible for either Title I Targeted Assistance or Schoolwide program","No"
mixed - most recent,"510267002211","James Monroe Elementary","VA","Norfolk City Public Schools","Primary","Regular school","No","Yes under the Community Eligibility Provision (CEP)","26","270","School is eligible for Title I Schoolwide program (SWP) and provides Title I Schoolwide program","No"
mixed - most recent,"510151000661","JAMES MONROE HIGH","VA","Fredericksburg City Public Schools","High","Regular school","No","Yes under the Community Eligibility Provision (CEP)","77","1002","School is not eligible for either Title I Targeted Assistance or Schoolwide program","No"
mixed - most recent,"510402000705","James River Elementary","VA","Williamsburg-James City County Public Schools","Primary","Regular school","No","Yes under the Community Eligibility Provision (CEP)","39","431","School is eligible for Title I Schoolwide program (SWP) and provides Title I Schoolwide program","No"
mixed - most recent,"510084000766","JAMES RIVER HIGH","VA","Chesterfield County Public Schools","High","Regular school","No","Yes participating without using any Provision or the CEP","113","1926","School is not eligible for either Title I Targeted Assistance or Schoolwide program","No"
mixed - most recent,"510042000171","JAMES RIVER HIGH","VA","Botetourt County Public Schools","High","Regular school","No","Yes participating without using any Provision or the CEP","33","460","School is not eligible for either Title I Targeted Assistance or Schoolwide program","No"
mixed - most recent,"510048000182","James S. Russell Middle","VA","Brunswick County Public Schools","Middle","Regular school","No","Yes under the Community Eligibility Provision (CEP)","18","312","School is eligible for Title I Schoolwide program (SWP) and provides Title I Schoolwide program","No"
mixed - most recent,"510147000652","JAMES WOOD HIGH","VA","Frederick County Public Schools","High","Regular school","No","Yes participating without using any Provision or the CEP","113","1437","School is not eligible for either Title I Targeted Assistance or Schoolwide program","No"
mixed - most recent,"510147000523","JAMES WOOD MIDDLE","VA","Frederick County Public Schools","Middle","Regular school","No","Yes participating without using any Provision or the CEP","56","803","School is not eligible for either Title I Targeted Assistance or Schoolwide program","No"
mixed - most recent,"510027000097","Jamestown Elementary","VA","Arlington County Public Schools","Primary","Regular school","No","Yes participating without using any Provision or the CEP","41","482","School is not eligible for either Title I Targeted Assistance or Schoolwide program","No"
mixed - most recent,"510402001665","JAMESTOWN HIGH","VA","Williamsburg-James City County Public Schools","High","Regular school","No","Yes participating without using any Provision or the CEP","72","1229","School is not eligible for either Title I Targeted Assistance or Schoolwide program","No"
mixed - most recent,"510180000743","Jane H. Bryan Elementary","VA","Hampton City Public Schools","Primary","Regular school","No","Yes under the Community Eligibility Provision (CEP)","29","376","School is eligible for Title I Schoolwide program (SWP) and provides Title I Schoolwide program","No"
mixed - most recent,"510036002175","JEFFERSON FOREST HIGH","VA","Bedford County Public Schools","High","Regular school","No","Yes participating without using any Provision or the CEP","88","1309","School is not eligible for either Title I Targeted Assistance or Schoolwide program","No"
mixed - most recent,"510027000098","JEFFERSON MIDDLE","VA","Arlington County Public Schools","Middle","Regular school","No","Yes participating without using any Provision or the CEP","82","1053","School is not eligible for either Title I Targeted Assistance or Schoolwide program","No"
mixed - most recent,"510012000044","Jefferson-Houston PK-8 School","VA","Alexandria City Public Schools","Primary","Regular school","No","Yes under the Community Eligibility Provision (CEP)","58","636","School is eligible for Title I Schoolwide program (SWP) and provides Title I Schoolwide program","No"
mixed - most recent,"510236000977","Jennie Dean Elementary","VA","Manassas City Public Schools","Primary","Regular school","No","Yes under the Community Eligibility Provision (CEP)","37","589","School is eligible for Title I Schoolwide program (SWP) and provides Title I Schoolwide program","No"
mixed - most recent,"510129002971","Jessie Thackrey  Preschool","VA","Falls Church City Public Schools","Prekindergarten","Regular school","No","Yes participating without using any Provision or the CEP","8","63","School is not eligible for either Title I Targeted Assistance or Schoolwide program","No"
mixed - most recent,"510015200369","Jeter-Watson Elementary","VA","Alleghany Highlands Public Schools","Primary","Regular school","No","Yes under the Community Eligibility Provision (CEP)","41","638","",""
mixed - most recent,"510012000045","John Adams Elementary","VA","Alexandria City Public Schools","Primary","Regular school","No","Yes under the Community Eligibility Provision (CEP)","51","731","School is eligible for Title I Schoolwide program (SWP) and provides Title I Schoolwide program","Yes"
mixed - most recent,"510324001379","John B. Cary Elementary","VA","Richmond City Public Schools","Primary","Regular school","No","Yes under the Community Eligibility Provision (CEP)","18","263","School is eligible for Title I Schoolwide program (SWP) and provides Title I Schoolwide program","No"
mixed - most recent,"510384001691","John B. Dey Elementary","VA","Virginia Beach City Public Schools","Primary","Regular school","No","Yes participating without using any Provision or the CEP","43","775","School is not eligible for either Title I Targeted Assistance or Schoolwide program","No"
mixed - most recent,"510339001869","John C. Myers Elementary","VA","Rockingham County Public Schools","Primary","Regular school","No","Yes participating without using any Provision or the CEP","37","496","School is eligible for Title I Schoolwide program (SWP) and provides Title I Schoolwide program","No"
mixed - most recent,"510225002865","John Champe High","VA","Loudoun County Public Schools","High","Regular school","No","Yes participating without using any Provision or the CEP","126","1598","School is not eligible for either Title I Targeted Assistance or Schoolwide program","No"
mixed - most recent,"510313003065","John D. Jenkins Elementary","VA","Prince William County Public Schools","Primary","Regular school","No","Yes under the Community Eligibility Provision (CEP)","45","631","School is eligible for Title I Schoolwide program (SWP) and provides Title I Schoolwide program","Yes"
mixed - most recent,"510371001621","JOHN F. KENNEDY MIDDLE","VA","Suffolk City Public Schools","Middle","Regular school","No","Yes under the Community Eligibility Provision (CEP)","42","544","School is not eligible for either Title I Targeted Assistance or Schoolwide program","No"
mixed - most recent,"510313001303","John F. Pattie Sr. Elementary","VA","Prince William County Public Schools","Primary","Regular school","No","Yes participating without using any Provision or the CEP","70","924","School is not eligible for either Title I Targeted Assistance or Schoolwide program","Yes"
mixed - most recent,"510405001780","JOHN HANDLEY HIGH","VA","Winchester City Public Schools","High","Regular school","No","Yes under the Community Eligibility Provision (CEP)","122","1384","School is not eligible for either Title I Targeted Assistance or Schoolwide program","No"
mixed - most recent,"510364002793","John J. Wright Educational And Cultural Center","VA","Spotsylvania County Public Schools","Not applicable","Other/alternative school","No","Yes under the Community Eligibility Provision (CEP)","","","School is not eligible for either Title I Targeted Assistance or Schoolwide program","No"
mixed - most recent,"510405003024","John Kerr Elementary","VA","Winchester City Public Schools","Primary","Regular school","No","Yes under the Community Eligibility Provision (CEP)","38","526","School is eligible for Title I Schoolwide program (SWP) and provides Title I Schoolwide program","No"
mixed - most recent,"510294001219","John L. Hurt Elementary","VA","Pittsylvania County Public Schools","Primary","Regular school","No","Yes under the Community Eligibility Provision (CEP)","20","248","School is eligible for Title I Schoolwide program (SWP) and provides Title I Schoolwide program","No"
mixed - most recent,"510183000771","John M. Gandy Elementary","VA","Hanover County Public Schools","Primary","Regular school","No","Yes participating without using any Provision or the CEP","24","322","School is not eligible for either Title I Targeted Assistance or Schoolwide program","No"
mixed - most recent,"510264002857","John Marshall Early Childhood Center","VA","Newport News City Public Schools","Primary","Regular school","No","Yes under the Community Eligibility Provision (CEP)","11","234","School is eligible for Title I Schoolwide program (SWP) and provides Title I Schoolwide program","No"
mixed - most recent,"510324002080","JOHN MARSHALL HIGH","VA","Richmond City Public Schools","High","Regular school","No","Yes under the Community Eligibility Provision (CEP)","60","600","School is eligible for Title I Schoolwide program (SWP) and provides Title I Schoolwide program","No"
mixed - most recent,"510318001858","John N. Dalton Intermediate","VA","Radford City Public Schools","Middle","Regular school","No","Yes under the Community Eligibility Provision (CEP)","17","235","School is not eligible for either Title I Targeted Assistance or Schoolwide program","No"
mixed - most recent,"510330001434","JOHN P. FISHWICK MIDDLE","VA","Roanoke City Public Schools","Middle","Regular school","No","Yes under the Community Eligibility Provision (CEP)","38","501","School is eligible for Title I Schoolwide program (SWP) and provides Title I Schoolwide program","No"
mixed - most recent,"510189000811","John Randolph Tucker High","VA","Henrico County Public Schools","High","Regular school","No","Yes participating without using any Provision or the CEP","108","1916","School is not eligible for either Title I Targeted Assistance or Schoolwide program","Yes"
mixed - most recent,"510189001850","John Rolfe Middle","VA","Henrico County Public Schools","Middle","Regular school","No","Yes under the Community Eligibility Provision (CEP)","68","764","School is not eligible for either Title I Targeted Assistance or Schoolwide program","No"
mixed - most recent,"510390001746","JOHN S. BATTLE HIGH","VA","Washington County Public Schools","High","Regular school","No","Yes under the Community Eligibility Provision (CEP)","46","659","School is not eligible for either Title I Targeted Assistance or Schoolwide program","No"
mixed - most recent,"510225002287","John W. Tolbert Jr. Elementary","VA","Loudoun County Public Schools","Primary","Regular school","No","Yes participating without using any Provision or the CEP","45","626","School is not eligible for either Title I Targeted Assistance or Schoolwide program","No"
mixed - most recent,"510339001499","John W. Wayland Elementary","VA","Rockingham County Public Schools","Primary","Regular school","No","Yes participating without using any Provision or the CEP","38","516","School is not eligible for either Title I Targeted Assistance or Schoolwide program","No"
mixed - most recent,"510371001623","JOHN YEATES MIDDLE","VA","Suffolk City Public Schools","Middle","Regular school","No","Yes under the Community Eligibility Provision (CEP)","37","506","School is not eligible for either Title I Targeted Assistance or Schoolwide program","No"
mixed - most recent,"510078000266","Johnson Elementary","VA","Charlottesville City Public Schools","Primary","Regular school","No","Yes under the Community Eligibility Provision (CEP)","27","322","School is eligible for Title I Schoolwide program (SWP) and provides Title I Schoolwide program","No"
mixed - most recent,"510126000518","JOHNSON MIDDLE","VA","Fairfax County Public Schools","Middle","Regular school","No","Yes participating without using any Provision or the CEP","74","1072","School is not eligible for either Title I Targeted Assistance or Schoolwide program","No"
mixed - most recent,"510087000353","JOHNSON-WILLIAMS MIDDLE","VA","Clarke County Public Schools","Middle","Regular school","No","Yes participating without using any Provision or the CEP","27","425","School is not eligible for either Title I Targeted Assistance or Schoolwide program","No"
mixed - most recent,"510081001954","JOLLIFF MIDDLE","VA","Chesapeake City Public Schools","Middle","Regular school","No","Yes participating without using any Provision or the CEP","55","702","School is not eligible for either Title I Targeted Assistance or Schoolwide program","No"
mixed - most recent,"510219000896","JONESVILLE MIDDLE","VA","Lee County Public Schools","Middle","Regular school","No","Yes under the Community Eligibility Provision (CEP)","21","248","School is eligible for Title I Schoolwide program (SWP) and provides Title I Schoolwide program","No"
mixed - most recent,"510147003071","Jordan Springs Elementary","VA","Frederick County Public Schools","Primary","Regular school","No","Yes participating without using any Provision or the CEP","37","566","School is eligible for Title I Schoolwide program (SWP) and provides Title I Schoolwide program","No"
mixed - most recent,"510236000738","Joseph B. Johnson Learning Center","VA","Manassas City Public Schools","Not applicable","Other/alternative school","No","Missing/not reported","","","School is not eligible for either Title I Targeted Assistance or Schoolwide program","No"
mixed - most recent,"510264001059","Joseph H. Saunders Elementary","VA","Newport News City Public Schools","Primary","Regular school","No","Yes under the Community Eligibility Provision (CEP)","38","621","School is eligible for Title I Schoolwide program (SWP) and provides Title I Schoolwide program","No"
mixed - most recent,"510141002431","JOSEPH P. KING JR. MIDDLE","VA","Franklin City Public Schools","Middle","Regular school","No","Yes under the Community Eligibility Provision (CEP)","14","164","School is eligible for Title I Schoolwide program (SWP) and provides Title I Schoolwide program","No"
mixed - most recent,"510009000025","Joseph T. Henley Middle","VA","Albemarle County Public Schools","Middle","Regular school","No","Yes participating without using any Provision or the CEP","57","808","School is not eligible for either Title I Targeted Assistance or Schoolwide program","No"
mixed - most recent,"510045000176","Joseph Van Pelt Elementary","VA","Bristol City Public Schools","Primary","Regular school","No","Yes under the Community Eligibility Provision (CEP)","35","417","School is eligible for Title I Schoolwide program (SWP) and provides Title I Schoolwide program","No"
mixed - most recent,"510228002036","Jouett Elementary","VA","Louisa County Public Schools","Primary","Regular school","No","Yes under the Community Eligibility Provision (CEP)","41","621","School is eligible for Title I Schoolwide program (SWP) and provides Title I Schoolwide program","No"
mixed - most recent,"510009000023","Journey Middle","VA","Albemarle County Public Schools","Middle","Regular school","No","Yes participating without using any Provision or the CEP","52","631","School is not eligible for either Title I Targeted Assistance or Schoolwide program","No"
mixed - most recent,"510126000505","JUSTICE HIGH","VA","Fairfax County Public Schools","High","Regular school","No","Yes under the Community Eligibility Provision (CEP)","146","2362","School is not eligible for either Title I Targeted Assistance or Schoolwide program","No"
mixed - most recent,"510393001755","KATE COLLINS MIDDLE","VA","Waynesboro City Public Schools","Middle","Regular school","No","Yes under the Community Eligibility Provision (CEP)","59","644","School is not eligible for either Title I Targeted Assistance or Schoolwide program","No"
mixed - most recent,"510366002320","Kate Waller Barrett Elementary","VA","Stafford County Public Schools","Primary","Regular school","No","Yes under the Community Eligibility Provision (CEP)","52","774","School is eligible for Title I Targeted Assistance (TAS) and provides TAS program","No"
mixed - most recent,"510264001061","Katherine Johnson Elementary","VA","Newport News City Public Schools","Primary","Regular school","No","Yes under the Community Eligibility Provision (CEP)","33","525","School is eligible for Title I Schoolwide program (SWP) and provides Title I Schoolwide program","No"
mixed - most recent,"510180000747","KECOUGHTAN HIGH","VA","Hampton City Public Schools","High","Regular school","No","Yes under the Community Eligibility Provision (CEP)","113","1564","School is not eligible for either Title I Targeted Assistance or Schoolwide program","No"
mixed - most recent,"510126000508","Keene Mill Elementary","VA","Fairfax County Public Schools","Primary","Regular school","No","Yes participating without using any Provision or the CEP","44","769","School is not eligible for either Title I Targeted Assistance or Schoolwide program","No"
mixed - most recent,"510006000009","Kegotank Elementary","VA","Accomack County Public Schools","Primary","Regular school","No","Yes under the Community Eligibility Provision (CEP)","35","479","School is eligible for Title I Schoolwide program (SWP) and provides Title I Schoolwide program","No"
mixed - most recent,"510186000783","Keister Elementary","VA","Harrisonburg City Public Schools","Primary","Regular school","No","Yes under the Community Eligibility Provision (CEP)","38","526","School is eligible for Title I Schoolwide program (SWP) and provides Title I Schoolwide program","No"
mixed - most recent,"510384001693","Kempsville Elementary","VA","Virginia Beach City Public Schools","Primary","Regular school","No","Yes participating without using any Provision or the CEP","34","469","School is not eligible for either Title I Targeted Assistance or Schoolwide program","No"
mixed - most recent,"510384001694","KEMPSVILLE HIGH","VA","Virginia Beach City Public Schools","High","Regular school","No","Yes participating without using any Provision or the CEP","112","2006","School is not eligible for either Title I Targeted Assistance or Schoolwide program","No"
mixed - most recent,"510384001696","Kempsville Meadows Elementary","VA","Virginia Beach City Public Schools","Primary","Regular school","No","Yes participating without using any Provision or the CEP","34","470","School is not eligible for either Title I Targeted Assistance or Schoolwide program","No"
mixed - most recent,"510384001695","KEMPSVILLE MIDDLE","VA","Virginia Beach City Public Schools","Middle","Regular school","No","Yes participating without using any Provision or the CEP","49","738","School is not eligible for either Title I Targeted Assistance or Schoolwide program","No"
mixed - most recent,"510231000946","Kenbridge Elementary","VA","Lunenburg County Public Schools","Primary","Regular school","No","Yes under the Community Eligibility Provision (CEP)","28","370","School is eligible for Title I Schoolwide program (SWP) and provides Title I Schoolwide program","No"
mixed - most recent,"510027000099","KENMORE MIDDLE","VA","Arlington County Public Schools","Middle","Regular school","No","Yes participating without using any Provision or the CEP","75","994","School is not eligible for either Title I Targeted Assistance or Schoolwide program","No"
mixed - most recent,"510225002809","Kenneth W.Culbert Elementary","VA","Loudoun County Public Schools","Primary","Regular school","No","Yes participating without using any Provision or the CEP","36","430","School is not eligible for either Title I Targeted Assistance or Schoolwide program","No"
mixed - most recent,"510126000509","Kent Gardens Elementary","VA","Fairfax County Public Schools","Primary","Regular school","No","Yes participating without using any Provision or the CEP","60","1023","School is not eligible for either Title I Targeted Assistance or Schoolwide program","Yes"
mixed - most recent,"510294001220","Kentuck Elementary","VA","Pittsylvania County Public Schools","Primary","Regular school","No","Yes under the Community Eligibility Provision (CEP)","38","510","School is eligible for Title I Schoolwide program (SWP) and provides Title I Schoolwide program","No"
mixed - most recent,"510313001304","Kerrydale Elementary","VA","Prince William County Public Schools","Primary","Regular school","No","Yes under the Community Eligibility Provision (CEP)","27","340","School is eligible for Title I Schoolwide program (SWP) and provides Title I Schoolwide program","Yes"
mixed - most recent,"510183002506","Kersey Creek Elementary","VA","Hanover County Public Schools","Primary","Regular school","No","Yes participating without using any Provision or the CEP","44","701","School is not eligible for either Title I Targeted Assistance or Schoolwide program","No"
mixed - most recent,"510132002785","Kettle Run High","VA","Fauquier County Public Schools","High","Regular school","No","Yes participating without using any Provision or the CEP","86","1207","School is not eligible for either Title I Targeted Assistance or Schoolwide program","No"
mixed - most recent,"510126000510","KEY CENTER","VA","Fairfax County Public Schools","Other","Special education school","No","Missing/not reported","16","52","School is not eligible for either Title I Targeted Assistance or Schoolwide program","No"
mixed - most recent,"510126000511","KEY MIDDLE","VA","Fairfax County Public Schools","Middle","Regular school","No","Yes under the Community Eligibility Provision (CEP)","54","680","School is not eligible for either Title I Targeted Assistance or Schoolwide program","No"
mixed - most recent,"510371001877","Kilby Shores Elementary","VA","Suffolk City Public Schools","Primary","Regular school","No","Yes under the Community Eligibility Provision (CEP)","31","449","School is eligible for Title I Schoolwide program (SWP) and provides Title I Schoolwide program","No"
mixed - most recent,"510126000512","KILMER CENTER","VA","Fairfax County Public Schools","Other","Special education school","No","Missing/not reported","19","53","School is not eligible for either Title I Targeted Assistance or Schoolwide program","No"
mixed - most recent,"510126000513","KILMER MIDDLE","VA","Fairfax County Public Schools","Middle","Regular school","No","Yes participating without using any Provision or the CEP","68","1148","School is not eligible for either Title I Targeted Assistance or Schoolwide program","No"
mixed - most recent,"510264000358","Kiln Creek Elementary","VA","Newport News City Public Schools","Primary","Regular school","No","Yes under the Community Eligibility Provision (CEP)","37","618","School is not eligible for either Title I Targeted Assistance or Schoolwide program","No"
mixed - most recent,"510207000879","King & Queen Elementary","VA","King and Queen County Public Schools","Primary","Regular school","No","Yes under the Community Eligibility Provision (CEP)","18","274","School is eligible for Title I Targeted Assistance (TAS) and provides TAS program","No"
mixed - most recent,"510210000881","King George Elementary","VA","King George County Public Schools","Primary","Regular school","No","Yes participating without using any Provision or the CEP","55","744","School is eligible for Title I Schoolwide program (SWP) and provides Title I Schoolwide program","No"
mixed - most recent,"510210000882","KING GEORGE HIGH","VA","King George County Public Schools","High","Regular school","No","Yes participating without using any Provision or the CEP","96","1489","School is not eligible for either Title I Targeted Assistance or Schoolwide program","No"
mixed - most recent,"510210000883","KING GEORGE MIDDLE","VA","King George County Public Schools","Middle","Regular school","No","Yes participating without using any Provision or the CEP","73","1001","School is not eligible for either Title I Targeted Assistance or Schoolwide program","No"
mixed - most recent,"510212000886","KING WILLIAM HIGH","VA","King William County Public Schools","High","Regular school","No","Yes participating without using any Provision or the CEP","48","696","School is not eligible for either Title I Targeted Assistance or Schoolwide program","No"
mixed - most recent,"510371002426","KING'S FORK HIGH","VA","Suffolk City Public Schools","High","Regular school","No","Yes under the Community Eligibility Provision (CEP)","109","1697","School is not eligible for either Title I Targeted Assistance or Schoolwide program","No"
mixed - most recent,"510371002321","KING'S FORK MIDDLE","VA","Suffolk City Public Schools","Middle","Regular school","No","Yes under the Community Eligibility Provision (CEP)","73","1031","School is not eligible for either Title I Targeted Assistance or Schoolwide program","No"
mixed - most recent,"510384001697","King's Grant Elementary","VA","Virginia Beach City Public Schools","Primary","Regular school","No","Yes under the Community Eligibility Provision (CEP)","37","500","School is not eligible for either Title I Targeted Assistance or Schoolwide program","No"
mixed - most recent,"510003802280","KINGS DAUGHTERS HOSP. EP.","VA","KINGS DAUGHTERS","Other","Special education school","No","Missing/not reported","","0","School is not eligible for either Title I Targeted Assistance or Schoolwide program","No"
mixed - most recent,"510126001840","Kings Glen Elementary","VA","Fairfax County Public Schools","Middle","Regular school","No","Yes participating without using any Provision or the CEP","29","422","School is not eligible for either Title I Targeted Assistance or Schoolwide program","No"
mixed - most recent,"510126000514","Kings Park Elementary","VA","Fairfax County Public Schools","Primary","Regular school","No","Yes participating without using any Provision or the CEP","45","645","School is not eligible for either Title I Targeted Assistance or Schoolwide program","No"
mixed - most recent,"510384001698","Kingston Elementary","VA","Virginia Beach City Public Schools","Primary","Regular school","No","Yes participating without using any Provision or the CEP","31","507","School is not eligible for either Title I Targeted Assistance or Schoolwide program","No"
mixed - most recent,"510252000916","Kipps Elementary","VA","Montgomery County Public Schools","Primary","Regular school","No","Yes participating without using any Provision or the CEP","28","369","School is not eligible for either Title I Targeted Assistance or Schoolwide program","No"
mixed - most recent,"510271000555","Kiptopeke Elementary","VA","Northampton County Public Schools","Primary","Regular school","No","Yes under the Community Eligibility Provision (CEP)","30","351","School is eligible for Title I Schoolwide program (SWP) and provides Title I Schoolwide program","No"
mixed - most recent,"510264001068","Knollwood Meadows Elementary","VA","Newport News City Public Schools","Primary","Regular school","No","Yes under the Community Eligibility Provision (CEP)","32","456","School is not eligible for either Title I Targeted Assistance or Schoolwide program","No"
mixed - most recent,"510313003037","Kyle R. Wilson Elementary","VA","Prince William County Public Schools","Primary","Regular school","No","Yes participating without using any Provision or the CEP","52","908","School is not eligible for either Title I Targeted Assistance or Schoolwide program","Yes"
mixed - most recent,"510189001622","L. DOUGLAS WILDER MIDDLE","VA","Henrico County Public Schools","Middle","Regular school","No","Yes under the Community Eligibility Provision (CEP)","49","761","School is not eligible for either Title I Targeted Assistance or Schoolwide program","No"
mixed - most recent,"510408001797","L.F. ADDINGTON MIDDLE","VA","Wise County Public Schools","Middle","Regular school","No","Yes under the Community Eligibility Provision (CEP)","40","451","School is not eligible for either Title I Targeted Assistance or Schoolwide program","No"
mixed - most recent,"510264001060","L.F. Palmer Elementary","VA","Newport News City Public Schools","Primary","Regular school","No","Yes under the Community Eligibility Provision (CEP)","27","433","School is eligible for Title I Schoolwide program (SWP) and provides Title I Schoolwide program","No"
mixed - most recent,"510309001277","L.L. Beazley Elementary","VA","Prince George County Public Schools","Primary","Regular school","No","Yes participating without using any Provision or the CEP","41","584","School is eligible for Title I Schoolwide program (SWP) and provides Title I Schoolwide program","No"
mixed - most recent,"510189000814","Laburnum Elementary","VA","Henrico County Public Schools","Primary","Regular school","No","Yes under the Community Eligibility Provision (CEP)","37","456","School is eligible for Title I Schoolwide program (SWP) and provides Title I Schoolwide program","No"
mixed - most recent,"510339002163","Lacey Spring Elementary","VA","Rockingham County Public Schools","Primary","Regular school","No","Yes participating without using any Provision or the CEP","18","229","School is eligible for Title I Schoolwide program (SWP) and provides Title I Schoolwide program","No"
mixed - most recent,"510246001006","LaCrosse Elementary","VA","Mecklenburg County Public Schools","Primary","Regular school","No","Yes under the Community Eligibility Provision (CEP)","23","360","School is eligible for Title I Schoolwide program (SWP) and provides Title I Schoolwide program","No"
mixed - most recent,"510151002468","Lafayette Elementary","VA","Fredericksburg City Public Schools","Primary","Regular school","No","Yes under the Community Eligibility Provision (CEP)","51","912","School is eligible for Title I Schoolwide program (SWP) and provides Title I Schoolwide program","No"
mixed - most recent,"510402001773","LAFAYETTE HIGH","VA","Williamsburg-James City County Public Schools","High","Regular school","No","Yes participating without using any Provision or the CEP","70","1208","School is not eligible for either Title I Targeted Assistance or Schoolwide program","No"
mixed - most recent,"510126000515","Lake Anne Elementary","VA","Fairfax County Public Schools","Primary","Regular school","No","Yes participating without using any Provision or the CEP","44","600","School is not eligible for either Title I Targeted Assistance or Schoolwide program","Yes"
mixed - most recent,"510126000516","LAKE BRADDOCK SECONDARY","VA","Fairfax County Public Schools","High","Regular school","No","Yes participating without using any Provision or the CEP","260","4377","School is not eligible for either Title I Targeted Assistance or Schoolwide program","Yes"
mixed - most recent,"510313001997","Lake Ridge Elementary","VA","Prince William County Public Schools","Primary","Regular school","No","Yes participating without using any Provision or the CEP","41","699","School is not eligible for either Title I Targeted Assistance or Schoolwide program","Yes"
mixed - most recent,"510313002158","LAKE RIDGE MIDDLE","VA","Prince William County Public Schools","Middle","Regular school","No","Yes participating without using any Provision or the CEP","84","1368","School is not eligible for either Title I Targeted Assistance or Schoolwide program","Yes"
mixed - most recent,"510267001104","LAKE TAYLOR HIGH","VA","Norfolk City Public Schools","High","Regular school","No","Yes under the Community Eligibility Provision (CEP)","65","1030","School is not eligible for either Title I Targeted Assistance or Schoolwide program","No"
mixed - most recent,"510267001105","LAKE TAYLOR","VA","Norfolk City Public Schools","Primary","Regular school","No","Yes under the Community Eligibility Provision (CEP)","52","626","School is eligible for Title I Schoolwide program (SWP) and provides Title I Schoolwide program","No"
mixed - most recent,"510371002219","LAKELAND HIGH","VA","Suffolk City Public Schools","High","Regular school","No","Yes under the Community Eligibility Provision (CEP)","73","1083","School is not eligible for either Title I Targeted Assistance or Schoolwide program","Yes"
mixed - most recent,"510291001200","Lakemont Elementary","VA","Petersburg City Public Schools","Primary","Regular school","No","Yes under the Community Eligibility Provision (CEP)","32","349","School is eligible for Title I Schoolwide program (SWP) and provides Title I Schoolwide program","No"
mixed - most recent,"510189000815","Lakeside Elementary","VA","Henrico County Public Schools","Primary","Regular school","No","Yes under the Community Eligibility Provision (CEP)","32","438","School is eligible for Title I Schoolwide program (SWP) and provides Title I Schoolwide program","No"
mixed - most recent,"510009000751","LAKESIDE MIDDLE","VA","Albemarle County Public Schools","Middle","Regular school","No","Yes participating without using any Provision or the CEP","38","513","School is not eligible for either Title I Targeted Assistance or Schoolwide program","No"
mixed - most recent,"510300001254","Lakeview Elementary","VA","Portsmouth City Public Schools","Primary","Regular school","No","Yes under the Community Eligibility Provision (CEP)","32","419","School is eligible for Title I Schoolwide program (SWP) and provides Title I Schoolwide program","No"
mixed - most recent,"510096000364","Lakeview Elementary","VA","Colonial Heights City Public Schools","Primary","Regular school","No","Yes under the Community Eligibility Provision (CEP)","35","415","School is eligible for Title I Targeted Assistance (TAS) and provides TAS program","No"
mixed - most recent,"510216003099","LANCASTER EARLY CHILDHOOD EDUCATION CENTER","VA","Lancaster County Public Schools","Prekindergarten","Regular school","No","No","4","83","",""
mixed - most recent,"510216000887","LANCASTER HIGH","VA","Lancaster County Public Schools","High","Regular school","No","Yes under the Community Eligibility Provision (CEP)","32","403","School is not eligible for either Title I Targeted Assistance or Schoolwide program","No"
mixed - most recent,"510216000888","LANCASTER MIDDLE","VA","Lancaster County Public Schools","Middle","Regular school","No","Yes under the Community Eligibility Provision (CEP)","18","237","School is not eligible for either Title I Targeted Assistance or Schoolwide program","No"
mixed - most recent,"510216000889","LANCASTER PRIMARY","VA","Lancaster County Public Schools","Primary","Regular school","No","Yes under the Community Eligibility Provision (CEP)","22","316","School is eligible for Title I Schoolwide program (SWP) and provides Title I Schoolwide program","No"
mixed - most recent,"510384000674","Landstown Elementary","VA","Virginia Beach City Public Schools","Primary","Regular school","No","Yes participating without using any Provision or the CEP","53","676","School is not eligible for either Title I Targeted Assistance or Schoolwide program","No"
mixed - most recent,"510384002323","LANDSTOWN HIGH","VA","Virginia Beach City Public Schools","High","Regular school","No","Yes participating without using any Provision or the CEP","130","2226","School is not eligible for either Title I Targeted Assistance or Schoolwide program","Yes"
mixed - most recent,"510384000436","LANDSTOWN MIDDLE","VA","Virginia Beach City Public Schools","Middle","Regular school","No","Yes participating without using any Provision or the CEP","85","1278","School is not eligible for either Title I Targeted Assistance or Schoolwide program","No"
mixed - most recent,"510126001091","Lane Elementary","VA","Fairfax County Public Schools","Primary","Regular school","No","Yes participating without using any Provision or the CEP","47","732","School is not eligible for either Title I Targeted Assistance or Schoolwide program","No"
mixed - most recent,"510126000517","LANGLEY HIGH","VA","Fairfax County Public Schools","High","Regular school","No","Yes participating without using any Provision or the CEP","117","2123","School is not eligible for either Title I Targeted Assistance or Schoolwide program","No"
mixed - most recent,"510027002944","Langston High Continuation Program","VA","Arlington County Public Schools","Not applicable","Other/alternative school","No","Missing/not reported","16","","School is not eligible for either Title I Targeted Assistance or Schoolwide program","No"
mixed - most recent,"510267001108","Larchmont Elementary","VA","Norfolk City Public Schools","Primary","Regular school","No","Yes under the Community Eligibility Provision (CEP)","31","471","School is not eligible for either Title I Targeted Assistance or Schoolwide program","No"
mixed - most recent,"510384001057","LARKSPUR MIDDLE","VA","Virginia Beach City Public Schools","Middle","Regular school","No","Yes participating without using any Provision or the CEP","94","1536","School is not eligible for either Title I Targeted Assistance or Schoolwide program","No"
mixed - most recent,"510267001109","Larrymore Elementary","VA","Norfolk City Public Schools","Primary","Regular school","No","Yes under the Community Eligibility Provision (CEP)","38","592","School is eligible for Title I Schoolwide program (SWP) and provides Title I Schoolwide program","No"
mixed - most recent,"510069000250","Laurel Elementary","VA","Carroll County Public Schools","Primary","Regular school","No","Yes under the Community Eligibility Provision (CEP)","18","225","School is eligible for Title I Schoolwide program (SWP) and provides Title I Schoolwide program","No"
mixed - most recent,"510126002802","Laurel Hill Elementary","VA","Fairfax County Public Schools","Primary","Regular school","No","Yes participating without using any Provision or the CEP","46","734","School is not eligible for either Title I Targeted Assistance or Schoolwide program","No"
mixed - most recent,"510402001776","Laurel Lane Elementary","VA","Williamsburg-James City County Public Schools","Primary","Regular school","No","Yes under the Community Eligibility Provision (CEP)","40","511","School is eligible for Title I Targeted Assistance (TAS) and provides TAS program","No"
mixed - most recent,"510183002772","Laurel Meadow Elementary","VA","Hanover County Public Schools","Primary","Regular school","No","Yes participating without using any Provision or the CEP","43","569","School is not eligible for either Title I Targeted Assistance or Schoolwide program","No"
mixed - most recent,"510192000840","LAUREL PARK MIDDLE","VA","Henry County Public Schools","Middle","Regular school","No","Yes under the Community Eligibility Provision (CEP)","59","786","School is not eligible for either Title I Targeted Assistance or Schoolwide program","No"
mixed - most recent,"510002401572","LAUREL REGIONAL SPECIAL ED CTR","VA","Laurel Regional Special Education Center","Not applicable","Special education school","No","Missing/not reported","","0","School is not eligible for either Title I Targeted Assistance or Schoolwide program","No"
mixed - most recent,"510126000519","Laurel Ridge Elementary","VA","Fairfax County Public Schools","Primary","Regular school","No","Yes participating without using any Provision or the CEP","56","787","School is not eligible for either Title I Targeted Assistance or Schoolwide program","Yes"
mixed - most recent,"510207000880","Lawson-Marriott Elementary","VA","King and Queen County Public Schools","Primary","Regular school","No","Yes under the Community Eligibility Provision (CEP)","18","311","School is eligible for Title I Targeted Assistance (TAS) and provides TAS program","No"
mixed - most recent,"510342001524","Lebanon Elementary","VA","Russell County Public Schools","Primary","Regular school","No","Yes under the Community Eligibility Provision (CEP)","25","307","School is eligible for Title I Schoolwide program (SWP) and provides Title I Schoolwide program","No"
mixed - most recent,"510342002042","LEBANON HIGH","VA","Russell County Public Schools","High","Regular school","No","Yes under the Community Eligibility Provision (CEP)","43","606","School is not eligible for either Title I Targeted Assistance or Schoolwide program","No"
mixed - most recent,"510342002461","LEBANON MIDDLE","VA","Russell County Public Schools","Middle","Regular school","No","Yes under the Community Eligibility Provision (CEP)","23","291","School is eligible for Title I Targeted Assistance (TAS) and provides TAS program","No"
mixed - most recent,"510342001523","LEBANON PRIMARY","VA","Russell County Public Schools","Primary","Regular school","No","Yes under the Community Eligibility Provision (CEP)","18","238","School is eligible for Title I Schoolwide program (SWP) and provides Title I Schoolwide program","No"
mixed - most recent,"510219000898","LEE COUNTY CAREER & TECH. CENTER","VA","Lee County Public Schools","Not applicable","Vocational school","No","Missing/not reported","14","","School is not eligible for either Title I Targeted Assistance or Schoolwide program","No"
mixed - most recent,"510219002152","LEE HIGH","VA","Lee County Public Schools","High","Regular school","No","Yes under the Community Eligibility Provision (CEP)","76","781","School is not eligible for either Title I Targeted Assistance or Schoolwide program","No"
mixed - most recent,"510364001589","Lee Hill Elementary","VA","Spotsylvania County Public Schools","Primary","Regular school","No","Yes under the Community Eligibility Provision (CEP)","40","659","School is eligible for Title I Schoolwide program (SWP) and provides Title I Schoolwide program","No"
mixed - most recent,"510144000641","Lee M. Waid Elementary","VA","Franklin County Public Schools","Primary","Regular school","No","Yes under the Community Eligibility Provision (CEP)","32","412","School is eligible for Title I Schoolwide program (SWP) and provides Title I Schoolwide program","No"
mixed - most recent,"510126002063","Lees Corner Elementary","VA","Fairfax County Public Schools","Primary","Regular school","No","Yes participating without using any Provision or the CEP","40","594","School is not eligible for either Title I Targeted Assistance or Schoolwide program","No"
mixed - most recent,"510225001852","Leesburg Elementary","VA","Loudoun County Public Schools","Primary","Regular school","No","Yes participating without using any Provision or the CEP","40","428","School is not eligible for either Title I Targeted Assistance or Schoolwide program","No"
mixed - most recent,"510060000230","Leesville Road Elementary","VA","Campbell County Public Schools","Primary","Regular school","No","Yes under the Community Eligibility Provision (CEP)","44","625","School is eligible for Title I Schoolwide program (SWP) and provides Title I Schoolwide program","No"
mixed - most recent,"510313001399","Leesylvania Elementary","VA","Prince William County Public Schools","Primary","Regular school","No","Yes participating without using any Provision or the CEP","45","740","School is not eligible for either Title I Targeted Assistance or Schoolwide program","Yes"
mixed - most recent,"510225002452","Legacy Elementary","VA","Loudoun County Public Schools","Primary","Regular school","No","Yes participating without using any Provision or the CEP","51","706","School is not eligible for either Title I Targeted Assistance or Schoolwide program","No"
mixed - most recent,"510126000522","Lemon Road Elementary","VA","Fairfax County Public Schools","Primary","Regular school","No","Yes participating without using any Provision or the CEP","38","538","School is not eligible for either Title I Targeted Assistance or Schoolwide program","No"
mixed - most recent,"510387001731","Leslie Fox Keyser Elementary","VA","Warren County Public Schools","Primary","Regular school","No","Yes under the Community Eligibility Provision (CEP)","35","496","School is eligible for Title I Schoolwide program (SWP) and provides Title I Schoolwide program","No"
mixed - most recent,"510009000026","Leslie H. Walton Middle","VA","Albemarle County Public Schools","Middle","Regular school","No","Yes participating without using any Provision or the CEP","33","339","School is not eligible for either Title I Targeted Assistance or Schoolwide program","No"
mixed - most recent,"510066002784","Lewis and Clark Elementary","VA","Caroline County Public Schools","Primary","Regular school","No","Yes under the Community Eligibility Provision (CEP)","55","890","School is not eligible for either Title I Targeted Assistance or Schoolwide program","No"
mixed - most recent,"510126000521","LEWIS HIGH","VA","Fairfax County Public Schools","High","Regular school","No","Yes participating without using any Provision or the CEP","114","1697","School is not eligible for either Title I Targeted Assistance or Schoolwide program","No"
mixed - most recent,"510225002774","Liberty Elementary","VA","Loudoun County Public Schools","Primary","Regular school","No","Yes participating without using any Provision or the CEP","59","866","School is not eligible for either Title I Targeted Assistance or Schoolwide program","No"
mixed - most recent,"510132000854","LIBERTY HIGH","VA","Fauquier County Public Schools","High","Regular school","No","Yes participating without using any Provision or the CEP","102","1370","School is not eligible for either Title I Targeted Assistance or Schoolwide program","No"
mixed - most recent,"510036000151","LIBERTY HIGH","VA","Bedford County Public Schools","High","Regular school","No","Yes under the Community Eligibility Provision (CEP)","64","726","School is not eligible for either Title I Targeted Assistance or Schoolwide program","No"
mixed - most recent,"510183000773","LIBERTY MIDDLE","VA","Hanover County Public Schools","Middle","Regular school","No","Yes participating without using any Provision or the CEP","73","911","School is not eligible for either Title I Targeted Assistance or Schoolwide program","No"
mixed - most recent,"510126002271","LIBERTY MIDDLE","VA","Fairfax County Public Schools","Middle","Regular school","No","Yes participating without using any Provision or the CEP","68","922","School is not eligible for either Title I Targeted Assistance or Schoolwide program","No"
mixed - most recent,"510036000143","LIBERTY MIDDLE","VA","Bedford County Public Schools","Middle","Regular school","No","Yes under the Community Eligibility Provision (CEP)","44","535","School is not eligible for either Title I Targeted Assistance or Schoolwide program","No"
mixed - most recent,"510282001173","Lightfoot Elementary","VA","Orange County Public Schools","Primary","Regular school","No","Yes under the Community Eligibility Provision (CEP)","16","237","School is eligible for Title I Schoolwide program (SWP) and provides Title I Schoolwide program","No"
mixed - most recent,"510225003079","LIGHTRIDGE HIGH","VA","Loudoun County Public Schools","High","Regular school","No","Yes participating without using any Provision or the CEP","123","1771","School is not eligible for either Title I Targeted Assistance or Schoolwide program","No"
mixed - most recent,"510225000922","Lincoln Elementary","VA","Loudoun County Public Schools","Primary","Regular school","No","Yes participating without using any Provision or the CEP","10","95","School is not eligible for either Title I Targeted Assistance or Schoolwide program","No"
mixed - most recent,"510330001425","Lincoln Terrace Elementary","VA","Roanoke City Public Schools","Primary","Regular school","No","Yes under the Community Eligibility Provision (CEP)","26","297","School is eligible for Title I Schoolwide program (SWP) and provides Title I Schoolwide program","No"
mixed - most recent,"510267001112","Lindenwood Elementary","VA","Norfolk City Public Schools","Primary","Regular school","No","Yes under the Community Eligibility Provision (CEP)","23","262","School is eligible for Title I Schoolwide program (SWP) and provides Title I Schoolwide program","No"
mixed - most recent,"510384001699","Linkhorn Park Elementary","VA","Virginia Beach City Public Schools","Primary","Regular school","No","Yes participating without using any Provision or the CEP","35","517","School is not eligible for either Title I Targeted Assistance or Schoolwide program","No"
mixed - most recent,"510234000961","Linkhorne Elementary","VA","Lynchburg City Public Schools","Primary","Regular school","No","Yes under the Community Eligibility Provision (CEP)","30","409","School is eligible for Title I Schoolwide program (SWP) and provides Title I Schoolwide program","No"
mixed - most recent,"510234000962","LINKHORNE MIDDLE","VA","Lynchburg City Public Schools","Middle","Regular school","No","Yes under the Community Eligibility Provision (CEP)","38","586","School is not eligible for either Title I Targeted Assistance or Schoolwide program","No"
mixed - most recent,"510339001501","Linville-Edom Elementary","VA","Rockingham County Public Schools","Primary","Regular school","No","Yes participating without using any Provision or the CEP","13","177","School is eligible for Title I Schoolwide program (SWP) and provides Title I Schoolwide program","No"
mixed - most recent,"510324001927","Linwood Holton Elementary","VA","Richmond City Public Schools","Primary","Regular school","No","Yes under the Community Eligibility Provision (CEP)","32","427","School is not eligible for either Title I Targeted Assistance or Schoolwide program","No"
mixed - most recent,"510111003128","Literacy Lab at Grove Park","VA","Danville City Public Schools","Missing/not reported","Other/alternative school","No","","","","",""
mixed - most recent,"510267001113","Little Creek Elementary","VA","Norfolk City Public Schools","Primary","Regular school","No","Yes under the Community Eligibility Provision (CEP)","46","631","School is eligible for Title I Schoolwide program (SWP) and provides Title I Schoolwide program","No"
mixed - most recent,"510225002539","Little River Elementary","VA","Loudoun County Public Schools","Primary","Regular school","No","Yes participating without using any Provision or the CEP","47","710","School is not eligible for either Title I Targeted Assistance or Schoolwide program","No"
mixed - most recent,"510126000525","Little Run Elementary","VA","Fairfax County Public Schools","Primary","Regular school","No","Yes participating without using any Provision or the CEP","26","308","School is not eligible for either Title I Targeted Assistance or Schoolwide program","No"
mixed - most recent,"510364001590","Livingston Elementary","VA","Spotsylvania County Public Schools","Primary","Regular school","No","Yes under the Community Eligibility Provision (CEP)","27","435","School is eligible for Title I Schoolwide program (SWP) and provides Title I Schoolwide program","No"
mixed - most recent,"510084000337","Lloyd C. Bird High","VA","Chesterfield County Public Schools","High","Regular school","No","Yes under the Community Eligibility Provision (CEP)","131","2031","School is not eligible for either Title I Targeted Assistance or Schoolwide program","No"
mixed - most recent,"510313001305","Loch Lomond Elementary","VA","Prince William County Public Schools","Primary","Regular school","No","Yes under the Community Eligibility Provision (CEP)","41","563","School is eligible for Title I Schoolwide program (SWP) and provides Title I Schoolwide program","Yes"
mixed - most recent,"510282002196","Locust Grove Elementary","VA","Orange County Public Schools","Primary","Regular school","No","Yes under the Community Eligibility Provision (CEP)","30","520","School is not eligible for either Title I Targeted Assistance or Schoolwide program","No"
mixed - most recent,"510282002340","LOCUST GROVE MIDDLE","VA","Orange County Public Schools","Middle","Regular school","No","Yes under the Community Eligibility Provision (CEP)","41","693","School is not eligible for either Title I Targeted Assistance or Schoolwide program","No"
mixed - most recent,"510282002854","LOCUST GROVE PRIMARY","VA","Orange County Public Schools","Primary","Regular school","No","Yes under the Community Eligibility Provision (CEP)","29","453","School is not eligible for either Title I Targeted Assistance or Schoolwide program","No"
mixed - most recent,"510402002830","LOIS HORNSBY MIDDLE","VA","Williamsburg-James City County Public Schools","Middle","Regular school","No","Yes participating without using any Provision or the CEP","52","790","School is not eligible for either Title I Targeted Assistance or Schoolwide program","No"
mixed - most recent,"510126000526","London Towne Elementary","VA","Fairfax County Public Schools","Primary","Regular school","No","Yes participating without using any Provision or the CEP","52","706","School is eligible for Title I Schoolwide program (SWP) and provides Title I Schoolwide program","Yes"
mixed - most recent,"510027000100","Long Branch Elementary","VA","Arlington County Public Schools","Primary","Regular school","No","Yes participating without using any Provision or the CEP","35","399","School is not eligible for either Title I Targeted Assistance or Schoolwide program","No"
mixed - most recent,"510189000816","Longdale Elementary","VA","Henrico County Public Schools","Primary","Regular school","No","Yes under the Community Eligibility Provision (CEP)","36","474","School is eligible for Title I Schoolwide program (SWP) and provides Title I Schoolwide program","No"
mixed - most recent,"510126000527","LONGFELLOW MIDDLE","VA","Fairfax County Public Schools","Middle","Regular school","No","Yes participating without using any Provision or the CEP","77","1225","School is not eligible for either Title I Targeted Assistance or Schoolwide program","Yes"
mixed - most recent,"510042000172","LORD BOTETOURT HIGH","VA","Botetourt County Public Schools","High","Regular school","No","Yes participating without using any Provision or the CEP","62","980","School is not eligible for either Title I Targeted Assistance or Schoolwide program","No"
mixed - most recent,"510126002335","Lorton Station Elementary","VA","Fairfax County Public Schools","Primary","Regular school","No","Yes participating without using any Provision or the CEP","45","707","School is eligible for Title I Schoolwide program (SWP) and provides Title I Schoolwide program","No"
mixed - most recent,"510004202388","LOUDOUN CO. JUVENILE DETENTION HOME","VA","Department of Education State-Operated Educ Prgms","Not applicable","Other/alternative school","No","Missing/not reported","","","School is not eligible for either Title I Targeted Assistance or Schoolwide program","No"
mixed - most recent,"510225000923","LOUDOUN COUNTY HIGH","VA","Loudoun County Public Schools","High","Regular school","No","Yes participating without using any Provision or the CEP","127","1533","School is not eligible for either Title I Targeted Assistance or Schoolwide program","No"
mixed - most recent,"510225000924","LOUDOUN VALLEY HIGH","VA","Loudoun County Public Schools","High","Regular school","No","Yes participating without using any Provision or the CEP","97","1178","School is not eligible for either Title I Targeted Assistance or Schoolwide program","No"
mixed - most recent,"510228000939","LOUISA COUNTY HIGH","VA","Louisa County Public Schools","High","Regular school","No","Yes under the Community Eligibility Provision (CEP)","108","1653","School is not eligible for either Title I Targeted Assistance or Schoolwide program","No"
mixed - most recent,"510228001930","LOUISA COUNTY MIDDLE","VA","Louisa County Public Schools","Middle","Regular school","No","Yes under the Community Eligibility Provision (CEP)","85","1152","School is not eligible for either Title I Targeted Assistance or Schoolwide program","No"
mixed - most recent,"510313002543","LOUISE A. BENTON MIDDLE","VA","Prince William County Public Schools","Middle","Regular school","No","Yes participating without using any Provision or the CEP","84","1384","School is not eligible for either Title I Targeted Assistance or Schoolwide program","Yes"
mixed - most recent,"510225000925","Lovettsville Elementary","VA","Loudoun County Public Schools","Primary","Regular school","No","Yes participating without using any Provision or the CEP","39","526","School is not eligible for either Title I Targeted Assistance or Schoolwide program","No"
mixed - most recent,"510225001633","Lowes Island Elementary","VA","Loudoun County Public Schools","Primary","Regular school","No","Yes participating without using any Provision or the CEP","38","513","School is not eligible for either Title I Targeted Assistance or Schoolwide program","No"
mixed - most recent,"510324001894","LUCILLE M. BROWN MIDDLE","VA","Richmond City Public Schools","Middle","Regular school","No","Yes under the Community Eligibility Provision (CEP)","59","543","School is eligible for Title I Schoolwide program (SWP) and provides Title I Schoolwide program","No"
mixed - most recent,"510225000926","Lucketts Elementary","VA","Loudoun County Public Schools","Primary","Regular school","No","Yes participating without using any Provision or the CEP","21","270","School is not eligible for either Title I Targeted Assistance or Schoolwide program","No"
mixed - most recent,"510078002550","LUGO-MCGINNESS ACADEMY","VA","Charlottesville City Public Schools","Not applicable","Other/alternative school","No","Missing/not reported","","","School is not eligible for either Title I Targeted Assistance or Schoolwide program","No"
mixed - most recent,"510231000947","LUNENBURG MIDDLE","VA","Lunenburg County Public Schools","Middle","Regular school","No","Yes under the Community Eligibility Provision (CEP)","27","332","School is not eligible for either Title I Targeted Assistance or Schoolwide program","No"
mixed - most recent,"510285001179","Luray Elementary","VA","Page County Public Schools","Primary","Regular school","No","Yes under the Community Eligibility Provision (CEP)","37","475","School is eligible for Title I Schoolwide program (SWP) and provides Title I Schoolwide program","No"
mixed - most recent,"510285001180","LURAY HIGH","VA","Page County Public Schools","High","Regular school","No","Yes under the Community Eligibility Provision (CEP)","34","499","School is not eligible for either Title I Targeted Assistance or Schoolwide program","No"
mixed - most recent,"510285002799","LURAY MIDDLE","VA","Page County Public Schools","Middle","Regular school","No","Yes under the Community Eligibility Provision (CEP)","32","319","School is not eligible for either Title I Targeted Assistance or Schoolwide program","No"
mixed - most recent,"510375001201","LUTHER P. JACKSON MIDDLE","VA","Surry County Public Schools","Middle","Regular school","No","Yes under the Community Eligibility Provision (CEP)","25","201","School is eligible for Title I Targeted Assistance (TAS) and provides TAS program","No"
mixed - most recent,"510180000748","Luther W. Machen Elementary","VA","Hampton City Public Schools","Primary","Regular school","No","Yes under the Community Eligibility Provision (CEP)","34","455","School is eligible for Title I Schoolwide program (SWP) and provides Title I Schoolwide program","No"
mixed - most recent,"510384001700","Luxford Elementary","VA","Virginia Beach City Public Schools","Primary","Regular school","No","Yes under the Community Eligibility Provision (CEP)","36","508","School is eligible for Title I Schoolwide program (SWP) and provides Title I Schoolwide program","No"
mixed - most recent,"510222000907","LYLBURN DOWNING MIDDLE","VA","Lexington City Public Schools","Middle","Regular school","No","Yes participating without using any Provision or the CEP","15","161","School is not eligible for either Title I Targeted Assistance or Schoolwide program","No"
mixed - most recent,"510012000047","Lyles-Crouch Elementary","VA","Alexandria City Public Schools","Primary","Regular school","No","Yes participating without using any Provision or the CEP","29","420","School is not eligible for either Title I Targeted Assistance or Schoolwide program","No"
mixed - most recent,"510126000531","Lynbrook Elementary","VA","Fairfax County Public Schools","Primary","Regular school","No","Yes under the Community Eligibility Provision (CEP)","46","613","School is eligible for Title I Schoolwide program (SWP) and provides Title I Schoolwide program","No"
mixed - most recent,"510007202347","LYNCHBURG CITY SECONDARY ALTERNATIVE","VA","LYNCHBURG CITY SECONDARY ALTERNATIVE","Not applicable","Other/alternative school","No","Missing/not reported","","0","School is not eligible for either Title I Targeted Assistance or Schoolwide program","No"
mixed - most recent,"510004202389","LYNCHBURG JUVENILE DETENTION HOME","VA","Department of Education State-Operated Educ Prgms","Not applicable","Other/alternative school","No","Missing/not reported","","","School is not eligible for either Title I Targeted Assistance or Schoolwide program","No"
mixed - most recent,"510234002976","LYNCHBURG REGIONAL GOVERNOR'S STEM ACADEMY","VA","Lynchburg City Public Schools","Not applicable","Vocational school","No","Missing/not reported","","","School is not eligible for either Title I Targeted Assistance or Schoolwide program","No"
mixed - most recent,"510384001701","Lynnhaven Elementary","VA","Virginia Beach City Public Schools","Primary","Regular school","No","Yes under the Community Eligibility Provision (CEP)","34","362","School is eligible for Title I Schoolwide program (SWP) and provides Title I Schoolwide program","No"
mixed - most recent,"510384001702","LYNNHAVEN MIDDLE","VA","Virginia Beach City Public Schools","Middle","Regular school","No","Yes under the Community Eligibility Provision (CEP)","75","886","School is not eligible for either Title I Targeted Assistance or Schoolwide program","No"
mixed - most recent,"510371001895","Mack Benn Jr. Elementary","VA","Suffolk City Public Schools","Primary","Regular school","No","Yes under the Community Eligibility Provision (CEP)","49","684","School is eligible for Title I Schoolwide program (SWP) and provides Title I Schoolwide program","No"
mixed - most recent,"510327003030","MACKEY-THOMPSON LEARNING CENTER","VA","Richmond County Public Schools","Not applicable","Other/alternative school","No","Missing/not reported","","","School is not eligible for either Title I Targeted Assistance or Schoolwide program","No"
mixed - most recent,"510159000671","Macy Mcclaugherty Elementary/Middle","VA","Giles County Public Schools","Primary","Regular school","No","Yes under the Community Eligibility Provision (CEP)","40","787","School is eligible for Title I Targeted Assistance (TAS) and provides TAS program","No"
mixed - most recent,"510267002128","Madison Alternative Center","VA","Norfolk City Public Schools","Not applicable","Other/alternative school","No","Yes under the Community Eligibility Provision (CEP)","","","School is not eligible for either Title I Targeted Assistance or Schoolwide program","No"
mixed - most recent,"510237000972","MADISON COUNTY HIGH","VA","Madison County Public Schools","High","Regular school","No","Yes participating without using any Provision or the CEP","41","557","School is not eligible for either Title I Targeted Assistance or Schoolwide program","No"
mixed - most recent,"510066000241","Madison Elementary","VA","Caroline County Public Schools","Primary","Regular school","No","Yes under the Community Eligibility Provision (CEP)","31","466","School is eligible for Title I Schoolwide program (SWP) and provides Title I Schoolwide program","No"
mixed - most recent,"510021000010","Madison Heights Elementary","VA","Amherst County Public Schools","Primary","Regular school","No","Yes under the Community Eligibility Provision (CEP)","34","418","School is eligible for Title I Schoolwide program (SWP) and provides Title I Schoolwide program","No"
mixed - most recent,"510126000532","MADISON HIGH","VA","Fairfax County Public Schools","High","Regular school","No","Yes participating without using any Provision or the CEP","132","2135","School is not eligible for either Title I Targeted Assistance or Schoolwide program","No"
mixed - most recent,"510237000973","MADISON PRIMARY","VA","Madison County Public Schools","Primary","Regular school","No","Yes under the Community Eligibility Provision (CEP)","25","392","School is eligible for Title I Schoolwide program (SWP) and provides Title I Schoolwide program","No"
mixed - most recent,"510225003026","Madison's Trust Elementary","VA","Loudoun County Public Schools","Primary","Regular school","No","Yes participating without using any Provision or the CEP","59","945","School is not eligible for either Title I Targeted Assistance or Schoolwide program","No"
mixed - most recent,"510006102561","Maggie L. Walker Governor's School","VA","Maggie L. Walker Governor's School","Not applicable","Regular school","No","Missing/not reported","","0","School is not eligible for either Title I Targeted Assistance or Schoolwide program","No"
mixed - most recent,"510192002125","MAGNA VISTA HIGH","VA","Henry County Public Schools","High","Regular school","No","Yes under the Community Eligibility Provision (CEP)","81","1104","School is not eligible for either Title I Targeted Assistance or Schoolwide program","No"
mixed - most recent,"510415001815","Magruder Elementary","VA","York County Public Schools","Primary","Regular school","No","Yes participating without using any Provision or the CEP","33","663","School is eligible for Title I Schoolwide program (SWP) and provides Title I Schoolwide program","No"
mixed - most recent,"510384001703","Malibu Elementary","VA","Virginia Beach City Public Schools","Primary","Regular school","No","Yes participating without using any Provision or the CEP","31","410","School is not eligible for either Title I Targeted Assistance or Schoolwide program","No"
mixed - most recent,"510239000982","Manassas Park Elementary","VA","Manassas Park City Public Schools","Primary","Regular school","No","Yes under the Community Eligibility Provision (CEP)","50","721","School is eligible for Title I Schoolwide program (SWP) and provides Title I Schoolwide program","No"
mixed - most recent,"510239000983","MANASSAS PARK HIGH","VA","Manassas Park City Public Schools","High","Regular school","No","Yes under the Community Eligibility Provision (CEP)","70","1126","School is not eligible for either Title I Targeted Assistance or Schoolwide program","No"
mixed - most recent,"510239002227","MANASSAS PARK MIDDLE","VA","Manassas Park City Public Schools","Middle","Regular school","No","Yes under the Community Eligibility Provision (CEP)","56","754","School is not eligible for either Title I Targeted Assistance or Schoolwide program","No"
mixed - most recent,"510084000056","MANCHESTER HIGH","VA","Chesterfield County Public Schools","High","Regular school","No","Yes participating without using any Provision or the CEP","157","2188","School is not eligible for either Title I Targeted Assistance or Schoolwide program","No"
mixed - most recent,"510084000338","MANCHESTER MIDDLE","VA","Chesterfield County Public Schools","Middle","Regular school","No","Yes under the Community Eligibility Provision (CEP)","74","1103","School is not eligible for either Title I Targeted Assistance or Schoolwide program","No"
mixed - most recent,"510300001255","MANOR HIGH","VA","Portsmouth City Public Schools","High","Regular school","No","Yes under the Community Eligibility Provision (CEP)","102","1236","School is not eligible for either Title I Targeted Assistance or Schoolwide program","Yes"
mixed - most recent,"510126000533","Mantua Elementary","VA","Fairfax County Public Schools","Primary","Regular school","No","Yes participating without using any Provision or the CEP","59","932","School is not eligible for either Title I Targeted Assistance or Schoolwide program","No"
mixed - most recent,"510252001025","Margaret Beeks Elementary","VA","Montgomery County Public Schools","Primary","Regular school","No","Yes participating without using any Provision or the CEP","28","343","School is not eligible for either Title I Targeted Assistance or Schoolwide program","No"
mixed - most recent,"510366002463","Margaret Brent Elementary","VA","Stafford County Public Schools","Primary","Regular school","No","Yes participating without using any Provision or the CEP","50","806","School is not eligible for either Title I Targeted Assistance or Schoolwide program","No"
mixed - most recent,"510132000612","Margaret M. Pierce Elementary","VA","Fauquier County Public Schools","Primary","Regular school","No","Yes participating without using any Provision or the CEP","33","537","School is eligible for Title I Schoolwide program (SWP) and provides Title I Schoolwide program","No"
mixed - most recent,"510084001086","Marguerite F. Christian Elementary","VA","Chesterfield County Public Schools","Primary","Regular school","No","Yes under the Community Eligibility Provision (CEP)","48","592","School is eligible for Title I Schoolwide program (SWP) and provides Title I Schoolwide program","No"
mixed - most recent,"510352001561","Marion Elementary","VA","Smyth County Public Schools","Primary","Regular school","No","Yes under the Community Eligibility Provision (CEP)","23","307","School is eligible for Title I Schoolwide program (SWP) and provides Title I Schoolwide program","No"
mixed - most recent,"510352001560","MARION MIDDLE","VA","Smyth County Public Schools","Middle","Regular school","No","Yes under the Community Eligibility Provision (CEP)","35","431","School is not eligible for either Title I Targeted Assistance or Schoolwide program","No"
mixed - most recent,"510352001562","MARION SENIOR HIGH","VA","Smyth County Public Schools","High","Regular school","No","Yes under the Community Eligibility Provision (CEP)","55","638","School is not eligible for either Title I Targeted Assistance or Schoolwide program","No"
mixed - most recent,"510126002993","MARSHALL GOVERNOR'S STEM ACADEMY","VA","Fairfax County Public Schools","Not applicable","Vocational school","No","Missing/not reported","2","","School is not eligible for either Title I Targeted Assistance or Schoolwide program","No"
mixed - most recent,"510126002947","MARSHALL HIGH SCHOOL ACADEMY","VA","Fairfax County Public Schools","Not applicable","Vocational school","No","Missing/not reported","10","","School is not eligible for either Title I Targeted Assistance or Schoolwide program","No"
mixed - most recent,"510126000535","MARSHALL HIGH","VA","Fairfax County Public Schools","High","Regular school","No","Yes participating without using any Provision or the CEP","126","2109","School is not eligible for either Title I Targeted Assistance or Schoolwide program","No"
mixed - most recent,"510132000609","MARSHALL MIDDLE","VA","Fauquier County Public Schools","Middle","Regular school","No","Yes participating without using any Provision or the CEP","41","417","School is not eligible for either Title I Targeted Assistance or Schoolwide program","No"
mixed - most recent,"510126000536","Marshall Road Elementary","VA","Fairfax County Public Schools","Primary","Regular school","No","Yes participating without using any Provision or the CEP","53","669","School is not eligible for either Title I Targeted Assistance or Schoolwide program","No"
mixed - most recent,"510324003023","Martin Luther King Jr. Early Learning Center","VA","Richmond City Public Schools","Prekindergarten","Regular school","No","Yes under the Community Eligibility Provision (CEP)","12","204","School is not eligible for either Title I Targeted Assistance or Schoolwide program","No"
mixed - most recent,"510313001952","Martin Luther King Jr. Elementary","VA","Prince William County Public Schools","Primary","Regular school","No","Yes under the Community Eligibility Provision (CEP)","27","407","School is not eligible for either Title I Targeted Assistance or Schoolwide program","Yes"
mixed - most recent,"510324001385","MARTIN LUTHER KING JR. MIDDLE","VA","Richmond City Public Schools","Middle","Regular school","No","Yes under the Community Eligibility Provision (CEP)","53","501","School is eligible for Title I Schoolwide program (SWP) and provides Title I Schoolwide program","No"
mixed - most recent,"510240000988","MARTINSVILLE HIGH","VA","Martinsville City Public Schools","High","Regular school","No","Yes under the Community Eligibility Provision (CEP)","39","564","School is not eligible for either Title I Targeted Assistance or Schoolwide program","No"
mixed - most recent,"510240000989","MARTINSVILLE MIDDLE","VA","Martinsville City Public Schools","Middle","Regular school","No","Yes under the Community Eligibility Provision (CEP)","33","393","School is eligible for Title I Schoolwide program (SWP) and provides Title I Schoolwide program","No"
mixed - most recent,"510313001306","Marumsco Hills Elementary","VA","Prince William County Public Schools","Primary","Regular school","No","Yes under the Community Eligibility Provision (CEP)","39","570","School is eligible for Title I Schoolwide program (SWP) and provides Title I Schoolwide program","Yes"
mixed - most recent,"510267001116","Mary Calcott Elementary","VA","Norfolk City Public Schools","Primary","Regular school","No","Yes under the Community Eligibility Provision (CEP)","33","438","School is eligible for Title I Schoolwide program (SWP) and provides Title I Schoolwide program","No"
mixed - most recent,"510009000027","Mary Carr Greer Elementary","VA","Albemarle County Public Schools","Primary","Regular school","No","Yes under the Community Eligibility Provision (CEP)","44","495","School is eligible for Title I Targeted Assistance (TAS) and provides TAS program","No"
mixed - most recent,"510129000284","MARY ELLEN HENDERSON MIDDLE","VA","Falls Church City Public Schools","Middle","Regular school","No","Yes participating without using any Provision or the CEP","59","581","School is not eligible for either Title I Targeted Assistance or Schoolwide program","No"
mixed - most recent,"510313002798","MARY G. PORTER TRADITIONAL","VA","Prince William County Public Schools","Primary","Regular school","No","Yes participating without using any Provision or the CEP","40","672","School is not eligible for either Title I Targeted Assistance or Schoolwide program","Yes"
mixed - most recent,"510324001383","Mary Munford Elementary","VA","Richmond City Public Schools","Primary","Regular school","No","Yes under the Community Eligibility Provision (CEP)","21","433","School is not eligible for either Title I Targeted Assistance or Schoolwide program","No"
mixed - most recent,"510264002298","MARY PASSAGE MIDDLE","VA","Newport News City Public Schools","Middle","Regular school","No","Yes under the Community Eligibility Provision (CEP)","66","944","School is not eligible for either Title I Targeted Assistance or Schoolwide program","No"
mixed - most recent,"510180000746","Mary S. Peake Elementary","VA","Hampton City Public Schools","Primary","Regular school","No","Yes under the Community Eligibility Provision (CEP)","31","402","School is eligible for Title I Schoolwide program (SWP) and provides Title I Schoolwide program","No"
mixed - most recent,"510180000745","Mary T. Christian Elementary","VA","Hampton City Public Schools","Primary","Regular school","No","Yes under the Community Eligibility Provision (CEP)","24","273","School is eligible for Title I Schoolwide program (SWP) and provides Title I Schoolwide program","No"
mixed - most recent,"510180000761","Mary W. Jackson Elementary","VA","Hampton City Public Schools","Primary","Regular school","No","Yes under the Community Eligibility Provision (CEP)","23","309","School is not eligible for either Title I Targeted Assistance or Schoolwide program","No"
mixed - most recent,"510132001846","Mary Walter Elementary","VA","Fauquier County Public Schools","Primary","Regular school","No","Yes participating without using any Provision or the CEP","27","406","School is eligible for Title I Schoolwide program (SWP) and provides Title I Schoolwide program","No"
mixed - most recent,"510313002455","Mary Williams Elementary","VA","Prince William County Public Schools","Primary","Regular school","No","Yes participating without using any Provision or the CEP","45","718","School is not eligible for either Title I Targeted Assistance or Schoolwide program","Yes"
mixed - most recent,"510126002873","Mason Crest Elementary","VA","Fairfax County Public Schools","Primary","Regular school","No","Yes participating without using any Provision or the CEP","53","663","School is not eligible for either Title I Targeted Assistance or Schoolwide program","No"
mixed - most recent,"510333001461","Mason's Cove Elementary","VA","Roanoke County Public Schools","Primary","Regular school","No","Yes under the Community Eligibility Provision (CEP)","19","213","School is eligible for Title I Schoolwide program (SWP) and provides Title I Schoolwide program","No"
mixed - most recent,"510010902698","Massanutten Regional Governor's School","VA","Massanutten Regional Governor's School","Not applicable","Regular school","No","Missing/not reported","","0","School is not eligible for either Title I Targeted Assistance or Schoolwide program","No"
mixed - most recent,"510000602018","MASSANUTTEN TECH CTR","VA","Massanutten  Technical Center","Not applicable","Vocational school","No","Missing/not reported","","0","School is not eligible for either Title I Targeted Assistance or Schoolwide program","No"
mixed - most recent,"510364001881","MASSAPONAX HIGH","VA","Spotsylvania County Public Schools","High","Regular school","No","Yes under the Community Eligibility Provision (CEP)","107","1736","School is not eligible for either Title I Targeted Assistance or Schoolwide program","No"
mixed - most recent,"510243001388","Mathews Elementary","VA","Mathews County Public Schools","Primary","Regular school","No","Yes under the Community Eligibility Provision (CEP)","29","318","School is eligible for Title I Schoolwide program (SWP) and provides Title I Schoolwide program","No"
mixed - most recent,"510243000993","MATHEWS HIGH","VA","Mathews County Public Schools","High","Regular school","No","Yes under the Community Eligibility Provision (CEP)","27","310","School is not eligible for either Title I Targeted Assistance or Schoolwide program","No"
mixed - most recent,"510084000339","Matoaca Elementary","VA","Chesterfield County Public Schools","Primary","Regular school","No","Yes under the Community Eligibility Provision (CEP)","43","619","School is eligible for Title I Schoolwide program (SWP) and provides Title I Schoolwide program","No"
mixed - most recent,"510084000340","MATOACA HIGH","VA","Chesterfield County Public Schools","High","Regular school","No","Yes participating without using any Provision or the CEP","111","1630","School is not eligible for either Title I Targeted Assistance or Schoolwide program","No"
mixed - most recent,"510084000341","MATOACA MIDDLE","VA","Chesterfield County Public Schools","Middle","Regular school","No","Yes participating without using any Provision or the CEP","59","865","School is not eligible for either Title I Targeted Assistance or Schoolwide program","No"
mixed - most recent,"510402002656","Matoaka Elementary","VA","Williamsburg-James City County Public Schools","Primary","Regular school","No","Yes participating without using any Provision or the CEP","49","642","School is not eligible for either Title I Targeted Assistance or Schoolwide program","No"
mixed - most recent,"510267001117","Matthew Fontaine Maury High","VA","Norfolk City Public Schools","High","Regular school","No","Yes under the Community Eligibility Provision (CEP)","105","1697","School is not eligible for either Title I Targeted Assistance or Schoolwide program","Yes"
mixed - most recent,"510402001774","Matthew Whaley Elementary","VA","Williamsburg-James City County Public Schools","Primary","Regular school","No","Yes under the Community Eligibility Provision (CEP)","39","435","School is eligible for Title I Targeted Assistance (TAS) and provides TAS program","No"
mixed - most recent,"510189000830","Maude Trevvett Elementary","VA","Henrico County Public Schools","Primary","Regular school","No","Yes under the Community Eligibility Provision (CEP)","30","537","School is not eligible for either Title I Targeted Assistance or Schoolwide program","No"
mixed - most recent,"510337001871","MAURY RIVER MIDDLE","VA","Rockbridge County Public Schools","Middle","Regular school","No","Yes under the Community Eligibility Provision (CEP)","47","502","School is not eligible for either Title I Targeted Assistance or Schoolwide program","No"
mixed - most recent,"510411001803","Max Meadows Elementary","VA","Wythe County Public Schools","Primary","Regular school","No","Yes under the Community Eligibility Provision (CEP)","19","205","School is eligible for Title I Schoolwide program (SWP) and provides Title I Schoolwide program","No"
mixed - most recent,"510189000817","Maybeury Elementary","VA","Henrico County Public Schools","Primary","Regular school","No","Yes participating without using any Provision or the CEP","37","653","School is not eligible for either Title I Targeted Assistance or Schoolwide program","No"
mixed - most recent,"510236002637","MAYFIELD INTERMEDIATE","VA","Manassas City Public Schools","Middle","Regular school","No","Yes under the Community Eligibility Provision (CEP)","52","840","School is not eligible for either Title I Targeted Assistance or Schoolwide program","No"
mixed - most recent,"510324001865","MAYMONT PRE-K CENTER","VA","Richmond City Public Schools","Prekindergarten","Regular school","No","Yes under the Community Eligibility Provision (CEP)","14","196","School is not eligible for either Title I Targeted Assistance or Schoolwide program","No"
mixed - most recent,"510102000372","McCleary Elementary","VA","Craig County Public Schools","Primary","Regular school","No","Yes under the Community Eligibility Provision (CEP)","18","211","School is eligible for Title I Schoolwide program (SWP) and provides Title I Schoolwide program","No"
mixed - most recent,"510339001503","McGaheysville Elementary","VA","Rockingham County Public Schools","Primary","Regular school","No","Yes participating without using any Provision or the CEP","18","248","School is eligible for Title I Schoolwide program (SWP) and provides Title I Schoolwide program","No"
mixed - most recent,"510318001344","McHarg Elementary","VA","Radford City Public Schools","Primary","Regular school","No","Yes under the Community Eligibility Provision (CEP)","27","404","School is eligible for Title I Targeted Assistance (TAS) and provides TAS program","No"
mixed - most recent,"510126000538","MCLEAN HIGH","VA","Fairfax County Public Schools","High","Regular school","No","Yes participating without using any Provision or the CEP","139","2441","School is not eligible for either Title I Targeted Assistance or Schoolwide program","No"
mixed - most recent,"510126002272","McNair Elementary","VA","Fairfax County Public Schools","Primary","Regular school","No","Yes participating without using any Provision or the CEP","41","550","School is not eligible for either Title I Targeted Assistance or Schoolwide program","No"
mixed - most recent,"510126003078","McNair Upper Elementary","VA","Fairfax County Public Schools","Primary","Regular school","No","Yes participating without using any Provision or the CEP","35","625","School is not eligible for either Title I Targeted Assistance or Schoolwide program","No"
mixed - most recent,"510192000848","Meadow View Elementary","VA","Henry County Public Schools","Primary","Regular school","No","Yes under the Community Eligibility Provision (CEP)","41","674","School is eligible for Title I Schoolwide program (SWP) and provides Title I Schoolwide program","No"
mixed - most recent,"510084000342","MEADOWBROOK HIGH","VA","Chesterfield County Public Schools","High","Regular school","No","Yes under the Community Eligibility Provision (CEP)","128","2033","School is not eligible for either Title I Targeted Assistance or Schoolwide program","No"
mixed - most recent,"510225001853","Meadowland Elementary","VA","Loudoun County Public Schools","Primary","Regular school","No","Yes under the Community Eligibility Provision (CEP)","36","404","School is not eligible for either Title I Targeted Assistance or Schoolwide program","No"
mixed - most recent,"510288001187","Meadows of Dan Elementary","VA","Patrick County Public Schools","Primary","Regular school","No","Yes under the Community Eligibility Provision (CEP)","11","401","School is eligible for Title I Schoolwide program (SWP) and provides Title I Schoolwide program","No"
mixed - most recent,"510390001748","Meadowview Elementary","VA","Washington County Public Schools","Primary","Regular school","No","Yes under the Community Eligibility Provision (CEP)","43","551","School is eligible for Title I Schoolwide program (SWP) and provides Title I Schoolwide program","No"
mixed - most recent,"510177000716","Meadville Elementary","VA","Halifax County Public Schools","Primary","Regular school","No","Yes under the Community Eligibility Provision (CEP)","15","162","School is eligible for Title I Schoolwide program (SWP) and provides Title I Schoolwide program","No"
mixed - most recent,"510183000774","Mechanicsville Elementary","VA","Hanover County Public Schools","Primary","Regular school","No","Yes participating without using any Provision or the CEP","48","615","School is eligible for Title I Schoolwide program (SWP) and provides Title I Schoolwide program","No"
mixed - most recent,"510183000772","MECHANICSVILLE HIGH","VA","Hanover County Public Schools","High","Regular school","No","Yes participating without using any Provision or the CEP","96","1354","School is not eligible for either Title I Targeted Assistance or Schoolwide program","No"
mixed - most recent,"510246003090","Mecklenburg County High","VA","Mecklenburg County Public Schools","High","Regular school","No","Yes under the Community Eligibility Provision (CEP)","69","1163","",""
mixed - most recent,"510246003089","Mecklenburg County Middle","VA","Mecklenburg County Public Schools","Middle","Regular school","No","Yes under the Community Eligibility Provision (CEP)","52","874","",""
mixed - most recent,"510360002312","Meherrin Elementary","VA","Southampton County Public Schools","Primary","Regular school","No","Yes under the Community Eligibility Provision (CEP)","19","244","School is eligible for Title I Schoolwide program (SWP) and provides Title I Schoolwide program","No"
mixed - most recent,"510048000184","Meherrin Powellton Elementary","VA","Brunswick County Public Schools","Primary","Regular school","No","Yes under the Community Eligibility Provision (CEP)","16","174","School is eligible for Title I Schoolwide program (SWP) and provides Title I Schoolwide program","No"
mixed - most recent,"510264001063","MENCHVILLE HIGH","VA","Newport News City Public Schools","High","Regular school","No","Yes under the Community Eligibility Provision (CEP)","103","1788","School is not eligible for either Title I Targeted Assistance or Schoolwide program","No"
mixed - most recent,"510225002450","MERCER MIDDLE","VA","Loudoun County Public Schools","Middle","Regular school","No","Yes participating without using any Provision or the CEP","95","1379","School is not eligible for either Title I Targeted Assistance or Schoolwide program","No"
mixed - most recent,"510129000283","MERIDIAN HIGH","VA","Falls Church City Public Schools","High","Regular school","No","Yes participating without using any Provision or the CEP","64","865","School is not eligible for either Title I Targeted Assistance or Schoolwide program","No"
mixed - most recent,"510009000028","Meriwether Lewis Elementary","VA","Albemarle County Public Schools","Primary","Regular school","No","Yes participating without using any Provision or the CEP","22","343","School is not eligible for either Title I Targeted Assistance or Schoolwide program","No"
mixed - most recent,"510006001738","Metompkin Elementary","VA","Accomack County Public Schools","Primary","Regular school","No","Yes under the Community Eligibility Provision (CEP)","36","535","School is eligible for Title I Schoolwide program (SWP) and provides Title I Schoolwide program","No"
mixed - most recent,"510008702358","METRO RICHMOND ALTERNATIVE ED","VA","METRO RICHMOND ALTERNATIVE ED","Not applicable","Other/alternative school","No","Missing/not reported","","0","School is not eligible for either Title I Targeted Assistance or Schoolwide program","No"
mixed - most recent,"510009102361","MIDDLE PENINSULA ACADEMIC CENTER","VA","REGIONAL ALTERNATIVE ED/KING WILLIAM","Not applicable","Other/alternative school","No","Missing/not reported","","0","School is not eligible for either Title I Targeted Assistance or Schoolwide program","No"
mixed - most recent,"510004202399","MIDDLE PENINSULA JUVENILE DETENTION HOME","VA","Department of Education State-Operated Educ Prgms","Not applicable","Other/alternative school","No","Missing/not reported","","","School is not eligible for either Title I Targeted Assistance or Schoolwide program","No"
mixed - most recent,"510309001283","Middle Road Elementary","VA","Prince George County Public Schools","Primary","Regular school","No","Yes participating without using any Provision or the CEP","36","560","School is eligible for Title I Schoolwide program (SWP) and provides Title I Schoolwide program","No"
mixed - most recent,"510225002970","MIDDLEBURG COMMUNITY CHARTER","VA","Loudoun County Public Schools","Primary","Regular school","Yes","Missing/not reported","10","143","School is not eligible for either Title I Targeted Assistance or Schoolwide program","No"
mixed - most recent,"510249002293","Middlesex Elementary","VA","Middlesex County Public Schools","Primary","Regular school","No","Yes under the Community Eligibility Provision (CEP)","47","611","School is eligible for Title I Schoolwide program (SWP) and provides Title I Schoolwide program","No"
mixed - most recent,"510249001012","MIDDLESEX HIGH","VA","Middlesex County Public Schools","High","Regular school","No","Yes under the Community Eligibility Provision (CEP)","30","346","School is not eligible for either Title I Targeted Assistance or Schoolwide program","No"
mixed - most recent,"510147002149","Middletown Elementary","VA","Frederick County Public Schools","Primary","Regular school","No","Yes participating without using any Provision or the CEP","38","568","School is eligible for Title I Schoolwide program (SWP) and provides Title I Schoolwide program","No"
mixed - most recent,"510084002006","MIDLOTHIAN HIGH","VA","Chesterfield County Public Schools","High","Regular school","No","Yes participating without using any Provision or the CEP","127","2041","School is not eligible for either Title I Targeted Assistance or Schoolwide program","No"
mixed - most recent,"510084000343","MIDLOTHIAN MIDDLE","VA","Chesterfield County Public Schools","Middle","Regular school","No","Yes participating without using any Provision or the CEP","86","1368","School is not eligible for either Title I Targeted Assistance or Schoolwide program","No"
mixed - most recent,"510117000414","Midway Elementary","VA","Dinwiddie County Public Schools","Primary","Regular school","No","Yes under the Community Eligibility Provision (CEP)","27","346","School is not eligible for either Title I Targeted Assistance or Schoolwide program","No"
mixed - most recent,"510324001928","Miles Jones Elementary","VA","Richmond City Public Schools","Primary","Regular school","No","Yes under the Community Eligibility Provision (CEP)","40","559","School is eligible for Title I Schoolwide program (SWP) and provides Title I Schoolwide program","No"
mixed - most recent,"510225002540","Mill Run Elementary","VA","Loudoun County Public Schools","Primary","Regular school","No","Yes participating without using any Provision or the CEP","47","677","School is not eligible for either Title I Targeted Assistance or Schoolwide program","No"
mixed - most recent,"510033000140","Millboro Elementary","VA","Bath County Public Schools","Primary","Regular school","No","Yes under the Community Eligibility Provision (CEP)","12","145","School is eligible for Title I Targeted Assistance (TAS) and provides TAS program","No"
mixed - most recent,"510147002337","MILLBROOK HIGH","VA","Frederick County Public Schools","High","Regular school","No","Yes participating without using any Provision or the CEP","112","1516","School is not eligible for either Title I Targeted Assistance or Schoolwide program","No"
mixed - most recent,"510189001851","Mills E. Godwin High","VA","Henrico County Public Schools","High","Regular school","No","Yes participating without using any Provision or the CEP","97","1773","School is not eligible for either Title I Targeted Assistance or Schoolwide program","Yes"
mixed - most recent,"510313001308","Minnieville Elementary","VA","Prince William County Public Schools","Primary","Regular school","No","Yes under the Community Eligibility Provision (CEP)","42","593","School is eligible for Title I Schoolwide program (SWP) and provides Title I Schoolwide program","Yes"
mixed - most recent,"510084001833","MONACAN HIGH","VA","Chesterfield County Public Schools","High","Regular school","No","Yes participating without using any Provision or the CEP","107","1631","School is not eligible for either Title I Targeted Assistance or Schoolwide program","Yes"
mixed - most recent,"510021000072","MONELISON MIDDLE","VA","Amherst County Public Schools","Middle","Regular school","No","Yes under the Community Eligibility Provision (CEP)","39","513","School is not eligible for either Title I Targeted Assistance or Schoolwide program","No"
mixed - most recent,"510036000152","Moneta Elementary","VA","Bedford County Public Schools","Primary","Regular school","No","Yes under the Community Eligibility Provision (CEP)","15","242","School is eligible for Title I Schoolwide program (SWP) and provides Title I Schoolwide program","No"
mixed - most recent,"510313000192","Montclair Elementary","VA","Prince William County Public Schools","Primary","Regular school","No","Yes participating without using any Provision or the CEP","39","613","School is not eligible for either Title I Targeted Assistance or Schoolwide program","Yes"
mixed - most recent,"510330001426","Monterey Elementary","VA","Roanoke City Public Schools","Primary","Regular school","No","Yes under the Community Eligibility Provision (CEP)","32","490","School is eligible for Title I Schoolwide program (SWP) and provides Title I Schoolwide program","No"
mixed - most recent,"510027003063","MONTESSORI PUBLIC SCHOOL OF ARLINGTON","VA","Arlington County Public Schools","Primary","Regular school","No","Yes participating without using any Provision or the CEP","32","499","School is not eligible for either Title I Targeted Assistance or Schoolwide program","No"
mixed - most recent,"510339001975","MONTEVIDEO MIDDLE","VA","Rockingham County Public Schools","Middle","Regular school","No","Yes participating without using any Provision or the CEP","52","613","School is not eligible for either Title I Targeted Assistance or Schoolwide program","No"
mixed - most recent,"510252002155","MONTGOMERY CENTRAL","VA","Montgomery County Public Schools","Not applicable","Other/alternative school","No","Yes participating without using any Provision or the CEP","","","School is not eligible for either Title I Targeted Assistance or Schoolwide program","No"
mixed - most recent,"510252002994","MONTGOMERY COUNTY GOVERNOR'S STEM ACADEMY","VA","Montgomery County Public Schools","Not applicable","Vocational school","No","Missing/not reported","2","","School is not eligible for either Title I Targeted Assistance or Schoolwide program","No"
mixed - most recent,"510009002974","MONTICELLO GOVERNOR'S HEALTH SCIENCES ACADEMY","VA","Albemarle County Public Schools","Not applicable","Vocational school","No","Missing/not reported","0","","School is not eligible for either Title I Targeted Assistance or Schoolwide program","Yes"
mixed - most recent,"510009001747","MONTICELLO HIGH","VA","Albemarle County Public Schools","High","Regular school","No","Yes participating without using any Provision or the CEP","88","1229","School is not eligible for either Title I Targeted Assistance or Schoolwide program","No"
mixed - most recent,"510189000818","Montrose Elementary","VA","Henrico County Public Schools","Primary","Regular school","No","Yes under the Community Eligibility Provision (CEP)","27","311","School is eligible for Title I Schoolwide program (SWP) and provides Title I Schoolwide program","No"
mixed - most recent,"510398001764","MONTROSS MIDDLE","VA","Westmoreland County Public Schools","Middle","Regular school","No","Yes under the Community Eligibility Provision (CEP)","31","309","School is not eligible for either Title I Targeted Assistance or Schoolwide program","No"
mixed - most recent,"510036000153","Montvale Elementary","VA","Bedford County Public Schools","Primary","Regular school","No","Yes under the Community Eligibility Provision (CEP)","16","253","School is eligible for Title I Schoolwide program (SWP) and provides Title I Schoolwide program","No"
mixed - most recent,"510225002954","Moorefield Station Elementary","VA","Loudoun County Public Schools","Primary","Regular school","No","Yes participating without using any Provision or the CEP","64","890","School is not eligible for either Title I Targeted Assistance or Schoolwide program","No"
mixed - most recent,"510330001045","Morningside Elementary","VA","Roanoke City Public Schools","Primary","Regular school","No","Yes under the Community Eligibility Provision (CEP)","22","240","School is eligible for Title I Schoolwide program (SWP) and provides Title I Schoolwide program","No"
mixed - most recent,"510126000539","Mosaic Elementary","VA","Fairfax County Public Schools","Primary","Regular school","No","Yes participating without using any Provision or the CEP","57","958","School is not eligible for either Title I Targeted Assistance or Schoolwide program","No"
mixed - most recent,"510084003092","Moseley Elementary","VA","Chesterfield County Public Schools","Primary","Regular school","No","Yes participating without using any Provision or the CEP","51","894","",""
mixed - most recent,"510228002838","Moss-Nuckols Elementary","VA","Louisa County Public Schools","Primary","Regular school","No","Yes under the Community Eligibility Provision (CEP)","45","579","School is eligible for Title I Schoolwide program (SWP) and provides Title I Schoolwide program","No"
mixed - most recent,"510180000757","MOTON EARLY CHILDHOOD CENTER","VA","Hampton City Public Schools","Prekindergarten","Regular school","No","Yes under the Community Eligibility Provision (CEP)","17","248","School is not eligible for either Title I Targeted Assistance or Schoolwide program","No"
mixed - most recent,"510294001221","Mount Airy Elementary","VA","Pittsylvania County Public Schools","Primary","Regular school","No","Yes under the Community Eligibility Provision (CEP)","17","142","School is eligible for Title I Schoolwide program (SWP) and provides Title I Schoolwide program","No"
mixed - most recent,"510129002204","Mount Daniel Elementary","VA","Falls Church City Public Schools","Primary","Regular school","No","Yes participating without using any Provision or the CEP","37","461","School is not eligible for either Title I Targeted Assistance or Schoolwide program","No"
mixed - most recent,"510126000540","Mount Eagle Elementary","VA","Fairfax County Public Schools","Primary","Regular school","No","Yes under the Community Eligibility Provision (CEP)","26","347","School is eligible for Title I Schoolwide program (SWP) and provides Title I Schoolwide program","No"
mixed - most recent,"510300002474","MOUNT HERMON PRESCHOOL CENTER","VA","Portsmouth City Public Schools","Prekindergarten","Regular school","No","Yes under the Community Eligibility Provision (CEP)","18","256","School is not eligible for either Title I Targeted Assistance or Schoolwide program","No"
mixed - most recent,"510192002443","Mount Olivet Elementary","VA","Henry County Public Schools","Primary","Regular school","No","Yes under the Community Eligibility Provision (CEP)","20","280","School is eligible for Title I Schoolwide program (SWP) and provides Title I Schoolwide program","No"
mixed - most recent,"510333001464","Mount Pleasant Elementary","VA","Roanoke County Public Schools","Primary","Regular school","No","Yes under the Community Eligibility Provision (CEP)","21","250","School is eligible for Title I Schoolwide program (SWP) and provides Title I Schoolwide program","No"
mixed - most recent,"510415001816","Mount Vernon Elementary","VA","York County Public Schools","Primary","Regular school","No","Yes participating without using any Provision or the CEP","37","561","School is not eligible for either Title I Targeted Assistance or Schoolwide program","No"
mixed - most recent,"510012000050","Mount Vernon Elementary","VA","Alexandria City Public Schools","Primary","Regular school","No","Yes participating without using any Provision or the CEP","53","880","School is not eligible for either Title I Targeted Assistance or Schoolwide program","Yes"
mixed - most recent,"510126000542","MOUNT VERNON HIGH","VA","Fairfax County Public Schools","High","Regular school","No","Yes participating without using any Provision or the CEP","138","1959","School is not eligible for either Title I Targeted Assistance or Schoolwide program","No"
mixed - most recent,"510126000543","Mount Vernon Woods Elementary","VA","Fairfax County Public Schools","Primary","Regular school","No","Yes under the Community Eligibility Provision (CEP)","43","574","School is eligible for Title I Schoolwide program (SWP) and provides Title I Schoolwide program","No"
mixed - most recent,"510339002545","Mountain View Elementary","VA","Rockingham County Public Schools","Primary","Regular school","No","Yes participating without using any Provision or the CEP","29","406","School is eligible for Title I Schoolwide program (SWP) and provides Title I Schoolwide program","No"
mixed - most recent,"510337001485","Mountain View Elementary","VA","Rockbridge County Public Schools","Primary","Regular school","No","Yes under the Community Eligibility Provision (CEP)","13","145","School is eligible for Title I Schoolwide program (SWP) and provides Title I Schoolwide program","No"
mixed - most recent,"510333001463","Mountain View Elementary","VA","Roanoke County Public Schools","Primary","Regular school","No","Yes under the Community Eligibility Provision (CEP)","27","346","School is eligible for Title I Schoolwide program (SWP) and provides Title I Schoolwide program","No"
mixed - most recent,"510313001168","Mountain View Elementary","VA","Prince William County Public Schools","Primary","Regular school","No","Yes participating without using any Provision or the CEP","29","470","School is not eligible for either Title I Targeted Assistance or Schoolwide program","Yes"
mixed - most recent,"510225002415","Mountain View Elementary","VA","Loudoun County Public Schools","Primary","Regular school","No","Yes participating without using any Provision or the CEP","50","686","School is not eligible for either Title I Targeted Assistance or Schoolwide program","No"
mixed - most recent,"510015201938","Mountain View Elementary","VA","Alleghany Highlands Public Schools","Primary","Regular school","No","Yes under the Community Eligibility Provision (CEP)","36","446","School is eligible for Title I Schoolwide program (SWP) and provides Title I Schoolwide program","No"
mixed - most recent,"510009002173","Mountain View Elementary","VA","Albemarle County Public Schools","Primary","Regular school","No","Yes participating without using any Provision or the CEP","62","752","School is eligible for Title I Targeted Assistance (TAS) and provides TAS program","No"
mixed - most recent,"510366002464","MOUNTAIN VIEW HIGH","VA","Stafford County Public Schools","High","Regular school","No","Yes participating without using any Provision or the CEP","189","2203","School is not eligible for either Title I Targeted Assistance or Schoolwide program","No"
mixed - most recent,"510351001548","MOUNTAIN VIEW HIGH","VA","Shenandoah County Public Schools","High","Regular school","No","Yes under the Community Eligibility Provision (CEP)","39","628","School is not eligible for either Title I Targeted Assistance or Schoolwide program","No"
mixed - most recent,"510126001099","MOUNTAIN VIEW HIGH","VA","Fairfax County Public Schools","High","Other/alternative school","No","Missing/not reported","21","127","School is not eligible for either Title I Targeted Assistance or Schoolwide program","No"
mixed - most recent,"510010702697","Mountain Vista Governor's School","VA","Mountain Vista Governor's School","Not applicable","Regular school","No","Missing/not reported","","0","School is not eligible for either Title I Targeted Assistance or Schoolwide program","No"
mixed - most recent,"510002601576","N VIRGINIA REG SPEC ED PGM","VA","Northern Virginia Regional Special Education Pgm","Not applicable","Special education school","No","Missing/not reported","","0","School is not eligible for either Title I Targeted Assistance or Schoolwide program","No"
mixed - most recent,"510004202890","N.W.  (Northwestern) Regional Juvenile Detention Home","VA","Department of Education State-Operated Educ Prgms","Not applicable","Other/alternative school","No","Missing/not reported","","","School is not eligible for either Title I Targeted Assistance or Schoolwide program","No"
mixed - most recent,"510006002003","NANDUA HIGH","VA","Accomack County Public Schools","High","Regular school","No","Yes under the Community Eligibility Provision (CEP)","56","636","School is not eligible for either Title I Targeted Assistance or Schoolwide program","No"
mixed - most recent,"510006002433","NANDUA MIDDLE","VA","Accomack County Public Schools","Middle","Regular school","No","Yes under the Community Eligibility Provision (CEP)","44","474","School is eligible for Title I Schoolwide program (SWP) and provides Title I Schoolwide program","No"
mixed - most recent,"510371001878","Nansemond Parkway Elementary","VA","Suffolk City Public Schools","Primary","Regular school","No","Yes under the Community Eligibility Provision (CEP)","33","457","School is eligible for Title I Schoolwide program (SWP) and provides Title I Schoolwide program","No"
mixed - most recent,"510371002218","NANSEMOND RIVER HIGH","VA","Suffolk City Public Schools","High","Regular school","No","Yes under the Community Eligibility Provision (CEP)","109","1698","School is not eligible for either Title I Targeted Assistance or Schoolwide program","Yes"
mixed - most recent,"510012000048","Naomi L. Brooks Elementary","VA","Alexandria City Public Schools","Primary","Regular school","No","Yes participating without using any Provision or the CEP","23","335","School is not eligible for either Title I Targeted Assistance or Schoolwide program","No"
mixed - most recent,"510159000672","Narrows Elementary/Middle","VA","Giles County Public Schools","Primary","Regular school","No","Yes under the Community Eligibility Provision (CEP)","36","859","School is eligible for Title I Targeted Assistance (TAS) and provides TAS program","No"
mixed - most recent,"510159000673","NARROWS HIGH","VA","Giles County Public Schools","High","Regular school","No","Yes participating without using any Provision or the CEP","28","411","School is not eligible for either Title I Targeted Assistance or Schoolwide program","No"
mixed - most recent,"510171002190","Nathanael Greene Elementary","VA","Greene County Public Schools","Primary","Regular school","No","Yes under the Community Eligibility Provision (CEP)","26","353","School is eligible for Title I Schoolwide program (SWP) and provides Title I Schoolwide program","No"
mixed - most recent,"510171000700","NATHANAEL GREENE PRIMARY","VA","Greene County Public Schools","Primary","Regular school","No","Yes under the Community Eligibility Provision (CEP)","27","347","School is eligible for Title I Schoolwide program (SWP) and provides Title I Schoolwide program","No"
mixed - most recent,"510337001486","Natural Bridge Elementary","VA","Rockbridge County Public Schools","Primary","Regular school","No","Yes under the Community Eligibility Provision (CEP)","24","221","School is eligible for Title I Schoolwide program (SWP) and provides Title I Schoolwide program","No"
mixed - most recent,"510126000544","Navy Elementary","VA","Fairfax County Public Schools","Primary","Regular school","No","Yes participating without using any Provision or the CEP","54","913","School is not eligible for either Title I Targeted Assistance or Schoolwide program","No"
mixed - most recent,"510313001309","Neabsco Elementary","VA","Prince William County Public Schools","Primary","Regular school","No","Yes under the Community Eligibility Provision (CEP)","44","633","School is eligible for Title I Schoolwide program (SWP) and provides Title I Schoolwide program","Yes"
mixed - most recent,"510258001032","NELSON COUNTY HIGH","VA","Nelson County Public Schools","High","Regular school","No","Yes under the Community Eligibility Provision (CEP)","46","517","School is not eligible for either Title I Targeted Assistance or Schoolwide program","No"
mixed - most recent,"510258001033","NELSON MIDDLE","VA","Nelson County Public Schools","Middle","Regular school","No","Yes under the Community Eligibility Provision (CEP)","31","340","School is not eligible for either Title I Targeted Assistance or Schoolwide program","No"
mixed - most recent,"510189002856","New Bridge Learning Center","VA","Henrico County Public Schools","Not applicable","Other/alternative school","No","Missing/not reported","","","School is not eligible for either Title I Targeted Assistance or Schoolwide program","No"
mixed - most recent,"510051003105","New Buchanan High","VA","Buchanan County Public Schools","High","Regular school","No","","","","",""
mixed - most recent,"510384001931","New Castle Elementary","VA","Virginia Beach City Public Schools","Primary","Regular school","No","Yes participating without using any Provision or the CEP","40","715","School is not eligible for either Title I Targeted Assistance or Schoolwide program","No"
mixed - most recent,"510027002860","NEW DIRECTIONS ALTERNATIVE H.S. PROGRAM","VA","Arlington County Public Schools","Not applicable","Other/alternative school","No","Missing/not reported","","","School is not eligible for either Title I Targeted Assistance or Schoolwide program","No"
mixed - most recent,"510300001018","NEW DIRECTIONS CENTER","VA","Portsmouth City Public Schools","Not applicable","Other/alternative school","No","Yes under the Community Eligibility Provision (CEP)","4","","School is not eligible for either Title I Targeted Assistance or Schoolwide program","No"
mixed - most recent,"510198002421","NEW HOPE ACADEMY","VA","Hopewell City Public Schools","Not applicable","Other/alternative school","No","Missing/not reported","","","School is not eligible for either Title I Targeted Assistance or Schoolwide program","No"
mixed - most recent,"510000902051","New Horizons Butler Farm Campus","VA","New Horizons Career and Technical Center","Not applicable","Vocational school","No","Missing/not reported","","0","School is not eligible for either Title I Targeted Assistance or Schoolwide program","No"
mixed - most recent,"510217702233","New Horizons Governor's School","VA","New Horizons Governor's School","Not applicable","Regular school","No","Missing/not reported","","0","School is not eligible for either Title I Targeted Assistance or Schoolwide program","Yes"
mixed - most recent,"510000902022","New Horizons Woodside Campus","VA","New Horizons Career and Technical Center","Not applicable","Vocational school","No","Missing/not reported","","0","School is not eligible for either Title I Targeted Assistance or Schoolwide program","No"
mixed - most recent,"510261001039","New Kent Elementary","VA","New Kent County Public Schools","Primary","Regular school","No","Yes participating without using any Provision or the CEP","49","615","School is eligible for Title I Schoolwide program (SWP) and provides Title I Schoolwide program","No"
mixed - most recent,"510261002156","New Kent High","VA","New Kent County Public Schools","High","Regular school","No","Yes participating without using any Provision or the CEP","63","1120","School is not eligible for either Title I Targeted Assistance or Schoolwide program","No"
mixed - most recent,"510261001037","NEW KENT MIDDLE","VA","New Kent County Public Schools","Middle","Regular school","No","Yes participating without using any Provision or the CEP","52","770","School is not eligible for either Title I Targeted Assistance or Schoolwide program","No"
mixed - most recent,"510036002109","New London Academy Elementary","VA","Bedford County Public Schools","Primary","Regular school","No","Yes participating without using any Provision or the CEP","20","333","School is not eligible for either Title I Targeted Assistance or Schoolwide program","No"
mixed - most recent,"510216003100","New Middle-High School","VA","Lancaster County Public Schools","High","Regular school","No","","","","",""
mixed - most recent,"510004202390","NEW RIVER VALLEY JUVENILE DETENTION HOME","VA","Department of Education State-Operated Educ Prgms","Not applicable","Other/alternative school","No","Missing/not reported","","","School is not eligible for either Title I Targeted Assistance or Schoolwide program","No"
mixed - most recent,"510189001908","New Start - Basic Alternative Center","VA","Henrico County Public Schools","Not applicable","Other/alternative school","No","Missing/not reported","","","School is not eligible for either Title I Targeted Assistance or Schoolwide program","No"
mixed - most recent,"510126001993","Newington Forest Elementary","VA","Fairfax County Public Schools","Primary","Regular school","No","Yes participating without using any Provision or the CEP","36","572","School is not eligible for either Title I Targeted Assistance or Schoolwide program","No"
mixed - most recent,"510001702639","NEWPORT ACADEMY","VA","New Horizons Regional Education Center - Special Education","Not applicable","Special education school","No","Missing/not reported","","0","School is not eligible for either Title I Targeted Assistance or Schoolwide program","No"
mixed - most recent,"510264002987","Newport News & York County Governor's Health Science Academy","VA","Newport News City Public Schools","Not applicable","Vocational school","No","Missing/not reported","4","","School is not eligible for either Title I Targeted Assistance or Schoolwide program","No"
mixed - most recent,"510004202391","NEWPORT NEWS JUVENILE DETENTION HOME","VA","Department of Education State-Operated Educ Prgms","Not applicable","Other/alternative school","No","Missing/not reported","","","School is not eligible for either Title I Targeted Assistance or Schoolwide program","No"
mixed - most recent,"510264001065","Newsome Park Elementary","VA","Newport News City Public Schools","Primary","Regular school","No","Yes under the Community Eligibility Provision (CEP)","36","477","School is eligible for Title I Schoolwide program (SWP) and provides Title I Schoolwide program","Yes"
mixed - most recent,"510225002448","Newton-Lee Elementary","VA","Loudoun County Public Schools","Primary","Regular school","No","Yes participating without using any Provision or the CEP","44","565","School is not eligible for either Title I Targeted Assistance or Schoolwide program","No"
mixed - most recent,"510384001704","Newtown Elementary","VA","Virginia Beach City Public Schools","Primary","Regular school","No","Yes under the Community Eligibility Provision (CEP)","41","443","School is eligible for Title I Schoolwide program (SWP) and provides Title I Schoolwide program","No"
mixed - most recent,"510364001922","NI RIVER MIDDLE","VA","Spotsylvania County Public Schools","Middle","Regular school","No","Yes participating without using any Provision or the CEP","53","717","School is not eligible for either Title I Targeted Assistance or Schoolwide program","No"
mixed - most recent,"510348001534","Nickelsville Elementary","VA","Scott County Public Schools","Primary","Regular school","No","Yes under the Community Eligibility Provision (CEP)","21","298","School is eligible for Title I Schoolwide program (SWP) and provides Title I Schoolwide program","No"
mixed - most recent,"510330002628","NOEL C. TAYLOR ACADEMY AT OAKLAND","VA","Roanoke City Public Schools","Not applicable","Other/alternative school","No","Yes under the Community Eligibility Provision (CEP)","15","","School is not eligible for either Title I Targeted Assistance or Schoolwide program","No"
mixed - most recent,"510267002943","NORFOLK ALTERNATIVE HIGH","VA","Norfolk City Public Schools","Not applicable","Other/alternative school","No","Missing/not reported","13","","School is not eligible for either Title I Targeted Assistance or Schoolwide program","No"
mixed - most recent,"510267002948","NORFOLK ALTERNATIVE MIDDLE","VA","Norfolk City Public Schools","Not applicable","Other/alternative school","No","Missing/not reported","","","School is not eligible for either Title I Targeted Assistance or Schoolwide program","No"
mixed - most recent,"510081000302","NORFOLK HIGHLANDS PRIMARY","VA","Chesapeake City Public Schools","Primary","Regular school","No","Yes under the Community Eligibility Provision (CEP)","22","284","School is eligible for Title I Schoolwide program (SWP) and provides Title I Schoolwide program","No"
mixed - most recent,"510004202392","NORFOLK JUVENILE DETENTION CENTER","VA","Department of Education State-Operated Educ Prgms","Not applicable","Other/alternative school","No","Missing/not reported","","","School is not eligible for either Title I Targeted Assistance or Schoolwide program","No"
mixed - most recent,"510267001119","Norfolk Technical Center","VA","Norfolk City Public Schools","Not applicable","Vocational school","No","Yes under the Community Eligibility Provision (CEP)","23","","School is not eligible for either Title I Targeted Assistance or Schoolwide program","No"
mixed - most recent,"510402001775","Norge Elementary","VA","Williamsburg-James City County Public Schools","Primary","Regular school","No","Yes under the Community Eligibility Provision (CEP)","53","631","School is eligible for Title I Targeted Assistance (TAS) and provides TAS program","No"
mixed - most recent,"510309001279","North Elementary","VA","Prince George County Public Schools","Primary","Regular school","No","Yes participating without using any Provision or the CEP","50","785","School is eligible for Title I Schoolwide program (SWP) and provides Title I Schoolwide program","No"
mixed - most recent,"510096000365","North Elementary","VA","Colonial Heights City Public Schools","Primary","Regular school","No","Yes under the Community Eligibility Provision (CEP)","25","331","School is eligible for Title I Targeted Assistance (TAS) and provides TAS program","No"
mixed - most recent,"510351000581","NORTH FORK MIDDLE","VA","Shenandoah County Public Schools","Middle","Regular school","No","Yes under the Community Eligibility Provision (CEP)","32","350","School is not eligible for either Title I Targeted Assistance or Schoolwide program","No"
mixed - most recent,"510384001705","North Landing Elementary","VA","Virginia Beach City Public Schools","Primary","Regular school","No","Yes participating without using any Provision or the CEP","28","455","School is not eligible for either Title I Targeted Assistance or Schoolwide program","No"
mixed - most recent,"510030000127","North River Elementary","VA","Augusta County Public Schools","Primary","Regular school","No","Yes participating without using any Provision or the CEP","19","239","School is eligible for Title I Schoolwide program (SWP) and provides Title I Schoolwide program","No"
mixed - most recent,"510126000546","North Springfield Elementary","VA","Fairfax County Public Schools","Primary","Regular school","No","Yes participating without using any Provision or the CEP","41","484","School is not eligible for either Title I Targeted Assistance or Schoolwide program","No"
mixed - most recent,"510366001979","NORTH STAFFORD HIGH","VA","Stafford County Public Schools","High","Regular school","No","Yes participating without using any Provision or the CEP","158","1925","School is not eligible for either Title I Targeted Assistance or Schoolwide program","No"
mixed - most recent,"510366003064","NORTH STAR EARLY CHILDHOOD EDUCATION CENTER","VA","Stafford County Public Schools","Prekindergarten","Regular school","No","Yes under the Community Eligibility Provision (CEP)","26","265","School is not eligible for either Title I Targeted Assistance or Schoolwide program","No"
mixed - most recent,"510271001155","NORTHAMPTON HIGH","VA","Northampton County Public Schools","High","Regular school","No","Yes under the Community Eligibility Provision (CEP)","33","433","School is not eligible for either Title I Targeted Assistance or Schoolwide program","No"
mixed - most recent,"510271002963","NORTHAMPTON MIDDLE","VA","Northampton County Public Schools","Middle","Regular school","No","Yes under the Community Eligibility Provision (CEP)","15","206","School is not eligible for either Title I Targeted Assistance or Schoolwide program","No"
mixed - most recent,"510001202978","Northern Neck Gov Stem Academy/Agric & Maritime Studies","VA","NORTHERN NECK TECHNICAL CENTER","Not applicable","Vocational school","No","Missing/not reported","","0","School is not eligible for either Title I Targeted Assistance or Schoolwide program","No"
mixed - most recent,"510009702367","NORTHERN NECK REGIONAL ALTERNATIVE ED","VA","NORTHERN NECK REGIONAL ALTERNATIVE ED","Not applicable","Other/alternative school","No","Missing/not reported","","0","School is not eligible for either Title I Targeted Assistance or Schoolwide program","No"
mixed - most recent,"510001202025","NORTHERN NECK TECHNICAL CENTER","VA","NORTHERN NECK TECHNICAL CENTER","Not applicable","Vocational school","No","Missing/not reported","","0","School is not eligible for either Title I Targeted Assistance or Schoolwide program","No"
mixed - most recent,"510371001475","Northern Shores Elementary","VA","Suffolk City Public Schools","Primary","Regular school","No","Yes under the Community Eligibility Provision (CEP)","48","822","School is not eligible for either Title I Targeted Assistance or Schoolwide program","No"
mixed - most recent,"510005102300","NORTHERN VA. TR. CTR. E.P","VA","Northern Virginia Training Center","Other","Special education school","No","Missing/not reported","","0","School is not eligible for either Title I Targeted Assistance or Schoolwide program","No"
mixed - most recent,"510004202376","NORTHERN VIRGINIA JUVENILE DETENTION HOME","VA","Department of Education State-Operated Educ Prgms","Not applicable","Other/alternative school","No","Missing/not reported","","","School is not eligible for either Title I Targeted Assistance or Schoolwide program","No"
mixed - most recent,"510333001465","NORTHSIDE HIGH","VA","Roanoke County Public Schools","High","Regular school","No","Yes participating without using any Provision or the CEP","62","950","School is not eligible for either Title I Targeted Assistance or Schoolwide program","No"
mixed - most recent,"510333001466","NORTHSIDE MIDDLE","VA","Roanoke County Public Schools","Middle","Regular school","No","Yes participating without using any Provision or the CEP","49","627","School is not eligible for either Title I Targeted Assistance or Schoolwide program","No"
mixed - most recent,"510267001120","NORTHSIDE MIDDLE","VA","Norfolk City Public Schools","Middle","Regular school","No","Yes under the Community Eligibility Provision (CEP)","60","763","School is not eligible for either Title I Targeted Assistance or Schoolwide program","No"
mixed - most recent,"510273001392","Northumberland Elementary","VA","Northumberland County Public Schools","Primary","Regular school","No","Yes under the Community Eligibility Provision (CEP)","49","541","School is eligible for Title I Schoolwide program (SWP) and provides Title I Schoolwide program","No"
mixed - most recent,"510273001159","NORTHUMBERLAND HIGH","VA","Northumberland County Public Schools","High","Regular school","No","Yes under the Community Eligibility Provision (CEP)","36","383","School is not eligible for either Title I Targeted Assistance or Schoolwide program","No"
mixed - most recent,"510273001941","NORTHUMBERLAND MIDDLE","VA","Northumberland County Public Schools","Middle","Regular school","No","Yes under the Community Eligibility Provision (CEP)","28","276","School is not eligible for either Title I Targeted Assistance or Schoolwide program","No"
mixed - most recent,"510002501575","Northwester Regional Educational Programs","VA","Northwestern Regional Education Program","Not applicable","Special education school","No","Missing/not reported","","0","School is not eligible for either Title I Targeted Assistance or Schoolwide program","No"
mixed - most recent,"510352001563","NORTHWOOD HIGH","VA","Smyth County Public Schools","High","Regular school","No","Yes under the Community Eligibility Provision (CEP)","22","240","School is not eligible for either Title I Targeted Assistance or Schoolwide program","No"
mixed - most recent,"510352001411","NORTHWOOD MIDDLE","VA","Smyth County Public Schools","Middle","Regular school","No","Yes under the Community Eligibility Provision (CEP)","18","151","School is not eligible for either Title I Targeted Assistance or Schoolwide program","No"
mixed - most recent,"510276001163","Norton Elementary","VA","Norton City Public Schools","Primary","Regular school","No","Yes under the Community Eligibility Provision (CEP)","42","501","School is eligible for Title I Targeted Assistance (TAS) and provides TAS program","No"
mixed - most recent,"510267001121","Norview Elementary","VA","Norfolk City Public Schools","Primary","Regular school","No","Yes under the Community Eligibility Provision (CEP)","31","395","School is eligible for Title I Schoolwide program (SWP) and provides Title I Schoolwide program","No"
mixed - most recent,"510267001122","NORVIEW HIGH","VA","Norfolk City Public Schools","High","Regular school","No","Yes under the Community Eligibility Provision (CEP)","118","1915","School is not eligible for either Title I Targeted Assistance or Schoolwide program","Yes"
mixed - most recent,"510267001123","NORVIEW MIDDLE","VA","Norfolk City Public Schools","Middle","Regular school","No","Yes under the Community Eligibility Provision (CEP)","84","1259","School is eligible for Title I Schoolwide program (SWP) and provides Title I Schoolwide program","No"
mixed - most recent,"510027000102","Nottingham Elementary","VA","Arlington County Public Schools","Primary","Regular school","No","Yes participating without using any Provision or the CEP","32","409","School is not eligible for either Title I Targeted Assistance or Schoolwide program","No"
mixed - most recent,"510360002313","Nottoway Elementary","VA","Southampton County Public Schools","Primary","Regular school","No","Yes under the Community Eligibility Provision (CEP)","16","249","School is eligible for Title I Schoolwide program (SWP) and provides Title I Schoolwide program","No"
mixed - most recent,"510279001942","NOTTOWAY HIGH","VA","Nottoway County Public Schools","High","Regular school","No","Yes under the Community Eligibility Provision (CEP)","41","536","School is not eligible for either Title I Targeted Assistance or Schoolwide program","No"
mixed - most recent,"510279001165","NOTTOWAY INTERMEDIATE","VA","Nottoway County Public Schools","Middle","Regular school","No","Yes under the Community Eligibility Provision (CEP)","18","256","School is eligible for Title I Schoolwide program (SWP) and provides Title I Schoolwide program","No"
mixed - most recent,"510279001943","NOTTOWAY MIDDLE","VA","Nottoway County Public Schools","Middle","Regular school","No","Yes under the Community Eligibility Provision (CEP)","25","263","School is eligible for Title I Targeted Assistance (TAS) and provides TAS program","No"
mixed - most recent,"510189001624","Nuckols Farm Elementary","VA","Henrico County Public Schools","Primary","Regular school","No","Yes participating without using any Provision or the CEP","36","590","School is not eligible for either Title I Targeted Assistance or Schoolwide program","No"
mixed - most recent,"510111000394","O. TRENT BONNER MIDDLE","VA","Danville City Public Schools","Middle","Regular school","No","Yes under the Community Eligibility Provision (CEP)","47","678","School is eligible for Title I Schoolwide program (SWP) and provides Title I Schoolwide program","No"
mixed - most recent,"510084001989","O.B. Gates Elementary","VA","Chesterfield County Public Schools","Primary","Regular school","No","Yes participating without using any Provision or the CEP","53","563","School is not eligible for either Title I Targeted Assistance or Schoolwide program","No"
mixed - most recent,"510333001467","Oak Grove Elementary","VA","Roanoke County Public Schools","Primary","Regular school","No","Yes participating without using any Provision or the CEP","28","415","School is not eligible for either Title I Targeted Assistance or Schoolwide program","No"
mixed - most recent,"510324001387","Oak Grove/Bellemeade Elementary","VA","Richmond City Public Schools","Primary","Regular school","No","Yes under the Community Eligibility Provision (CEP)","49","594","School is eligible for Title I Schoolwide program (SWP) and provides Title I Schoolwide program","No"
mixed - most recent,"510126001994","Oak Hill Elementary","VA","Fairfax County Public Schools","Primary","Regular school","No","Yes participating without using any Provision or the CEP","45","700","School is not eligible for either Title I Targeted Assistance or Schoolwide program","No"
mixed - most recent,"510183002277","OAK KNOLL MIDDLE","VA","Hanover County Public Schools","Middle","Regular school","No","Yes participating without using any Provision or the CEP","78","941","School is not eligible for either Title I Targeted Assistance or Schoolwide program","No"
mixed - most recent,"510352001559","Oak Point Elementary","VA","Smyth County Public Schools","Primary","Regular school","No","Yes under the Community Eligibility Provision (CEP)","32","359","School is eligible for Title I Schoolwide program (SWP) and provides Title I Schoolwide program","No"
mixed - most recent,"510129001844","Oak Street Elementary","VA","Falls Church City Public Schools","Primary","Regular school","No","Yes participating without using any Provision or the CEP","39","526","School is eligible for Title I Targeted Assistance (TAS) and provides TAS program","No"
mixed - most recent,"510126000548","Oak View Elementary","VA","Fairfax County Public Schools","Primary","Regular school","No","Yes participating without using any Provision or the CEP","43","764","School is not eligible for either Title I Targeted Assistance or Schoolwide program","No"
mixed - most recent,"510371001626","Oakland Elementary","VA","Suffolk City Public Schools","Primary","Regular school","No","Yes under the Community Eligibility Provision (CEP)","31","469","School is not eligible for either Title I Targeted Assistance or Schoolwide program","No"
mixed - most recent,"510069000253","Oakland Elementary","VA","Carroll County Public Schools","Primary","Regular school","No","Yes under the Community Eligibility Provision (CEP)","15","180","School is eligible for Title I Schoolwide program (SWP) and provides Title I Schoolwide program","No"
mixed - most recent,"510027000103","Oakridge Elementary","VA","Arlington County Public Schools","Primary","Regular school","No","Yes participating without using any Provision or the CEP","44","674","School is not eligible for either Title I Targeted Assistance or Schoolwide program","No"
mixed - most recent,"510126000549","Oakton Elementary","VA","Fairfax County Public Schools","Primary","Regular school","No","Yes participating without using any Provision or the CEP","48","778","School is not eligible for either Title I Targeted Assistance or Schoolwide program","No"
mixed - most recent,"510126000550","OAKTON HIGH","VA","Fairfax County Public Schools","High","Regular school","No","Yes participating without using any Provision or the CEP","154","2701","School is not eligible for either Title I Targeted Assistance or Schoolwide program","No"
mixed - most recent,"510271000554","Occohannock Elementary","VA","Northampton County Public Schools","Primary","Regular school","No","Yes under the Community Eligibility Provision (CEP)","32","369","School is eligible for Title I Schoolwide program (SWP) and provides Title I Schoolwide program","No"
mixed - most recent,"510313001312","Occoquan Elementary","VA","Prince William County Public Schools","Primary","Regular school","No","Yes under the Community Eligibility Provision (CEP)","40","624","School is eligible for Title I Schoolwide program (SWP) and provides Title I Schoolwide program","Yes"
mixed - most recent,"510384002167","Ocean Lakes Elementary","VA","Virginia Beach City Public Schools","Primary","Regular school","No","Yes participating without using any Provision or the CEP","36","571","School is not eligible for either Title I Targeted Assistance or Schoolwide program","No"
mixed - most recent,"510384001046","OCEAN LAKES HIGH","VA","Virginia Beach City Public Schools","High","Regular school","No","Yes participating without using any Provision or the CEP","122","1855","School is not eligible for either Title I Targeted Assistance or Schoolwide program","Yes"
mixed - most recent,"510267001125","Ocean View Elementary","VA","Norfolk City Public Schools","Primary","Regular school","No","Yes under the Community Eligibility Provision (CEP)","36","456","School is eligible for Title I Schoolwide program (SWP) and provides Title I Schoolwide program","No"
mixed - most recent,"510267001126","Oceanair Elementary","VA","Norfolk City Public Schools","Primary","Regular school","No","Yes under the Community Eligibility Provision (CEP)","33","435","School is eligible for Title I Schoolwide program (SWP) and provides Title I Schoolwide program","No"
mixed - most recent,"510313001170","Old Bridge Elementary","VA","Prince William County Public Schools","Primary","Regular school","No","Yes participating without using any Provision or the CEP","31","484","School is not eligible for either Title I Targeted Assistance or Schoolwide program","Yes"
mixed - most recent,"510384001353","OLD DONATION SCHOOL","VA","Virginia Beach City Public Schools","Middle","Regular school","No","Yes participating without using any Provision or the CEP","87","1335","School is not eligible for either Title I Targeted Assistance or Schoolwide program","Yes"
mixed - most recent,"510084003066","Old Hundred Elementary","VA","Chesterfield County Public Schools","Primary","Regular school","No","Yes participating without using any Provision or the CEP","58","997","School is not eligible for either Title I Targeted Assistance or Schoolwide program","No"
mixed - most recent,"510126000551","Olde Creek Elementary","VA","Fairfax County Public Schools","Primary","Regular school","No","Yes participating without using any Provision or the CEP","35","358","School is not eligible for either Title I Targeted Assistance or Schoolwide program","No"
mixed - most recent,"510300002859","Olive Branch Preschool Center","VA","Portsmouth City Public Schools","Prekindergarten","Regular school","No","Yes under the Community Eligibility Provision (CEP)","16","191","School is not eligible for either Title I Targeted Assistance or Schoolwide program","No"
mixed - most recent,"510264002068","Oliver C. Greenwood Elementary","VA","Newport News City Public Schools","Primary","Regular school","No","Yes under the Community Eligibility Provision (CEP)","32","552","School is eligible for Title I Schoolwide program (SWP) and provides Title I Schoolwide program","No"
mixed - most recent,"510324001373","OPEN HIGH","VA","Richmond City Public Schools","High","Regular school","No","Yes under the Community Eligibility Provision (CEP)","15","183","School is not eligible for either Title I Targeted Assistance or Schoolwide program","No"
mixed - most recent,"510282001174","Orange County High","VA","Orange County Public Schools","High","Regular school","No","Yes participating without using any Provision or the CEP","90","1476","School is not eligible for either Title I Targeted Assistance or Schoolwide program","No"
mixed - most recent,"510282001175","Orange Elementary","VA","Orange County Public Schools","Primary","Regular school","No","Yes under the Community Eligibility Provision (CEP)","41","649","School is eligible for Title I Schoolwide program (SWP) and provides Title I Schoolwide program","No"
mixed - most recent,"510126000552","Orange Hunt Elementary","VA","Fairfax County Public Schools","Primary","Regular school","No","Yes participating without using any Provision or the CEP","54","872","School is not eligible for either Title I Targeted Assistance or Schoolwide program","Yes"
mixed - most recent,"510147002534","Orchard View Elementary","VA","Frederick County Public Schools","Primary","Regular school","No","Yes participating without using any Provision or the CEP","33","461","School is eligible for Title I Schoolwide program (SWP) and provides Title I Schoolwide program","No"
mixed - most recent,"510236000978","OSBOURN HIGH","VA","Manassas City Public Schools","High","Regular school","No","Yes under the Community Eligibility Provision (CEP)","133","2323","School is not eligible for either Title I Targeted Assistance or Schoolwide program","No"
mixed - most recent,"510313001313","OSBOURN PARK HIGH","VA","Prince William County Public Schools","High","Regular school","No","Yes participating without using any Provision or the CEP","160","2757","School is not eligible for either Title I Targeted Assistance or Schoolwide program","Yes"
mixed - most recent,"510081000303","Oscar F. Smith High","VA","Chesapeake City Public Schools","High","Regular school","No","Yes under the Community Eligibility Provision (CEP)","164","2291","School is not eligible for either Title I Targeted Assistance or Schoolwide program","No"
mixed - most recent,"510081000310","OSCAR SMITH MIDDLE","VA","Chesapeake City Public Schools","Middle","Regular school","No","Yes under the Community Eligibility Provision (CEP)","88","958","School is eligible for Title I Schoolwide program (SWP) and provides Title I Schoolwide program","No"
mixed - most recent,"510036000155","Otter River Elementary","VA","Bedford County Public Schools","Primary","Regular school","No","Yes participating without using any Provision or the CEP","15","198","School is not eligible for either Title I Targeted Assistance or Schoolwide program","No"
mixed - most recent,"510339001507","Ottobine Elementary","VA","Rockingham County Public Schools","Primary","Regular school","No","Yes under the Community Eligibility Provision (CEP)","13","192","School is eligible for Title I Schoolwide program (SWP) and provides Title I Schoolwide program","No"
mixed - most recent,"510324001389","Overby-Sheppard Elementary","VA","Richmond City Public Schools","Primary","Regular school","No","Yes under the Community Eligibility Provision (CEP)","21","268","School is eligible for Title I Schoolwide program (SWP) and provides Title I Schoolwide program","No"
mixed - most recent,"510132000611","P.B. Smith Elementary","VA","Fauquier County Public Schools","Primary","Regular school","No","Yes participating without using any Provision or the CEP","27","421","School is not eligible for either Title I Targeted Assistance or Schoolwide program","No"
mixed - most recent,"510267001147","P.B. Young Sr. Elementary","VA","Norfolk City Public Schools","Primary","Regular school","No","Yes under the Community Eligibility Provision (CEP)","25","228","School is eligible for Title I Schoolwide program (SWP) and provides Title I Schoolwide program","No"
mixed - most recent,"510177001907","PACE ACADEMY","VA","Halifax County Public Schools","Not applicable","Other/alternative school","No","Missing/not reported","4","","School is not eligible for either Title I Targeted Assistance or Schoolwide program","No"
mixed - most recent,"510313000940","Pace West","VA","Prince William County Public Schools","Not applicable","Special education school","No","Yes under the Community Eligibility Provision (CEP)","18","","",""
mixed - most recent,"510285001181","PAGE COUNTY HIGH","VA","Page County Public Schools","High","Regular school","No","Yes under the Community Eligibility Provision (CEP)","37","495","School is not eligible for either Title I Targeted Assistance or Schoolwide program","No"
mixed - most recent,"510285002801","PAGE COUNTY MIDDLE","VA","Page County Public Schools","Middle","Regular school","No","Yes under the Community Eligibility Provision (CEP)","29","352","School is not eligible for either Title I Targeted Assistance or Schoolwide program","No"
mixed - most recent,"510285000578","Page County Technical Center","VA","Page County Public Schools","Not applicable","Vocational school","No","Missing/not reported","12","","School is not eligible for either Title I Targeted Assistance or Schoolwide program","No"
mixed - most recent,"510162003022","PAGE MIDDLE","VA","Gloucester County Public Schools","Middle","Regular school","No","Yes under the Community Eligibility Provision (CEP)","47","581","School is not eligible for either Title I Targeted Assistance or Schoolwide program","No"
mixed - most recent,"510111000395","Park Avenue Elementary","VA","Danville City Public Schools","Primary","Regular school","No","Yes under the Community Eligibility Provision (CEP)","26","366","School is eligible for Title I Schoolwide program (SWP) and provides Title I Schoolwide program","No"
mixed - most recent,"510366002201","Park Ridge Elementary","VA","Stafford County Public Schools","Primary","Regular school","No","Yes participating without using any Provision or the CEP","50","865","School is not eligible for either Title I Targeted Assistance or Schoolwide program","No"
mixed - most recent,"510300001258","Park View Elementary","VA","Portsmouth City Public Schools","Primary","Regular school","No","Yes under the Community Eligibility Provision (CEP)","31","463","School is eligible for Title I Schoolwide program (SWP) and provides Title I Schoolwide program","No"
mixed - most recent,"510246001008","PARK VIEW HIGH","VA","Mecklenburg County Public Schools","High","Regular school","No","Missing/not reported","69","842","School is not eligible for either Title I Targeted Assistance or Schoolwide program","No"
mixed - most recent,"510225000928","PARK VIEW HIGH","VA","Loudoun County Public Schools","High","Regular school","No","Yes under the Community Eligibility Provision (CEP)","142","1455","School is eligible for Title I Schoolwide program (SWP) and provides Title I Schoolwide program","No"
mixed - most recent,"510246001007","PARK VIEW MIDDLE","VA","Mecklenburg County Public Schools","Middle","Regular school","No","Missing/not reported","47","504","School is not eligible for either Title I Targeted Assistance or Schoolwide program","No"
mixed - most recent,"510126000553","Parklawn Elementary","VA","Fairfax County Public Schools","Primary","Regular school","No","Yes under the Community Eligibility Provision (CEP)","58","902","School is eligible for Title I Schoolwide program (SWP) and provides Title I Schoolwide program","No"
mixed - most recent,"510364002318","Parkside Elementary","VA","Spotsylvania County Public Schools","Primary","Regular school","No","Yes participating without using any Provision or the CEP","52","941","School is not eligible for either Title I Targeted Assistance or Schoolwide program","No"
mixed - most recent,"510313001315","PARKSIDE MIDDLE","VA","Prince William County Public Schools","Middle","Regular school","No","Yes participating without using any Provision or the CEP","98","1421","School is not eligible for either Title I Targeted Assistance or Schoolwide program","Yes"
mixed - most recent,"510384002107","Parkway Elementary","VA","Virginia Beach City Public Schools","Primary","Regular school","No","Yes under the Community Eligibility Provision (CEP)","40","469","School is eligible for Title I Schoolwide program (SWP) and provides Title I Schoolwide program","No"
mixed - most recent,"510056000217","PARRY MCCLUER HIGH","VA","Buena Vista City Public Schools","High","Regular school","No","Yes under the Community Eligibility Provision (CEP)","24","330","School is not eligible for either Title I Targeted Assistance or Schoolwide program","No"
mixed - most recent,"510056000218","PARRY MCCLUER MIDDLE","VA","Buena Vista City Public Schools","Middle","Regular school","No","Yes under the Community Eligibility Provision (CEP)","7","119","School is not eligible for either Title I Targeted Assistance or Schoolwide program","No"
mixed - most recent,"510198000870","Patrick Copeland Elementary","VA","Hopewell City Public Schools","Primary","Regular school","No","Yes under the Community Eligibility Provision (CEP)","41","600","School is eligible for Title I Schoolwide program (SWP) and provides Title I Schoolwide program","No"
mixed - most recent,"510288001188","PATRICK COUNTY HIGH","VA","Patrick County Public Schools","High","Regular school","No","Yes under the Community Eligibility Provision (CEP)","69","851","School is not eligible for either Title I Targeted Assistance or Schoolwide program","No"
mixed - most recent,"510240002617","Patrick Henry Elementary","VA","Martinsville City Public Schools","Primary","Regular school","No","Yes under the Community Eligibility Provision (CEP)","27","343","School is eligible for Title I Schoolwide program (SWP) and provides Title I Schoolwide program","No"
mixed - most recent,"510390001749","PATRICK HENRY HIGH","VA","Washington County Public Schools","High","Regular school","No","Yes under the Community Eligibility Provision (CEP)","31","366","School is not eligible for either Title I Targeted Assistance or Schoolwide program","No"
mixed - most recent,"510330001430","PATRICK HENRY HIGH","VA","Roanoke City Public Schools","High","Regular school","No","Yes under the Community Eligibility Provision (CEP)","134","2005","School is not eligible for either Title I Targeted Assistance or Schoolwide program","No"
mixed - most recent,"510183000776","PATRICK HENRY HIGH","VA","Hanover County Public Schools","High","Regular school","No","Yes participating without using any Provision or the CEP","95","1323","School is not eligible for either Title I Targeted Assistance or Schoolwide program","No"
mixed - most recent,"510012000052","Patrick Henry K-8 School","VA","Alexandria City Public Schools","Primary","Regular school","No","Yes under the Community Eligibility Provision (CEP)","64","978","School is eligible for Title I Schoolwide program (SWP) and provides Title I Schoolwide program","No"
mixed - most recent,"510324002807","PATRICK HENRY SCHOOL OF SCIENCE AND ARTS","VA","Richmond City Public Schools","Primary","Regular school","Yes","Yes under the Community Eligibility Provision (CEP)","23","309","School is not eligible for either Title I Targeted Assistance or Schoolwide program","No"
mixed - most recent,"510288001189","Patrick Springs Primary","VA","Patrick County Public Schools","Primary","Regular school","No","Yes under the Community Eligibility Provision (CEP)","18","256","School is eligible for Title I Schoolwide program (SWP) and provides Title I Schoolwide program","No"
mixed - most recent,"510313002850","PATRIOT HIGH","VA","Prince William County Public Schools","High","Regular school","No","Yes participating without using any Provision or the CEP","133","2131","School is not eligible for either Title I Targeted Assistance or Schoolwide program","Yes"
mixed - most recent,"510180000750","Paul Burbank Elementary","VA","Hampton City Public Schools","Primary","Regular school","No","Yes under the Community Eligibility Provision (CEP)","32","443","School is not eligible for either Title I Targeted Assistance or Schoolwide program","No"
mixed - most recent,"510234000955","Paul Laurence Dunbar Middle for Innovation","VA","Lynchburg City Public Schools","Middle","Regular school","No","Yes under the Community Eligibility Provision (CEP)","47","531","School is not eligible for either Title I Targeted Assistance or Schoolwide program","Yes"
mixed - most recent,"510234000963","Paul Munro Elementary","VA","Lynchburg City Public Schools","Primary","Regular school","No","Yes under the Community Eligibility Provision (CEP)","24","369","School is eligible for Title I Schoolwide program (SWP) and provides Title I Schoolwide program","No"
mixed - most recent,"510339002310","Peak View Elementary","VA","Rockingham County Public Schools","Primary","Regular school","No","Yes participating without using any Provision or the CEP","34","525","School is not eligible for either Title I Targeted Assistance or Schoolwide program","No"
mixed - most recent,"510105000380","Pearl Sample Elementary","VA","Culpeper County Public Schools","Primary","Regular school","No","Yes under the Community Eligibility Provision (CEP)","40","632","School is eligible for Title I Schoolwide program (SWP) and provides Title I Schoolwide program","No"
mixed - most recent,"510183000777","Pearson's Corner Elementary","VA","Hanover County Public Schools","Primary","Regular school","No","Yes participating without using any Provision or the CEP","37","575","School is not eligible for either Title I Targeted Assistance or Schoolwide program","No"
mixed - most recent,"510162002188","PEASLEY MIDDLE","VA","Gloucester County Public Schools","Middle","Regular school","No","Yes participating without using any Provision or the CEP","49","620","School is not eligible for either Title I Targeted Assistance or Schoolwide program","No"
mixed - most recent,"510189000819","Pemberton Elementary","VA","Henrico County Public Schools","Primary","Regular school","No","Yes participating without using any Provision or the CEP","27","354","School is not eligible for either Title I Targeted Assistance or Schoolwide program","No"
mixed - most recent,"510384001707","Pembroke Elementary","VA","Virginia Beach City Public Schools","Primary","Regular school","No","Yes under the Community Eligibility Provision (CEP)","48","522","School is not eligible for either Title I Targeted Assistance or Schoolwide program","No"
mixed - most recent,"510384001708","Pembroke Meadows Elementary","VA","Virginia Beach City Public Schools","Primary","Regular school","No","Yes participating without using any Provision or the CEP","34","497","School is not eligible for either Title I Targeted Assistance or Schoolwide program","No"
mixed - most recent,"510333001468","Penn Forest Elementary","VA","Roanoke County Public Schools","Primary","Regular school","No","Yes participating without using any Provision or the CEP","29","400","School is not eligible for either Title I Targeted Assistance or Schoolwide program","No"
mixed - most recent,"510219000900","PENNINGTON MIDDLE","VA","Lee County Public Schools","Middle","Regular school","No","Yes under the Community Eligibility Provision (CEP)","28","274","School is eligible for Title I Schoolwide program (SWP) and provides Title I Schoolwide program","No"
mixed - most recent,"510313002418","PENNINGTON TRADITIONAL","VA","Prince William County Public Schools","Primary","Regular school","No","Yes participating without using any Provision or the CEP","37","654","School is not eligible for either Title I Targeted Assistance or Schoolwide program","Yes"
mixed - most recent,"510234000964","Perrymont Elementary","VA","Lynchburg City Public Schools","Primary","Regular school","No","Yes under the Community Eligibility Provision (CEP)","26","337","School is eligible for Title I Schoolwide program (SWP) and provides Title I Schoolwide program","No"
mixed - most recent,"510351000958","PETER MUHLENBERG MIDDLE","VA","Shenandoah County Public Schools","Middle","Regular school","No","Yes under the Community Eligibility Provision (CEP)","43","451","School is not eligible for either Title I Targeted Assistance or Schoolwide program","No"
mixed - most recent,"510291001198","PETERSBURG HIGH","VA","Petersburg City Public Schools","High","Regular school","No","Yes under the Community Eligibility Provision (CEP)","77","1080","School is not eligible for either Title I Targeted Assistance or Schoolwide program","No"
mixed - most recent,"510007902354","PETERSBURG REGIONAL ALTERNATIVE","VA","PETERSBURG REGIONAL ALTERNATIVE","Not applicable","Other/alternative school","No","Missing/not reported","","0","School is not eligible for either Title I Targeted Assistance or Schoolwide program","No"
mixed - most recent,"510162002065","Petsworth Elementary","VA","Gloucester County Public Schools","Primary","Regular school","No","Yes under the Community Eligibility Provision (CEP)","29","382","School is eligible for Title I Schoolwide program (SWP) and provides Title I Schoolwide program","No"
mixed - most recent,"510075000267","Phenix Elementary","VA","Charlotte County Public Schools","Primary","Regular school","No","Yes under the Community Eligibility Provision (CEP)","17","226","School is eligible for Title I Schoolwide program (SWP) and provides Title I Schoolwide program","No"
mixed - most recent,"510180000754","Phillips Elementary","VA","Hampton City Public Schools","Primary","Regular school","No","Yes under the Community Eligibility Provision (CEP)","27","417","School is not eligible for either Title I Targeted Assistance or Schoolwide program","No"
mixed - most recent,"510180000755","PHOEBUS HIGH","VA","Hampton City Public Schools","High","Regular school","No","Yes under the Community Eligibility Provision (CEP)","85","1365","School is not eligible for either Title I Targeted Assistance or Schoolwide program","No"
mixed - most recent,"510366003049","PHOENIX CENTER FOR INNOVATIVE LEARNING","VA","Stafford County Public Schools","Not applicable","Other/alternative school","No","Missing/not reported","","","School is not eligible for either Title I Targeted Assistance or Schoolwide program","No"
mixed - most recent,"510084003041","PHOENIX CENTER","VA","Chesterfield County Public Schools","Not applicable","Other/alternative school","No","Missing/not reported","","","School is not eligible for either Title I Targeted Assistance or Schoolwide program","No"
mixed - most recent,"510009602366","PIEDMONT ALTERNATIVE","VA","PIEDMONT ALTERNATIVE SCHOOL","Not applicable","Other/alternative school","No","Missing/not reported","","0","School is not eligible for either Title I Targeted Assistance or Schoolwide program","No"
mixed - most recent,"510010302345","Piedmont Governor's School","VA","Piedmont Governor's School","Not applicable","Regular school","No","Missing/not reported","","0","School is not eligible for either Title I Targeted Assistance or Schoolwide program","No"
mixed - most recent,"510001802090","PIEDMONT REG ED/IVY CREEK","VA","Piedmont Regional Education Program","Not applicable","Special education school","No","Missing/not reported","","0","School is not eligible for either Title I Targeted Assistance or Schoolwide program","No"
mixed - most recent,"510004202393","PIEDMONT REGIONAL JUVENILE DETENTION CENTER","VA","Department of Education State-Operated Educ Prgms","Not applicable","Other/alternative school","No","Missing/not reported","","","School is not eligible for either Title I Targeted Assistance or Schoolwide program","No"
mixed - most recent,"510126002874","Pimmit Early Childhood Resource Center","VA","Fairfax County Public Schools","Prekindergarten","Regular school","No","Missing/not reported","6","54","School is not eligible for either Title I Targeted Assistance or Schoolwide program","No"
mixed - most recent,"510189000820","Pinchbeck Elementary","VA","Henrico County Public Schools","Primary","Regular school","No","Yes participating without using any Provision or the CEP","33","522","School is not eligible for either Title I Targeted Assistance or Schoolwide program","No"
mixed - most recent,"510126000556","Pine Spring Elementary","VA","Fairfax County Public Schools","Primary","Regular school","No","Yes under the Community Eligibility Provision (CEP)","45","626","School is eligible for Title I Schoolwide program (SWP) and provides Title I Schoolwide program","No"
mixed - most recent,"510225002514","Pinebrook Elementary","VA","Loudoun County Public Schools","Primary","Regular school","No","Yes participating without using any Provision or the CEP","65","914","School is not eligible for either Title I Targeted Assistance or Schoolwide program","No"
mixed - most recent,"510313002851","Piney Branch Elementary","VA","Prince William County Public Schools","Primary","Regular school","No","Yes participating without using any Provision or the CEP","45","766","School is not eligible for either Title I Targeted Assistance or Schoolwide program","Yes"
mixed - most recent,"510294001918","Pittsylvania Regional Alternative School/STEM Academy","VA","Pittsylvania County Public Schools","Not applicable","Other/alternative school","No","No","","","",""
mixed - most recent,"510294001856","Pittsylvania Vocational-Technical Center","VA","Pittsylvania County Public Schools","Not applicable","Vocational school","No","Missing/not reported","14","","School is not eligible for either Title I Targeted Assistance or Schoolwide program","No"
mixed - most recent,"510339001508","Plains Elementary","VA","Rockingham County Public Schools","Primary","Regular school","No","Yes under the Community Eligibility Provision (CEP)","32","456","School is eligible for Title I Schoolwide program (SWP) and provides Title I Schoolwide program","No"
mixed - most recent,"510384001710","PLAZA MIDDLE","VA","Virginia Beach City Public Schools","Middle","Regular school","No","Yes participating without using any Provision or the CEP","74","1036","School is not eligible for either Title I Targeted Assistance or Schoolwide program","No"
mixed - most recent,"510339001509","Pleasant Valley Elementary","VA","Rockingham County Public Schools","Primary","Regular school","No","Yes under the Community Eligibility Provision (CEP)","17","229","School is eligible for Title I Schoolwide program (SWP) and provides Title I Schoolwide program","No"
mixed - most recent,"510291001196","Pleasants Lane Elementary","VA","Petersburg City Public Schools","Primary","Regular school","No","Yes under the Community Eligibility Provision (CEP)","39","540","School is eligible for Title I Schoolwide program (SWP) and provides Title I Schoolwide program","No"
mixed - most recent,"510126002827","PLUM CENTER FOR LIFELONG LEARNING","VA","Fairfax County Public Schools","Not applicable","Other/alternative school","No","Missing/not reported","","","School is not eligible for either Title I Targeted Assistance or Schoolwide program","No"
mixed - most recent,"510303001398","Pocahontas Elementary","VA","Powhatan County Public Schools","Primary","Regular school","No","Yes participating without using any Provision or the CEP","54","766","School is eligible for Title I Targeted Assistance (TAS) and provides TAS program","No"
mixed - most recent,"510189001911","POCAHONTAS MIDDLE","VA","Henrico County Public Schools","Middle","Regular school","No","Yes participating without using any Provision or the CEP","50","825","School is not eligible for either Title I Targeted Assistance or Schoolwide program","No"
mixed - most recent,"510126000557","POE MIDDLE","VA","Fairfax County Public Schools","Middle","Regular school","No","Yes under the Community Eligibility Provision (CEP)","67","873","School is eligible for Title I Schoolwide program (SWP) and provides Title I Schoolwide program","Yes"
mixed - most recent,"510384001711","Point O' View Elementary","VA","Virginia Beach City Public Schools","Primary","Regular school","No","Yes under the Community Eligibility Provision (CEP)","53","725","School is eligible for Title I Schoolwide program (SWP) and provides Title I Schoolwide program","No"
mixed - most recent,"510264001238","Point Option Alternative School","VA","Newport News City Public Schools","Not applicable","Other/alternative school","No","Yes under the Community Eligibility Provision (CEP)","31","","School is not eligible for either Title I Targeted Assistance or Schoolwide program","No"
mixed - most recent,"510183002535","Pole Green Elementary","VA","Hanover County Public Schools","Primary","Regular school","No","Yes participating without using any Provision or the CEP","38","534","School is not eligible for either Title I Targeted Assistance or Schoolwide program","No"
mixed - most recent,"510126002182","Poplar Tree Elementary","VA","Fairfax County Public Schools","Primary","Regular school","No","Yes participating without using any Provision or the CEP","45","671","School is not eligible for either Title I Targeted Assistance or Schoolwide program","No"
mixed - most recent,"510298001230","Poquoson Elementary","VA","Poquoson City Public Schools","Primary","Regular school","No","Yes participating without using any Provision or the CEP","23","444","School is eligible for Title I Targeted Assistance (TAS) and provides TAS program","No"
mixed - most recent,"510298001231","POQUOSON HIGH","VA","Poquoson City Public Schools","High","Regular school","No","Yes participating without using any Provision or the CEP","50","690","School is not eligible for either Title I Targeted Assistance or Schoolwide program","No"
mixed - most recent,"510298001232","POQUOSON MIDDLE","VA","Poquoson City Public Schools","Middle","Regular school","No","Yes participating without using any Provision or the CEP","34","451","School is not eligible for either Title I Targeted Assistance or Schoolwide program","No"
mixed - most recent,"510298002157","POQUOSON PRIMARY","VA","Poquoson City Public Schools","Primary","Regular school","No","Yes participating without using any Provision or the CEP","23","470","School is not eligible for either Title I Targeted Assistance or Schoolwide program","No"
mixed - most recent,"510081000305","PORTLOCK PRIMARY","VA","Chesapeake City Public Schools","Primary","Regular school","No","Yes under the Community Eligibility Provision (CEP)","42","541","School is eligible for Title I Schoolwide program (SWP) and provides Title I Schoolwide program","No"
mixed - most recent,"510364001588","POST OAK MIDDLE","VA","Spotsylvania County Public Schools","Middle","Regular school","No","Yes under the Community Eligibility Provision (CEP)","47","665","School is not eligible for either Title I Targeted Assistance or Schoolwide program","No"
mixed - most recent,"510210000884","Potomac Elementary","VA","King George County Public Schools","Primary","Regular school","No","Yes participating without using any Provision or the CEP","36","533","School is eligible for Title I Targeted Assistance (TAS) and provides TAS program","No"
mixed - most recent,"510225001627","POTOMAC FALLS HIGH","VA","Loudoun County Public Schools","High","Regular school","No","Yes participating without using any Provision or the CEP","124","1606","School is not eligible for either Title I Targeted Assistance or Schoolwide program","No"
mixed - most recent,"510313001857","POTOMAC HIGH","VA","Prince William County Public Schools","High","Regular school","No","Yes participating without using any Provision or the CEP","125","2065","School is not eligible for either Title I Targeted Assistance or Schoolwide program","Yes"
mixed - most recent,"510313002584","POTOMAC MIDDLE","VA","Prince William County Public Schools","Middle","Regular school","No","Yes participating without using any Provision or the CEP","63","919","School is not eligible for either Title I Targeted Assistance or Schoolwide program","Yes"
mixed - most recent,"510313003077","POTOMAC SHORES MIDDLE","VA","Prince William County Public Schools","Middle","Regular school","No","Yes participating without using any Provision or the CEP","73","1152","School is not eligible for either Title I Targeted Assistance or Schoolwide program","Yes"
mixed - most recent,"510313001316","Potomac View Elementary","VA","Prince William County Public Schools","Primary","Regular school","No","Yes under the Community Eligibility Provision (CEP)","41","601","School is eligible for Title I Schoolwide program (SWP) and provides Title I Schoolwide program","Yes"
mixed - most recent,"510225001158","Potowmack Elementary","VA","Loudoun County Public Schools","Primary","Regular school","No","Yes participating without using any Provision or the CEP","45","530","School is not eligible for either Title I Targeted Assistance or Schoolwide program","No"
mixed - most recent,"510126002336","Powell Elementary","VA","Fairfax County Public Schools","Primary","Regular school","No","Yes participating without using any Provision or the CEP","61","929","School is not eligible for either Title I Targeted Assistance or Schoolwide program","Yes"
mixed - most recent,"510303002105","Powhatan Elementary","VA","Powhatan County Public Schools","Primary","Regular school","No","Yes participating without using any Provision or the CEP","50","429","School is eligible for Title I Targeted Assistance (TAS) and provides TAS program","No"
mixed - most recent,"510303001268","POWHATAN HIGH","VA","Powhatan County Public Schools","High","Regular school","No","Yes participating without using any Provision or the CEP","93","1404","School is not eligible for either Title I Targeted Assistance or Schoolwide program","Yes"
mixed - most recent,"510303001269","POWHATAN MIDDLE","VA","Powhatan County Public Schools","Middle","Regular school","No","Yes participating without using any Provision or the CEP","60","969","School is not eligible for either Title I Targeted Assistance or Schoolwide program","No"
mixed - most recent,"510303001270","POWHATAN VOC. CENTER","VA","Powhatan County Public Schools","Not applicable","Vocational school","No","Missing/not reported","","","School is not eligible for either Title I Targeted Assistance or Schoolwide program","No"
mixed - most recent,"510324002306","PRE-SCHOOL DEV. CENTER","VA","Richmond City Public Schools","Not applicable","Special education school","No","Missing/not reported","","","School is not eligible for either Title I Targeted Assistance or Schoolwide program","No"
mixed - most recent,"510225003103","Preschool Child Find","VA","Loudoun County Public Schools","Prekindergarten","Regular school","No","","","","",""
mixed - most recent,"510330002217","Preston Park Elementary","VA","Roanoke City Public Schools","Primary","Regular school","No","Yes under the Community Eligibility Provision (CEP)","32","505","School is eligible for Title I Schoolwide program (SWP) and provides Title I Schoolwide program","No"
mixed - most recent,"510252001026","Prices Fork Elementary","VA","Montgomery County Public Schools","Primary","Regular school","No","Yes participating without using any Provision or the CEP","33","440","School is eligible for Title I Schoolwide program (SWP) and provides Title I Schoolwide program","No"
mixed - most recent,"510306001271","PRINCE EDWARD COUNTY HIGH","VA","Prince Edward County Public Schools","High","Regular school","No","Yes under the Community Eligibility Provision (CEP)","31","535","School is not eligible for either Title I Targeted Assistance or Schoolwide program","No"
mixed - most recent,"510306002863","Prince Edward County Vocational Technical","VA","Prince Edward County Public Schools","Not applicable","Vocational school","No","Missing/not reported","9","","School is not eligible for either Title I Targeted Assistance or Schoolwide program","No"
mixed - most recent,"510306001272","Prince Edward Elementary","VA","Prince Edward County Public Schools","Primary","Regular school","No","Yes under the Community Eligibility Provision (CEP)","59","808","School is eligible for Title I Schoolwide program (SWP) and provides Title I Schoolwide program","No"
mixed - most recent,"510306002130","PRINCE EDWARD MIDDLE","VA","Prince Edward County Public Schools","Middle","Regular school","No","Yes under the Community Eligibility Provision (CEP)","41","544","School is eligible for Title I Schoolwide program (SWP) and provides Title I Schoolwide program","No"
mixed - most recent,"510309001280","PRINCE GEORGE HIGH","VA","Prince George County Public Schools","High","Regular school","No","Yes participating without using any Provision or the CEP","129","1796","School is not eligible for either Title I Targeted Assistance or Schoolwide program","No"
mixed - most recent,"510004202403","PRINCE WILLIAM JUV. DETENTION HOME","VA","Department of Education State-Operated Educ Prgms","Not applicable","Other/alternative school","No","Missing/not reported","","","School is not eligible for either Title I Targeted Assistance or Schoolwide program","No"
mixed - most recent,"510384001712","Princess Anne Elementary","VA","Virginia Beach City Public Schools","Primary","Regular school","No","Yes participating without using any Provision or the CEP","44","682","School is not eligible for either Title I Targeted Assistance or Schoolwide program","No"
mixed - most recent,"510384000412","PRINCESS ANNE HIGH","VA","Virginia Beach City Public Schools","High","Regular school","No","Yes participating without using any Provision or the CEP","119","1717","School is not eligible for either Title I Targeted Assistance or Schoolwide program","No"
mixed - most recent,"510384001714","PRINCESS ANNE MIDDLE","VA","Virginia Beach City Public Schools","Middle","Regular school","No","Yes participating without using any Provision or the CEP","77","1400","School is not eligible for either Title I Targeted Assistance or Schoolwide program","No"
mixed - most recent,"510189002842","Program for Academic and Career Enhancement (PACE)","VA","Henrico County Public Schools","Not applicable","Other/alternative school","No","Missing/not reported","","","School is not eligible for either Title I Targeted Assistance or Schoolwide program","No"
mixed - most recent,"510009302363","PROJECT BRIDGE/RUSSELL CO","VA","PROJECT BRIDGE/RUSSELL CO","Not applicable","Other/alternative school","No","Missing/not reported","","0","School is not eligible for either Title I Targeted Assistance or Schoolwide program","No"
mixed - most recent,"510008302374","PROJECT RENEW/NORTHAMPTON CO","VA","PROJECT RENEW/NORTHAMPTON CO","Not applicable","Other/alternative school","No","Missing/not reported","","0","School is not eligible for either Title I Targeted Assistance or Schoolwide program","No"
mixed - most recent,"510007702352","PROJECT RETURN/FLUVANNA CO","VA","PROJECT RETURN/FLUVANNA CO","Not applicable","Other/alternative school","No","Missing/not reported","","0","School is not eligible for either Title I Targeted Assistance or Schoolwide program","No"
mixed - most recent,"510008102356","PROJECT RETURN/POWHATAN CO","VA","PROJECT RETURN/POWHATAN CO","Not applicable","Other/alternative school","No","Missing/not reported","","0","School is not eligible for either Title I Targeted Assistance or Schoolwide program","No"
mixed - most recent,"510282001176","PROSPECT HEIGHTS MIDDLE","VA","Orange County Public Schools","Middle","Regular school","No","Yes under the Community Eligibility Provision (CEP)","37","456","School is not eligible for either Title I Targeted Assistance or Schoolwide program","No"
mixed - most recent,"510384001982","Providence Elementary","VA","Virginia Beach City Public Schools","Primary","Regular school","No","Yes participating without using any Provision or the CEP","36","530","School is not eligible for either Title I Targeted Assistance or Schoolwide program","No"
mixed - most recent,"510126002531","Providence Elementary","VA","Fairfax County Public Schools","Primary","Regular school","No","Yes participating without using any Provision or the CEP","61","869","School is eligible for Title I Schoolwide program (SWP) and provides Title I Schoolwide program","No"
mixed - most recent,"510084002056","Providence Elementary","VA","Chesterfield County Public Schools","Primary","Regular school","No","Yes under the Community Eligibility Provision (CEP)","47","640","School is eligible for Title I Schoolwide program (SWP) and provides Title I Schoolwide program","No"
mixed - most recent,"510084000344","PROVIDENCE MIDDLE","VA","Chesterfield County Public Schools","Middle","Regular school","No","Yes under the Community Eligibility Provision (CEP)","68","1068","School is not eligible for either Title I Targeted Assistance or Schoolwide program","No"
mixed - most recent,"510315003076","PULASKI COUNTY MIDDLE","VA","Pulaski County Public Schools","Middle","Regular school","No","Yes under the Community Eligibility Provision (CEP)","64","807","School is not eligible for either Title I Targeted Assistance or Schoolwide program","No"
mixed - most recent,"510315003017","Pulaski County Public Schools Governor's STEM Academy","VA","Pulaski County Public Schools","Not applicable","Vocational school","No","Missing/not reported","","","School is not eligible for either Title I Targeted Assistance or Schoolwide program","No"
mixed - most recent,"510315003126","Pulaski County Public Schools Virtual School K-12","VA","Pulaski County Public Schools","Missing/not reported","Regular school","No","","","","",""
mixed - most recent,"510315001338","Pulaski County Senior High","VA","Pulaski County Public Schools","High","Regular school","No","Yes under the Community Eligibility Provision (CEP)","96","1246","School is not eligible for either Title I Targeted Assistance or Schoolwide program","No"
mixed - most recent,"510315002460","Pulaski Elementary","VA","Pulaski County Public Schools","Primary","Regular school","No","Yes under the Community Eligibility Provision (CEP)","41","500","School is eligible for Title I Schoolwide program (SWP) and provides Title I Schoolwide program","No"
mixed - most recent,"510126002033","PULLEY CAREER CENTER","VA","Fairfax County Public Schools","Not applicable","Special education school","No","Missing/not reported","17","","School is not eligible for either Title I Targeted Assistance or Schoolwide program","No"
mixed - most recent,"510006000012","Pungoteague Elementary","VA","Accomack County Public Schools","Primary","Regular school","No","Yes under the Community Eligibility Provision (CEP)","30","451","School is eligible for Title I Schoolwide program (SWP) and provides Title I Schoolwide program","No"
mixed - most recent,"510126000558","QUANDER ROAD SCHOOL","VA","Fairfax County Public Schools","Not applicable","Special education school","No","Missing/not reported","14","","School is not eligible for either Title I Targeted Assistance or Schoolwide program","No"
mixed - most recent,"510415001817","QUEENS LAKE MIDDLE","VA","York County Public Schools","Middle","Regular school","No","Yes participating without using any Provision or the CEP","37","574","School is not eligible for either Title I Targeted Assistance or Schoolwide program","Yes"
mixed - most recent,"510364001190","QUEST ALTERNATIVE EDUCATION PROGRAM","VA","Spotsylvania County Public Schools","Not applicable","Other/alternative school","No","Missing/not reported","","","School is not eligible for either Title I Targeted Assistance or Schoolwide program","No"
mixed - most recent,"510261003094","Quinton Elementary","VA","New Kent County Public Schools","Primary","Regular school","No","Yes participating without using any Provision or the CEP","39","491","",""
mixed - most recent,"510189000803","QUIOCCASIN MIDDLE","VA","Henrico County Public Schools","Middle","Regular school","No","Yes under the Community Eligibility Provision (CEP)","65","1040","School is not eligible for either Title I Targeted Assistance or Schoolwide program","No"
mixed - most recent,"510313001317","R. Dean Kilby Elementary","VA","Prince William County Public Schools","Primary","Regular school","No","Yes under the Community Eligibility Provision (CEP)","50","679","School is eligible for Title I Schoolwide program (SWP) and provides Title I Schoolwide program","Yes"
mixed - most recent,"510189000821","R.C. Longan Elementary","VA","Henrico County Public Schools","Primary","Regular school","No","Yes under the Community Eligibility Provision (CEP)","32","459","School is not eligible for either Title I Targeted Assistance or Schoolwide program","No"
mixed - most recent,"510111002750","R.I.S.E Academy at the John M. Langston Campus","VA","Danville City Public Schools","High","Regular school","No","Yes under the Community Eligibility Provision (CEP)","8","37","",""
mixed - most recent,"510318003095","RADFORD CITY VIRTUAL","VA","Radford City Public Schools","Other","Regular school","No","No","","2055","",""
mixed - most recent,"510318001345","RADFORD HIGH","VA","Radford City Public Schools","High","Regular school","No","Yes participating without using any Provision or the CEP","42","504","School is not eligible for either Title I Targeted Assistance or Schoolwide program","No"
mixed - most recent,"510165000689","Randolph Elementary","VA","Goochland County Public Schools","Primary","Regular school","No","Yes participating without using any Provision or the CEP","34","472","School is not eligible for either Title I Targeted Assistance or Schoolwide program","No"
mixed - most recent,"510027000013","Randolph Elementary","VA","Arlington County Public Schools","Primary","Regular school","No","Yes under the Community Eligibility Provision (CEP)","31","407","School is eligible for Title I Schoolwide program (SWP) and provides Title I Schoolwide program","No"
mixed - most recent,"510075000270","RANDOLPH-HENRY HIGH","VA","Charlotte County Public Schools","High","Regular school","No","Yes under the Community Eligibility Provision (CEP)","40","478","School is not eligible for either Title I Targeted Assistance or Schoolwide program","No"
mixed - most recent,"510321001347","Rappahannock County Elementary","VA","Rappahannock County Public Schools","Primary","Regular school","No","Yes participating without using any Provision or the CEP","37","446","School is eligible for Title I Targeted Assistance (TAS) and provides TAS program","No"
mixed - most recent,"510321001346","Rappahannock County High","VA","Rappahannock County Public Schools","High","Regular school","No","Yes participating without using any Provision or the CEP","30","289","School is not eligible for either Title I Targeted Assistance or Schoolwide program","No"
mixed - most recent,"510327001409","RAPPAHANNOCK HIGH","VA","Richmond County Public Schools","High","Regular school","No","Yes under the Community Eligibility Provision (CEP)","37","525","School is not eligible for either Title I Targeted Assistance or Schoolwide program","No"
mixed - most recent,"510004202397","RAPPAHANNOCK JUVENILE DETENTION HOME","VA","Department of Education State-Operated Educ Prgms","Not applicable","Other/alternative school","No","Missing/not reported","","","School is not eligible for either Title I Targeted Assistance or Schoolwide program","No"
mixed - most recent,"510126000559","Ravensworth Elementary","VA","Fairfax County Public Schools","Primary","Regular school","No","Yes participating without using any Provision or the CEP","37","601","School is not eligible for either Title I Targeted Assistance or Schoolwide program","Yes"
mixed - most recent,"510042001354","READ MOUNTAIN MIDDLE","VA","Botetourt County Public Schools","Middle","Regular school","No","Yes participating without using any Provision or the CEP","49","657","School is not eligible for either Title I Targeted Assistance or Schoolwide program","No"
mixed - most recent,"510324002424","Real Special Ed Ctr","VA","Richmond City Public Schools","Not applicable","Special education school","No","Missing/not reported","","","School is not eligible for either Title I Targeted Assistance or Schoolwide program","No"
mixed - most recent,"510084000345","Reams Road Elementary","VA","Chesterfield County Public Schools","Primary","Regular school","No","Yes under the Community Eligibility Provision (CEP)","48","564","School is eligible for Title I Schoolwide program (SWP) and provides Title I Schoolwide program","No"
mixed - most recent,"510009000029","Red Hill Elementary","VA","Albemarle County Public Schools","Primary","Regular school","No","Yes under the Community Eligibility Provision (CEP)","17","201","School is eligible for Title I Targeted Assistance (TAS) and provides TAS program","No"
mixed - most recent,"510384002168","Red Mill Elementary","VA","Virginia Beach City Public Schools","Primary","Regular school","No","Yes participating without using any Provision or the CEP","38","566","School is not eligible for either Title I Targeted Assistance or Schoolwide program","No"
mixed - most recent,"510048000185","Red Oak-Sturgeon Elementary","VA","Brunswick County Public Schools","Primary","Regular school","No","Yes under the Community Eligibility Provision (CEP)","15","202","School is eligible for Title I Schoolwide program (SWP) and provides Title I Schoolwide program","No"
mixed - most recent,"510147001381","Redbud Run Elementary","VA","Frederick County Public Schools","Primary","Regular school","No","Yes participating without using any Provision or the CEP","41","589","School is eligible for Title I Schoolwide program (SWP) and provides Title I Schoolwide program","No"
mixed - most recent,"510282002760","Redirection Alternative Education","VA","Orange County Public Schools","Not applicable","Other/alternative school","No","Missing/not reported","","","School is not eligible for either Title I Targeted Assistance or Schoolwide program","No"
mixed - most recent,"510007502350","REG ALTERNATIVE PLUS SELF PROJECT/ROANOKE CITY","VA","REG ALTERNATIVE PLUS SELF PROJECT/ROANOKE CITY","Not applicable","Other/alternative school","No","Missing/not reported","","0","School is not eligible for either Title I Targeted Assistance or Schoolwide program","No"
mixed - most recent,"510008802359","REGIONAL ALTERNATIVE ED/STAFFORD CO","VA","REGIONAL ALTERNATIVE ED/STAFFORD CO","Not applicable","Other/alternative school","No","Missing/not reported","","0","School is not eligible for either Title I Targeted Assistance or Schoolwide program","No"
mixed - most recent,"510025102823","Regional Alternative Education Center/Buena Vista","VA","Regional Alternative Education Center/Buena Vista","Not applicable","Other/alternative school","No","Missing/not reported","","0","School is not eligible for either Title I Targeted Assistance or Schoolwide program","No"
mixed - most recent,"510008002355","REGIONAL ALTERNATIVE/PITTSLVANIA CO","VA","Regional Alternative/Pittsylvania Co","Not applicable","Other/alternative school","No","Missing/not reported","","0","School is not eligible for either Title I Targeted Assistance or Schoolwide program","No"
mixed - most recent,"510009402364","REGIONAL ALTERNATIVE/WYTHE CO","VA","REGIONAL ALTERNATIVE/WYTHE CO","Not applicable","Other/alternative school","No","Missing/not reported","","0","School is not eligible for either Title I Targeted Assistance or Schoolwide program","No"
mixed - most recent,"510010202372","REGIONAL LEARNING ACADEMY/WISE CO","VA","REGIONAL LEARNING ACADEMY/WISE CO","Not applicable","Other/alternative school","No","Missing/not reported","","0","School is not eligible for either Title I Targeted Assistance or Schoolwide program","No"
mixed - most recent,"510081000306","Rena B. Wright Primary","VA","Chesapeake City Public Schools","Primary","Regular school","No","Yes under the Community Eligibility Provision (CEP)","28","271","School is eligible for Title I Schoolwide program (SWP) and provides Title I Schoolwide program","No"
mixed - most recent,"510008402375","RENAISSANCE/SCOTT CO","VA","RENAISSANCE/SCOTT CO","Not applicable","Other/alternative school","No","Missing/not reported","","0","School is not eligible for either Title I Targeted Assistance or Schoolwide program","No"
mixed - most recent,"510387001732","Ressie Jeffries Elementary","VA","Warren County Public Schools","Primary","Regular school","No","Yes under the Community Eligibility Provision (CEP)","38","639","School is eligible for Title I Schoolwide program (SWP) and provides Title I Schoolwide program","No"
mixed - most recent,"510234003130","Restorative Academy - Elem","VA","Lynchburg City Public Schools","Missing/not reported","Other/alternative school","No","","","","",""
mixed - most recent,"510234003131","Restorative Academy - Secondary","VA","Lynchburg City Public Schools","Missing/not reported","Other/alternative school","No","","","","",""
mixed - most recent,"510390001985","Rhea Valley Elementary","VA","Washington County Public Schools","Primary","Regular school","No","Yes under the Community Eligibility Provision (CEP)","31","409","School is eligible for Title I Schoolwide program (SWP) and provides Title I Schoolwide program","No"
mixed - most recent,"510192000853","Rich Acres Elementary","VA","Henry County Public Schools","Primary","Regular school","No","Yes under the Community Eligibility Provision (CEP)","19","251","School is eligible for Title I Schoolwide program (SWP) and provides Title I Schoolwide program","No"
mixed - most recent,"510352001564","Rich Valley Elementary","VA","Smyth County Public Schools","Primary","Regular school","No","Yes under the Community Eligibility Provision (CEP)","11","130","School is eligible for Title I Schoolwide program (SWP) and provides Title I Schoolwide program","No"
mixed - most recent,"510267001083","Richard Bowling Elementary","VA","Norfolk City Public Schools","Primary","Regular school","No","Yes under the Community Eligibility Provision (CEP)","37","465","School is eligible for Title I Schoolwide program (SWP) and provides Title I Schoolwide program","No"
mixed - most recent,"510236001854","Richard C. Haydon Elementary","VA","Manassas City Public Schools","Primary","Regular school","No","Yes under the Community Eligibility Provision (CEP)","36","608","School is eligible for Title I Schoolwide program (SWP) and provides Title I Schoolwide program","No"
mixed - most recent,"510264001070","Richard T. Yates Elementary","VA","Newport News City Public Schools","Primary","Regular school","No","Yes under the Community Eligibility Provision (CEP)","28","440","School is not eligible for either Title I Targeted Assistance or Schoolwide program","No"
mixed - most recent,"510381001660","Richlands Elementary","VA","Tazewell County Public Schools","Primary","Regular school","No","Yes under the Community Eligibility Provision (CEP)","39","547","School is eligible for Title I Schoolwide program (SWP) and provides Title I Schoolwide program","No"
mixed - most recent,"510381001661","RICHLANDS HIGH","VA","Tazewell County Public Schools","High","Regular school","No","Yes under the Community Eligibility Provision (CEP)","44","636","School is not eligible for either Title I Targeted Assistance or Schoolwide program","No"
mixed - most recent,"510381001662","RICHLANDS MIDDLE","VA","Tazewell County Public Schools","Middle","Regular school","No","Yes under the Community Eligibility Provision (CEP)","27","495","School is not eligible for either Title I Targeted Assistance or Schoolwide program","No"
mixed - most recent,"510324001929","Richmond Acceleration Program","VA","Richmond City Public Schools","Not applicable","Other/alternative school","No","Missing/not reported","","","School is not eligible for either Title I Targeted Assistance or Schoolwide program","No"
mixed - most recent,"510324002307","RICHMOND ALTERNATIVE","VA","Richmond City Public Schools","High","Other/alternative school","No","Missing/not reported","5","162","School is eligible for Title I Schoolwide program (SWP) and provides Title I Schoolwide program","No"
mixed - most recent,"510324002966","Richmond Career Education and Employment Charter School","VA","Richmond City Public Schools","High","Regular school","Yes","Missing/not reported","7","27","School is eligible for Title I Schoolwide program (SWP) and provides Title I Schoolwide program","No"
mixed - most recent,"510324002075","RICHMOND COMMUNITY HIGH","VA","Richmond City Public Schools","High","Regular school","No","Yes under the Community Eligibility Provision (CEP)","28","200","School is not eligible for either Title I Targeted Assistance or Schoolwide program","No"
mixed - most recent,"510327001974","Richmond County Elementary","VA","Richmond County Public Schools","Primary","Regular school","No","Yes under the Community Eligibility Provision (CEP)","56","821","School is eligible for Title I Schoolwide program (SWP) and provides Title I Schoolwide program","No"
mixed - most recent,"510004002291","RICHMOND HOSPITAL EP.","VA","Medical College of Virginia","Other","Special education school","No","Missing/not reported","","0","School is not eligible for either Title I Targeted Assistance or Schoolwide program","No"
mixed - most recent,"510004202395","RICHMOND JUVENILE DETENTION HOME","VA","Department of Education State-Operated Educ Prgms","Not applicable","Other/alternative school","No","Missing/not reported","","","School is not eligible for either Title I Targeted Assistance or Schoolwide program","No"
mixed - most recent,"510324001396","RICHMOND TECHNICAL CENTER","VA","Richmond City Public Schools","Not applicable","Vocational school","No","Missing/not reported","30","","School is not eligible for either Title I Targeted Assistance or Schoolwide program","No"
mixed - most recent,"510324003101","Richmond Virtual Academy","VA","Richmond City Public Schools","Other","Regular school","No","","","","",""
mixed - most recent,"510264001071","Richneck Elementary","VA","Newport News City Public Schools","Primary","Regular school","No","Yes under the Community Eligibility Provision (CEP)","30","558","School is not eligible for either Title I Targeted Assistance or Schoolwide program","No"
mixed - most recent,"510189000823","Ridge Elementary","VA","Henrico County Public Schools","Primary","Regular school","No","Yes under the Community Eligibility Provision (CEP)","30","466","School is eligible for Title I Schoolwide program (SWP) and provides Title I Schoolwide program","No"
mixed - most recent,"510114003102","Ridgeview Elementary","VA","Dickenson County Public Schools","Primary","Regular school","No","","","","",""
mixed - most recent,"510114002981","RIDGEVIEW HIGH","VA","Dickenson County Public Schools","High","Regular school","No","Yes under the Community Eligibility Provision (CEP)","58","592","School is not eligible for either Title I Targeted Assistance or Schoolwide program","No"
mixed - most recent,"510114002982","RIDGEVIEW MIDDLE","VA","Dickenson County Public Schools","Middle","Regular school","No","Yes under the Community Eligibility Provision (CEP)","37","440","School is not eligible for either Title I Targeted Assistance or Schoolwide program","No"
mixed - most recent,"510313001319","RIPPON MIDDLE","VA","Prince William County Public Schools","Middle","Regular school","No","Yes participating without using any Provision or the CEP","77","1176","School is not eligible for either Title I Targeted Assistance or Schoolwide program","Yes"
mixed - most recent,"510366003069","RISING STAR EARLY CHILDHOOD EDUCATION CENTER AT MELCHERS","VA","Stafford County Public Schools","Prekindergarten","Regular school","No","Missing/not reported","31","305","School is not eligible for either Title I Targeted Assistance or Schoolwide program","No"
mixed - most recent,"510339002804","River Bend Elementary","VA","Rockingham County Public Schools","Primary","Regular school","No","Yes under the Community Eligibility Provision (CEP)","25","366","School is eligible for Title I Schoolwide program (SWP) and provides Title I Schoolwide program","No"
mixed - most recent,"510225002288","RIVER BEND MIDDLE","VA","Loudoun County Public Schools","Middle","Regular school","No","Yes participating without using any Provision or the CEP","93","1160","School is not eligible for either Title I Targeted Assistance or Schoolwide program","No"
mixed - most recent,"510324003019","RIVER CITY MIDDLE","VA","Richmond City Public Schools","Middle","Regular school","No","Yes under the Community Eligibility Provision (CEP)","105","1180","School is eligible for Title I Schoolwide program (SWP) and provides Title I Schoolwide program","No"
mixed - most recent,"510313002198","River Oaks Elementary","VA","Prince William County Public Schools","Primary","Regular school","No","Yes under the Community Eligibility Provision (CEP)","44","662","School is eligible for Title I Targeted Assistance (TAS) and provides TAS program","Yes"
mixed - most recent,"510364002462","RIVERBEND HIGH","VA","Spotsylvania County Public Schools","High","Regular school","No","Yes participating without using any Provision or the CEP","117","1995","School is not eligible for either Title I Targeted Assistance or Schoolwide program","No"
mixed - most recent,"510360001577","Riverdale Elementary","VA","Southampton County Public Schools","Primary","Regular school","No","Yes under the Community Eligibility Provision (CEP)","34","548","School is eligible for Title I Schoolwide program (SWP) and provides Title I Schoolwide program","No"
mixed - most recent,"510030000128","Riverheads Elementary","VA","Augusta County Public Schools","Primary","Regular school","No","Yes under the Community Eligibility Provision (CEP)","45","737","School is eligible for Title I Schoolwide program (SWP) and provides Title I Schoolwide program","No"
mixed - most recent,"510030000129","RIVERHEADS HIGH","VA","Augusta County Public Schools","High","Regular school","No","Yes participating without using any Provision or the CEP","36","464","School is not eligible for either Title I Targeted Assistance or Schoolwide program","No"
mixed - most recent,"510315001340","Riverlawn Elementary","VA","Pulaski County Public Schools","Primary","Regular school","No","Yes under the Community Eligibility Provision (CEP)","31","382","School is eligible for Title I Schoolwide program (SWP) and provides Title I Schoolwide program","No"
mixed - most recent,"510189002410","Rivers Edge Elementary","VA","Henrico County Public Schools","Primary","Regular school","No","Yes participating without using any Provision or the CEP","41","748","School is not eligible for either Title I Targeted Assistance or Schoolwide program","No"
mixed - most recent,"510264001072","Riverside Elementary","VA","Newport News City Public Schools","Primary","Regular school","No","Yes under the Community Eligibility Provision (CEP)","29","481","School is not eligible for either Title I Targeted Assistance or Schoolwide program","No"
mixed - most recent,"510126000560","Riverside Elementary","VA","Fairfax County Public Schools","Primary","Regular school","No","Yes under the Community Eligibility Provision (CEP)","49","732","School is eligible for Title I Schoolwide program (SWP) and provides Title I Schoolwide program","No"
mixed - most recent,"510225003001","RIVERSIDE HIGH","VA","Loudoun County Public Schools","High","Regular school","No","Yes participating without using any Provision or the CEP","127","1801","School is not eligible for either Title I Targeted Assistance or Schoolwide program","No"
mixed - most recent,"510364000987","Riverview Elementary","VA","Spotsylvania County Public Schools","Primary","Regular school","No","Yes under the Community Eligibility Provision (CEP)","43","633","School is eligible for Title I Schoolwide program (SWP) and provides Title I Schoolwide program","No"
mixed - most recent,"510051001945","Riverview Elementary/Middle","VA","Buchanan County Public Schools","Primary","Regular school","No","Yes under the Community Eligibility Provision (CEP)","54","750","School is eligible for Title I Schoolwide program (SWP) and provides Title I Schoolwide program","No"
mixed - most recent,"510330001428","Roanoke Academy For Mathematics & Science Elementary","VA","Roanoke City Public Schools","Primary","Regular school","No","Yes under the Community Eligibility Provision (CEP)","40","392","School is eligible for Title I Schoolwide program (SWP) and provides Title I Schoolwide program","No"
mixed - most recent,"510217602232","Roanoke Valley Governor's School","VA","Roanoke Valley Governor's School","Not applicable","Regular school","No","Missing/not reported","","0","School is not eligible for either Title I Targeted Assistance or Schoolwide program","Yes"
mixed - most recent,"510004202396","ROANOKE VALLEY JUVENILE DETENTION HOME","VA","Department of Education State-Operated Educ Prgms","Not applicable","Other/alternative school","No","Missing/not reported","","","School is not eligible for either Title I Targeted Assistance or Schoolwide program","No"
mixed - most recent,"510147000656","ROBERT E. AYLOR MIDDLE","VA","Frederick County Public Schools","Middle","Regular school","No","Yes participating without using any Provision or the CEP","46","799","School is not eligible for either Title I Targeted Assistance or Schoolwide program","No"
mixed - most recent,"510234000965","Robert S. Payne Elementary","VA","Lynchburg City Public Schools","Primary","Regular school","No","Yes under the Community Eligibility Provision (CEP)","32","460","School is eligible for Title I Schoolwide program (SWP) and provides Title I Schoolwide program","No"
mixed - most recent,"510126000561","ROBINSON SECONDARY","VA","Fairfax County Public Schools","High","Regular school","No","Yes participating without using any Provision or the CEP","217","3607","School is not eligible for either Title I Targeted Assistance or Schoolwide program","Yes"
mixed - most recent,"510084000346","Robious Elementary","VA","Chesterfield County Public Schools","Primary","Regular school","No","Yes participating without using any Provision or the CEP","45","662","School is not eligible for either Title I Targeted Assistance or Schoolwide program","No"
mixed - most recent,"510084000347","ROBIOUS MIDDLE","VA","Chesterfield County Public Schools","Middle","Regular school","No","Yes participating without using any Provision or the CEP","74","1129","School is not eligible for either Title I Targeted Assistance or Schoolwide program","No"
mixed - most recent,"510225002969","ROCK RIDGE HIGH","VA","Loudoun County Public Schools","Other","Regular school","No","Yes participating without using any Provision or the CEP","99","1451","School is not eligible for either Title I Targeted Assistance or Schoolwide program","No"
mixed - most recent,"510337000204","ROCKBRIDGE COUNTY HIGH","VA","Rockbridge County Public Schools","High","Regular school","No","Yes under the Community Eligibility Provision (CEP)","74","994","School is not eligible for either Title I Targeted Assistance or Schoolwide program","No"
mixed - most recent,"510258001917","Rockfish River Elementary","VA","Nelson County Public Schools","Primary","Regular school","No","Yes under the Community Eligibility Provision (CEP)","21","268","School is eligible for Title I Schoolwide program (SWP) and provides Title I Schoolwide program","No"
mixed - most recent,"510366002135","Rockhill Elementary","VA","Stafford County Public Schools","Primary","Regular school","No","Yes participating without using any Provision or the CEP","47","687","School is not eligible for either Title I Targeted Assistance or Schoolwide program","No"
mixed - most recent,"510313001320","Rockledge Elementary","VA","Prince William County Public Schools","Primary","Regular school","No","Yes participating without using any Provision or the CEP","31","510","School is not eligible for either Title I Targeted Assistance or Schoolwide program","Yes"
mixed - most recent,"510144000642","Rocky Mount Elementary","VA","Franklin County Public Schools","Primary","Regular school","No","Yes under the Community Eligibility Provision (CEP)","28","290","School is eligible for Title I Schoolwide program (SWP) and provides Title I Schoolwide program","No"
mixed - most recent,"510366002547","Rocky Run Elementary","VA","Stafford County Public Schools","Primary","Regular school","No","Yes under the Community Eligibility Provision (CEP)","56","850","School is eligible for Title I Targeted Assistance (TAS) and provides TAS program","No"
mixed - most recent,"510126001841","ROCKY RUN MIDDLE","VA","Fairfax County Public Schools","Middle","Regular school","No","Yes participating without using any Provision or the CEP","60","936","School is not eligible for either Title I Targeted Assistance or Schoolwide program","No"
mixed - most recent,"510366002548","RODNEY E. THOMPSON MIDDLE","VA","Stafford County Public Schools","Middle","Regular school","No","Yes participating without using any Provision or the CEP","67","1015","School is not eligible for either Title I Targeted Assistance or Schoolwide program","No"
mixed - most recent,"510225000929","Rolling Ridge Elementary","VA","Loudoun County Public Schools","Primary","Regular school","No","Yes under the Community Eligibility Provision (CEP)","50","502","School is eligible for Title I Schoolwide program (SWP) and provides Title I Schoolwide program","No"
mixed - most recent,"510126000562","Rolling Valley Elementary","VA","Fairfax County Public Schools","Primary","Regular school","No","Yes participating without using any Provision or the CEP","42","573","School is not eligible for either Title I Targeted Assistance or Schoolwide program","No"
mixed - most recent,"510313002858","RONALD WILSON REAGAN MIDDLE","VA","Prince William County Public Schools","Middle","Regular school","No","Yes participating without using any Provision or the CEP","83","1353","School is not eligible for either Title I Targeted Assistance or Schoolwide program","Yes"
mixed - most recent,"510225002751","Rosa Lee Carter Elementary","VA","Loudoun County Public Schools","Primary","Regular school","No","Yes participating without using any Provision or the CEP","58","848","School is not eligible for either Title I Targeted Assistance or Schoolwide program","No"
mixed - most recent,"510313002587","Rosa Parks Elementary","VA","Prince William County Public Schools","Primary","Regular school","No","Yes participating without using any Provision or the CEP","38","618","School is not eligible for either Title I Targeted Assistance or Schoolwide program","Yes"
mixed - most recent,"510219000901","Rose Hill Elementary","VA","Lee County Public Schools","Primary","Regular school","No","Yes under the Community Eligibility Provision (CEP)","17","251","School is eligible for Title I Schoolwide program (SWP) and provides Title I Schoolwide program","No"
mixed - most recent,"510126000563","Rose Hill Elementary","VA","Fairfax County Public Schools","Primary","Regular school","No","Yes participating without using any Provision or the CEP","51","675","School is not eligible for either Title I Targeted Assistance or Schoolwide program","Yes"
mixed - most recent,"510384001983","Rosemont Elementary","VA","Virginia Beach City Public Schools","Primary","Regular school","No","Yes under the Community Eligibility Provision (CEP)","36","431","School is eligible for Title I Schoolwide program (SWP) and provides Title I Schoolwide program","No"
mixed - most recent,"510384002108","Rosemont Forest Elementary","VA","Virginia Beach City Public Schools","Primary","Regular school","No","Yes participating without using any Provision or the CEP","31","515","School is not eligible for either Title I Targeted Assistance or Schoolwide program","No"
mixed - most recent,"510330001422","Round Hill Elementary","VA","Roanoke City Public Schools","Primary","Regular school","No","Yes under the Community Eligibility Provision (CEP)","49","719","School is eligible for Title I Schoolwide program (SWP) and provides Title I Schoolwide program","No"
mixed - most recent,"510225000930","Round Hill Elementary","VA","Loudoun County Public Schools","Primary","Regular school","No","Yes participating without using any Provision or the CEP","41","586","School is not eligible for either Title I Targeted Assistance or Schoolwide program","No"
mixed - most recent,"510001102024","ROWANTY VOCATIONAL TECH CTR","VA","Rowanty Vocational-Technical Center","Not applicable","Vocational school","No","Missing/not reported","","0","School is not eligible for either Title I Targeted Assistance or Schoolwide program","No"
mixed - most recent,"510189000824","Ruby F. Carver Elementary","VA","Henrico County Public Schools","Primary","Regular school","No","Yes participating without using any Provision or the CEP","30","456","School is not eligible for either Title I Targeted Assistance or Schoolwide program","No"
mixed - most recent,"510171001802","Ruckersville Elementary","VA","Greene County Public Schools","Primary","Regular school","No","Yes under the Community Eligibility Provision (CEP)","39","506","School is not eligible for either Title I Targeted Assistance or Schoolwide program","No"
mixed - most recent,"510330003120","Ruffner Operations and Professional Development Center","VA","Roanoke City Public Schools","Not applicable","Vocational school","No","","","","",""
mixed - most recent,"510183000779","Rural Point Elementary","VA","Hanover County Public Schools","Primary","Regular school","No","Yes participating without using any Provision or the CEP","43","607","School is not eligible for either Title I Targeted Assistance or Schoolwide program","No"
mixed - most recent,"510411001804","Rural Retreat Elementary","VA","Wythe County Public Schools","Primary","Regular school","No","Yes under the Community Eligibility Provision (CEP)","25","362","School is eligible for Title I Schoolwide program (SWP) and provides Title I Schoolwide program","No"
mixed - most recent,"510411001805","RURAL RETREAT HIGH","VA","Wythe County Public Schools","High","Regular school","No","Yes under the Community Eligibility Provision (CEP)","22","312","School is not eligible for either Title I Targeted Assistance or Schoolwide program","No"
mixed - most recent,"510411002328","RURAL RETREAT MIDDLE","VA","Wythe County Public Schools","Middle","Regular school","No","Yes under the Community Eligibility Provision (CEP)","19","231","School is not eligible for either Title I Targeted Assistance or Schoolwide program","No"
mixed - most recent,"510342001526","RUSSELL COUNTY VOC.","VA","Russell County Public Schools","Not applicable","Vocational school","No","Missing/not reported","13","","School is not eligible for either Title I Targeted Assistance or Schoolwide program","No"
mixed - most recent,"510060002528","Rustburg Elementary","VA","Campbell County Public Schools","Primary","Regular school","No","Yes under the Community Eligibility Provision (CEP)","34","461","School is eligible for Title I Schoolwide program (SWP) and provides Title I Schoolwide program","No"
mixed - most recent,"510060000231","RUSTBURG HIGH","VA","Campbell County Public Schools","High","Regular school","No","Yes under the Community Eligibility Provision (CEP)","57","828","School is not eligible for either Title I Targeted Assistance or Schoolwide program","No"
mixed - most recent,"510060002771","RUSTBURG MIDDLE","VA","Campbell County Public Schools","Middle","Regular school","No","Yes under the Community Eligibility Provision (CEP)","49","606","School is not eligible for either Title I Targeted Assistance or Schoolwide program","No"
mixed - most recent,"510348001536","RYE COVE HIGH","VA","Scott County Public Schools","High","Regular school","No","Yes under the Community Eligibility Provision (CEP)","23","279","School is not eligible for either Title I Targeted Assistance or Schoolwide program","No"
mixed - most recent,"510348001535","RYE COVE INTERMEDIATE","VA","Scott County Public Schools","Middle","Regular school","No","Yes under the Community Eligibility Provision (CEP)","13","153","School is eligible for Title I Schoolwide program (SWP) and provides Title I Schoolwide program","No"
mixed - most recent,"510030001830","S. Gordon Stewart Middle","VA","Augusta County Public Schools","Middle","Regular school","No","Yes participating without using any Provision or the CEP","36","502","School is not eligible for either Title I Targeted Assistance or Schoolwide program","No"
mixed - most recent,"510141000631","S.P. Morton Elementary","VA","Franklin City Public Schools","Primary","Regular school","No","Yes under the Community Eligibility Provision (CEP)","36","481","School is eligible for Title I Schoolwide program (SWP) and provides Title I Schoolwide program","No"
mixed - most recent,"510346003117","Salem Alternative","VA","Salem City Public Schools","Not applicable","Other/alternative school","No","No","","","",""
mixed - most recent,"510084000348","Salem Church Elementary","VA","Chesterfield County Public Schools","Primary","Regular school","No","Yes under the Community Eligibility Provision (CEP)","37","483","School is eligible for Title I Schoolwide program (SWP) and provides Title I Schoolwide program","No"
mixed - most recent,"510084000349","SALEM CHURCH MIDDLE","VA","Chesterfield County Public Schools","Middle","Regular school","No","Yes under the Community Eligibility Provision (CEP)","62","910","School is not eligible for either Title I Targeted Assistance or Schoolwide program","No"
mixed - most recent,"510384002139","Salem Elementary","VA","Virginia Beach City Public Schools","Primary","Regular school","No","Yes participating without using any Provision or the CEP","32","556","School is not eligible for either Title I Targeted Assistance or Schoolwide program","No"
mixed - most recent,"510364001874","Salem Elementary","VA","Spotsylvania County Public Schools","Primary","Regular school","No","Yes under the Community Eligibility Provision (CEP)","40","616","School is eligible for Title I Schoolwide program (SWP) and provides Title I Schoolwide program","No"
mixed - most recent,"510384002166","SALEM HIGH","VA","Virginia Beach City Public Schools","High","Regular school","No","Yes participating without using any Provision or the CEP","108","1650","School is not eligible for either Title I Targeted Assistance or Schoolwide program","No"
mixed - most recent,"510346002043","SALEM HIGH","VA","Salem City Public Schools","High","Regular school","No","Yes participating without using any Provision or the CEP","101","1227","School is not eligible for either Title I Targeted Assistance or Schoolwide program","No"
mixed - most recent,"510384002138","SALEM MIDDLE","VA","Virginia Beach City Public Schools","Middle","Regular school","No","Yes participating without using any Provision or the CEP","69","1073","School is not eligible for either Title I Targeted Assistance or Schoolwide program","No"
mixed - most recent,"510352001566","Saltville Elementary","VA","Smyth County Public Schools","Primary","Regular school","No","Yes under the Community Eligibility Provision (CEP)","18","195","School is eligible for Title I Schoolwide program (SWP) and provides Title I Schoolwide program","No"
mixed - most recent,"510313002787","Samuel L. Gravely Jr. Elementary","VA","Prince William County Public Schools","Primary","Regular school","No","Yes participating without using any Provision or the CEP","43","794","School is not eligible for either Title I Targeted Assistance or Schoolwide program","Yes"
mixed - most recent,"510180000758","Samuel P. Langley Elementary","VA","Hampton City Public Schools","Primary","Regular school","No","Yes under the Community Eligibility Provision (CEP)","30","456","School is not eligible for either Title I Targeted Assistance or Schoolwide program","No"
mixed - most recent,"510012002549","Samuel W. Tucker Elementary","VA","Alexandria City Public Schools","Primary","Regular school","No","Yes participating without using any Provision or the CEP","48","759","School is not eligible for either Title I Targeted Assistance or Schoolwide program","No"
mixed - most recent,"510126000474","SANDBURG MIDDLE","VA","Fairfax County Public Schools","Middle","Regular school","No","Yes participating without using any Provision or the CEP","93","1438","School is not eligible for either Title I Targeted Assistance or Schoolwide program","Yes"
mixed - most recent,"510225001148","Sanders Corner Elementary","VA","Loudoun County Public Schools","Primary","Regular school","No","Yes participating without using any Provision or the CEP","33","432","School is not eligible for either Title I Targeted Assistance or Schoolwide program","No"
mixed - most recent,"510114000408","Sandlick Elementary","VA","Dickenson County Public Schools","Primary","Regular school","No","Yes under the Community Eligibility Provision (CEP)","29","376","School is eligible for Title I Schoolwide program (SWP) and provides Title I Schoolwide program","No"
mixed - most recent,"510189000825","Sandston Elementary","VA","Henrico County Public Schools","Primary","Regular school","No","Yes under the Community Eligibility Provision (CEP)","16","188","School is eligible for Title I Schoolwide program (SWP) and provides Title I Schoolwide program","No"
mixed - most recent,"510234000966","Sandusky Elementary","VA","Lynchburg City Public Schools","Primary","Regular school","No","Yes under the Community Eligibility Provision (CEP)","22","352","School is eligible for Title I Schoolwide program (SWP) and provides Title I Schoolwide program","No"
mixed - most recent,"510234000967","SANDUSKY MIDDLE","VA","Lynchburg City Public Schools","Middle","Regular school","No","Yes under the Community Eligibility Provision (CEP)","40","568","School is not eligible for either Title I Targeted Assistance or Schoolwide program","No"
mixed - most recent,"510351001547","Sandy Hook Elementary","VA","Shenandoah County Public Schools","Primary","Regular school","No","Yes under the Community Eligibility Provision (CEP)","62","837","School is eligible for Title I Schoolwide program (SWP) and provides Title I Schoolwide program","No"
mixed - most recent,"510126002119","Sangster Elementary","VA","Fairfax County Public Schools","Primary","Regular school","No","Yes participating without using any Provision or the CEP","52","925","School is not eligible for either Title I Targeted Assistance or Schoolwide program","No"
mixed - most recent,"510192000857","Sanville Elementary","VA","Henry County Public Schools","Primary","Regular school","No","Yes under the Community Eligibility Provision (CEP)","18","238","School is eligible for Title I Schoolwide program (SWP) and provides Title I Schoolwide program","No"
mixed - most recent,"510126002144","Saratoga Elementary","VA","Fairfax County Public Schools","Primary","Regular school","No","Yes participating without using any Provision or the CEP","46","582","School is not eligible for either Title I Targeted Assistance or Schoolwide program","No"
mixed - most recent,"510111000268","Schoolfield Elementary","VA","Danville City Public Schools","Primary","Regular school","No","Yes under the Community Eligibility Provision (CEP)","34","500","School is eligible for Title I Schoolwide program (SWP) and provides Title I Schoolwide program","No"
mixed - most recent,"510348001537","SCOTT COUNTY CAREER AND TECHNICAL CENTER","VA","Scott County Public Schools","Not applicable","Vocational school","No","Missing/not reported","14","","School is not eligible for either Title I Targeted Assistance or Schoolwide program","No"
mixed - most recent,"510411002329","SCOTT MEMORIAL MIDDLE","VA","Wythe County Public Schools","Middle","Regular school","No","Yes under the Community Eligibility Provision (CEP)","24","318","School is not eligible for either Title I Targeted Assistance or Schoolwide program","No"
mixed - most recent,"510177000717","Scottsburg Elementary","VA","Halifax County Public Schools","Primary","Regular school","No","Yes under the Community Eligibility Provision (CEP)","18","188","School is eligible for Title I Schoolwide program (SWP) and provides Title I Schoolwide program","No"
mixed - most recent,"510009001882","Scottsville Elementary","VA","Albemarle County Public Schools","Primary","Regular school","No","Yes under the Community Eligibility Provision (CEP)","19","227","School is eligible for Title I Targeted Assistance (TAS) and provides TAS program","No"
mixed - most recent,"510415001818","Seaford Elementary","VA","York County Public Schools","Primary","Regular school","No","Yes participating without using any Provision or the CEP","29","472","School is not eligible for either Title I Targeted Assistance or Schoolwide program","No"
mixed - most recent,"510210002445","Sealston Elementary","VA","King George County Public Schools","Primary","Regular school","No","Yes participating without using any Provision or the CEP","46","754","School is eligible for Title I Targeted Assistance (TAS) and provides TAS program","No"
mixed - most recent,"510384001715","Seatack Elementary an Achievable Dream Academy","VA","Virginia Beach City Public Schools","Primary","Regular school","No","Yes under the Community Eligibility Provision (CEP)","35","379","School is eligible for Title I Schoolwide program (SWP) and provides Title I Schoolwide program","No"
mixed - most recent,"510264001074","Sedgefield Elementary","VA","Newport News City Public Schools","Primary","Regular school","No","Yes under the Community Eligibility Provision (CEP)","33","469","School is eligible for Title I Schoolwide program (SWP) and provides Title I Schoolwide program","No"
mixed - most recent,"510225002289","Seldens Landing Elementary","VA","Loudoun County Public Schools","Primary","Regular school","No","Yes participating without using any Provision or the CEP","38","555","School is not eligible for either Title I Targeted Assistance or Schoolwide program","No"
mixed - most recent,"510225000931","SENECA RIDGE MIDDLE","VA","Loudoun County Public Schools","Middle","Regular school","No","Yes participating without using any Provision or the CEP","80","915","School is not eligible for either Title I Targeted Assistance or Schoolwide program","No"
mixed - most recent,"510189000826","Seven Pines Elementary","VA","Henrico County Public Schools","Primary","Regular school","No","Yes under the Community Eligibility Provision (CEP)","26","376","School is not eligible for either Title I Targeted Assistance or Schoolwide program","No"
mixed - most recent,"510267001135","Sewells Point Elementary","VA","Norfolk City Public Schools","Primary","Regular school","No","Yes under the Community Eligibility Provision (CEP)","41","551","School is not eligible for either Title I Targeted Assistance or Schoolwide program","No"
mixed - most recent,"510189000133","Shady Grove Elementary","VA","Henrico County Public Schools","Primary","Regular school","No","Yes participating without using any Provision or the CEP","37","591","School is not eligible for either Title I Targeted Assistance or Schoolwide program","No"
mixed - most recent,"510313002159","Sharon C. McAuliffe Elementary","VA","Prince William County Public Schools","Primary","Regular school","No","Yes participating without using any Provision or the CEP","30","420","School is eligible for Title I Schoolwide program (SWP) and provides Title I Schoolwide program","Yes"
mixed - most recent,"510015201891","Sharon Elementary","VA","Alleghany Highlands Public Schools","Primary","Regular school","No","Yes under the Community Eligibility Provision (CEP)","20","195","School is eligible for Title I Schoolwide program (SWP) and provides Title I Schoolwide program","No"
mixed - most recent,"510252001029","SHAWSVILLE MIDDLE","VA","Montgomery County Public Schools","Middle","Regular school","No","Yes participating without using any Provision or the CEP","25","208","School is not eligible for either Title I Targeted Assistance or Schoolwide program","No"
mixed - most recent,"510411001807","Sheffey Elementary","VA","Wythe County Public Schools","Primary","Regular school","No","Yes under the Community Eligibility Provision (CEP)","18","243","School is eligible for Title I Schoolwide program (SWP) and provides Title I Schoolwide program","No"
mixed - most recent,"510234000968","Sheffield Elementary","VA","Lynchburg City Public Schools","Primary","Regular school","No","Yes under the Community Eligibility Provision (CEP)","30","445","School is eligible for Title I Schoolwide program (SWP) and provides Title I Schoolwide program","No"
mixed - most recent,"510369001607","SHELBURNE MIDDLE","VA","Staunton City Public Schools","Middle","Regular school","No","Yes under the Community Eligibility Provision (CEP)","44","574","School is not eligible for either Title I Targeted Assistance or Schoolwide program","No"
mixed - most recent,"510384001716","Shelton Park Elementary","VA","Virginia Beach City Public Schools","Primary","Regular school","No","Yes participating without using any Provision or the CEP","32","426","School is not eligible for either Title I Targeted Assistance or Schoolwide program","No"
mixed - most recent,"510285001182","Shenandoah Elementary","VA","Page County Public Schools","Primary","Regular school","No","Yes under the Community Eligibility Provision (CEP)","27","315","School is eligible for Title I Schoolwide program (SWP) and provides Title I Schoolwide program","No"
mixed - most recent,"510002801504","Shenandoah Valley Governor's School","VA","Shenandoah Valley Governor's School","Not applicable","Regular school","No","Missing/not reported","","0","School is not eligible for either Title I Targeted Assistance or Schoolwide program","Yes"
mixed - most recent,"510004202398","SHENANDOAH VALLEY JUVENILE DETENTION HOME","VA","Department of Education State-Operated Educ Prgms","Not applicable","Other/alternative school","No","Missing/not reported","","","School is not eligible for either Title I Targeted Assistance or Schoolwide program","No"
mixed - most recent,"510147000524","SHERANDO HIGH","VA","Frederick County Public Schools","High","Regular school","No","Yes participating without using any Provision or the CEP","114","1666","School is not eligible for either Title I Targeted Assistance or Schoolwide program","No"
mixed - most recent,"510126000477","Sherman Elementary","VA","Fairfax County Public Schools","Primary","Regular school","No","Yes participating without using any Provision or the CEP","26","337","School is not eligible for either Title I Targeted Assistance or Schoolwide program","No"
mixed - most recent,"510267001136","Sherwood Forest Elementary","VA","Norfolk City Public Schools","Primary","Regular school","No","Yes under the Community Eligibility Provision (CEP)","33","480","School is eligible for Title I Schoolwide program (SWP) and provides Title I Schoolwide program","No"
mixed - most recent,"510366002781","SHIRLEY C. HEIM MIDDLE","VA","Stafford County Public Schools","Middle","Regular school","No","Yes participating without using any Provision or the CEP","72","980","School is not eligible for either Title I Targeted Assistance or Schoolwide program","No"
mixed - most recent,"510348001538","Shoemaker Elementary","VA","Scott County Public Schools","Primary","Regular school","No","Yes under the Community Eligibility Provision (CEP)","36","450","School is eligible for Title I Schoolwide program (SWP) and provides Title I Schoolwide program","No"
mixed - most recent,"510189000827","Short Pump Elementary","VA","Henrico County Public Schools","Primary","Regular school","No","Yes participating without using any Provision or the CEP","32","558","School is not eligible for either Title I Targeted Assistance or Schoolwide program","No"
mixed - most recent,"510189000123","SHORT PUMP MIDDLE","VA","Henrico County Public Schools","Middle","Regular school","No","Yes participating without using any Provision or the CEP","62","1112","School is not eligible for either Title I Targeted Assistance or Schoolwide program","No"
mixed - most recent,"510126000564","Shrevewood Elementary","VA","Fairfax County Public Schools","Primary","Regular school","No","Yes participating without using any Provision or the CEP","43","664","School is not eligible for either Title I Targeted Assistance or Schoolwide program","No"
mixed - most recent,"510313001314","Signal Hill Elementary","VA","Prince William County Public Schools","Primary","Regular school","No","Yes participating without using any Provision or the CEP","47","768","School is not eligible for either Title I Targeted Assistance or Schoolwide program","Yes"
mixed - most recent,"510351000221","SIGNAL KNOB MIDDLE","VA","Shenandoah County Public Schools","Middle","Regular school","No","Yes under the Community Eligibility Provision (CEP)","40","417","School is not eligible for either Title I Targeted Assistance or Schoolwide program","No"
mixed - most recent,"510126002115","Silverbrook Elementary","VA","Fairfax County Public Schools","Primary","Regular school","No","Yes participating without using any Provision or the CEP","51","798","School is not eligible for either Title I Targeted Assistance or Schoolwide program","No"
mixed - most recent,"510300001257","Simonsdale Elementary","VA","Portsmouth City Public Schools","Primary","Regular school","No","Yes under the Community Eligibility Provision (CEP)","42","612","School is eligible for Title I Schoolwide program (SWP) and provides Title I Schoolwide program","No"
mixed - most recent,"510177002769","Sinai Elementary","VA","Halifax County Public Schools","Primary","Regular school","No","Yes under the Community Eligibility Provision (CEP)","19","220","School is eligible for Title I Schoolwide program (SWP) and provides Title I Schoolwide program","No"
mixed - most recent,"510189000828","Skipwith Elementary","VA","Henrico County Public Schools","Primary","Regular school","No","Yes under the Community Eligibility Provision (CEP)","33","508","School is not eligible for either Title I Targeted Assistance or Schoolwide program","No"
mixed - most recent,"510387002657","SKYLINE HIGH","VA","Warren County Public Schools","High","Regular school","No","Yes under the Community Eligibility Provision (CEP)","69","893","School is not eligible for either Title I Targeted Assistance or Schoolwide program","No"
mixed - most recent,"510387003039","SKYLINE MIDDLE","VA","Warren County Public Schools","Middle","Regular school","No","Yes under the Community Eligibility Provision (CEP)","48","569","School is not eligible for either Title I Targeted Assistance or Schoolwide program","No"
mixed - most recent,"510186002766","SKYLINE MIDDLE","VA","Harrisonburg City Public Schools","Middle","Regular school","No","Yes under the Community Eligibility Provision (CEP)","63","697","School is not eligible for either Title I Targeted Assistance or Schoolwide program","No"
mixed - most recent,"510126000565","Sleepy Hollow Elementary","VA","Fairfax County Public Schools","Primary","Regular school","No","Yes under the Community Eligibility Provision (CEP)","40","453","School is eligible for Title I Schoolwide program (SWP) and provides Title I Schoolwide program","No"
mixed - most recent,"510225002446","SMART'S MILL MIDDLE","VA","Loudoun County Public Schools","Middle","Regular school","No","Yes participating without using any Provision or the CEP","75","874","School is not eligible for either Title I Targeted Assistance or Schoolwide program","No"
mixed - most recent,"510364000227","Smith Station Elementary","VA","Spotsylvania County Public Schools","Primary","Regular school","No","Yes under the Community Eligibility Provision (CEP)","43","662","School is not eligible for either Title I Targeted Assistance or Schoolwide program","No"
mixed - most recent,"510201000875","SMITHFIELD HIGH","VA","Isle of Wight County Public Schools","High","Regular school","No","Yes participating without using any Provision or the CEP","78","1347","School is not eligible for either Title I Targeted Assistance or Schoolwide program","No"
mixed - most recent,"510201000874","SMITHFIELD MIDDLE","VA","Isle of Wight County Public Schools","Middle","Regular school","No","Yes participating without using any Provision or the CEP","40","609","School is not eligible for either Title I Targeted Assistance or Schoolwide program","No"
mixed - most recent,"510186002761","Smithland Elementary","VA","Harrisonburg City Public Schools","Primary","Regular school","No","Yes under the Community Eligibility Provision (CEP)","51","730","School is eligible for Title I Schoolwide program (SWP) and provides Title I Schoolwide program","No"
mixed - most recent,"510352001567","Smyth County Career & Technical Center","VA","Smyth County Public Schools","Not applicable","Vocational school","No","Missing/not reported","14","","School is not eligible for either Title I Targeted Assistance or Schoolwide program","No"
mixed - most recent,"510144000643","Snow Creek Elementary","VA","Franklin County Public Schools","Primary","Regular school","No","Yes under the Community Eligibility Provision (CEP)","16","194","School is eligible for Title I Schoolwide program (SWP) and provides Title I Schoolwide program","No"
mixed - most recent,"510315001341","Snowville Elementary","VA","Pulaski County Public Schools","Primary","Regular school","No","Yes under the Community Eligibility Provision (CEP)","15","215","School is not eligible for either Title I Targeted Assistance or Schoolwide program","No"
mixed - most recent,"510313001864","Sonnie Penn Elementary","VA","Prince William County Public Schools","Primary","Regular school","No","Yes participating without using any Provision or the CEP","42","708","School is not eligible for either Title I Targeted Assistance or Schoolwide program","Yes"
mixed - most recent,"510144000644","Sontag Elementary","VA","Franklin County Public Schools","Primary","Regular school","No","Yes under the Community Eligibility Provision (CEP)","22","241","School is eligible for Title I Schoolwide program (SWP) and provides Title I Schoolwide program","No"
mixed - most recent,"510183001996","South Anna Elementary","VA","Hanover County Public Schools","Primary","Regular school","No","Yes participating without using any Provision or the CEP","29","454","School is not eligible for either Title I Targeted Assistance or Schoolwide program","No"
mixed - most recent,"510177002759","South Boston Elementary","VA","Halifax County Public Schools","Primary","Regular school","No","Yes under the Community Eligibility Provision (CEP)","43","666","School is eligible for Title I Schoolwide program (SWP) and provides Title I Schoolwide program","No"
mixed - most recent,"510177002836","South Boston/Halifax Early Learning Center","VA","Halifax County Public Schools","Prekindergarten","Regular school","No","Yes under the Community Eligibility Provision (CEP)","10","111","School is not eligible for either Title I Targeted Assistance or Schoolwide program","No"
mixed - most recent,"510126002436","SOUTH COUNTY HIGH","VA","Fairfax County Public Schools","High","Regular school","No","Yes participating without using any Provision or the CEP","137","2273","School is not eligible for either Title I Targeted Assistance or Schoolwide program","No"
mixed - most recent,"510126002871","SOUTH COUNTY MIDDLE","VA","Fairfax County Public Schools","Middle","Regular school","No","Yes participating without using any Provision or the CEP","59","951","School is not eligible for either Title I Targeted Assistance or Schoolwide program","No"
mixed - most recent,"510309001282","South Elementary","VA","Prince George County Public Schools","Primary","Regular school","No","Yes participating without using any Provision or the CEP","34","502","School is eligible for Title I Schoolwide program (SWP) and provides Title I Schoolwide program","No"
mixed - most recent,"510246001009","South Hill Elementary","VA","Mecklenburg County Public Schools","Primary","Regular school","No","Yes under the Community Eligibility Provision (CEP)","42","733","School is eligible for Title I Schoolwide program (SWP) and provides Title I Schoolwide program","No"
mixed - most recent,"510126000566","SOUTH LAKES HIGH","VA","Fairfax County Public Schools","High","Regular school","No","Yes participating without using any Provision or the CEP","166","2530","School is not eligible for either Title I Targeted Assistance or Schoolwide program","No"
mixed - most recent,"510339000954","South River Elementary","VA","Rockingham County Public Schools","Primary","Regular school","No","Yes participating without using any Provision or the CEP","21","316","School is eligible for Title I Schoolwide program (SWP) and provides Title I Schoolwide program","No"
mixed - most recent,"510346002048","South Salem Elementary","VA","Salem City Public Schools","Primary","Regular school","No","Yes participating without using any Provision or the CEP","30","388","School is not eligible for either Title I Targeted Assistance or Schoolwide program","No"
mixed - most recent,"510324001400","Southampton Elementary","VA","Richmond City Public Schools","Primary","Regular school","No","Yes under the Community Eligibility Provision (CEP)","19","432","School is eligible for Title I Schoolwide program (SWP) and provides Title I Schoolwide program","No"
mixed - most recent,"510360001582","SOUTHAMPTON HIGH","VA","Southampton County Public Schools","High","Regular school","No","Yes under the Community Eligibility Provision (CEP)","46","769","School is not eligible for either Title I Targeted Assistance or Schoolwide program","No"
mixed - most recent,"510360001583","SOUTHAMPTON MIDDLE","VA","Southampton County Public Schools","Middle","Regular school","No","Yes under the Community Eligibility Provision (CEP)","41","566","School is not eligible for either Title I Targeted Assistance or Schoolwide program","No"
mixed - most recent,"510081000307","Southeastern Elementary","VA","Chesapeake City Public Schools","Primary","Regular school","No","Yes participating without using any Provision or the CEP","54","837","School is not eligible for either Title I Targeted Assistance or Schoolwide program","No"
mixed - most recent,"510005602314","SOUTHEASTERN VA TR CTR EP","VA","Southeastern Virginia Training Center","Other","Special education school","No","Missing/not reported","","0","School is not eligible for either Title I Targeted Assistance or Schoolwide program","No"
mixed - most recent,"510294001224","Southside Elementary","VA","Pittsylvania County Public Schools","Primary","Regular school","No","Yes under the Community Eligibility Provision (CEP)","35","413","School is eligible for Title I Schoolwide program (SWP) and provides Title I Schoolwide program","No"
mixed - most recent,"510117000417","Southside Elementary","VA","Dinwiddie County Public Schools","Primary","Regular school","No","Yes under the Community Eligibility Provision (CEP)","35","523","School is eligible for Title I Schoolwide program (SWP) and provides Title I Schoolwide program","No"
mixed - most recent,"510008902360","SOUTHSIDE L.I.N.K. PROJECT/BRUNSWICK CO","VA","SOUTHSIDE L.I.N.K. PROJECT/BRUNSWICK CO","Not applicable","Other/alternative school","No","Missing/not reported","","0","School is not eligible for either Title I Targeted Assistance or Schoolwide program","No"
mixed - most recent,"510267001085","SOUTHSIDE STEM ACADEMY AT CAMPOSTELLA","VA","Norfolk City Public Schools","Primary","Regular school","No","Yes under the Community Eligibility Provision (CEP)","58","737","School is eligible for Title I Schoolwide program (SWP) and provides Title I Schoolwide program","No"
mixed - most recent,"510005202315","SOUTHSIDE VA TRAINING CTR","VA","Southside Virginia Training Center","Other","Special education school","No","Missing/not reported","","0","School is not eligible for either Title I Targeted Assistance or Schoolwide program","No"
mixed - most recent,"510217402230","Southwest Virginia Governor's School","VA","Southwest Virginia Governor's School","Not applicable","Regular school","No","Missing/not reported","","0","School is not eligible for either Title I Targeted Assistance or Schoolwide program","Yes"
mixed - most recent,"510371001629","Southwestern Elementary","VA","Suffolk City Public Schools","Primary","Regular school","No","Yes under the Community Eligibility Provision (CEP)","36","595","School is eligible for Title I Schoolwide program (SWP) and provides Title I Schoolwide program","No"
mixed - most recent,"510081000308","Southwestern Elementary","VA","Chesapeake City Public Schools","Primary","Regular school","No","Yes under the Community Eligibility Provision (CEP)","41","544","School is eligible for Title I Schoolwide program (SWP) and provides Title I Schoolwide program","No"
mixed - most recent,"510004702311","SOUTHWESTERN VA MENTAL HEALTH INSTITUTE","VA","Southwest Virginia Mental Health Institute","High","Special education school","No","Missing/not reported","","0","School is not eligible for either Title I Targeted Assistance or Schoolwide program","No"
mixed - most recent,"510081000309","SPARROW ROAD INTERMEDIATE","VA","Chesapeake City Public Schools","Primary","Regular school","No","Yes under the Community Eligibility Provision (CEP)","31","478","School is eligible for Title I Schoolwide program (SWP) and provides Title I Schoolwide program","No"
mixed - most recent,"510411001808","Speedwell Elementary","VA","Wythe County Public Schools","Primary","Regular school","No","Yes under the Community Eligibility Provision (CEP)","11","158","School is eligible for Title I Schoolwide program (SWP) and provides Title I Schoolwide program","No"
mixed - most recent,"510411001809","Spiller Elementary","VA","Wythe County Public Schools","Primary","Regular school","No","Yes under the Community Eligibility Provision (CEP)","45","624","School is eligible for Title I Schoolwide program (SWP) and provides Title I Schoolwide program","No"
mixed - most recent,"510364001592","Spotswood Elementary","VA","Spotsylvania County Public Schools","Primary","Regular school","No","Yes under the Community Eligibility Provision (CEP)","33","510","School is eligible for Title I Schoolwide program (SWP) and provides Title I Schoolwide program","No"
mixed - most recent,"510186000785","Spotswood Elementary","VA","Harrisonburg City Public Schools","Primary","Regular school","No","Yes under the Community Eligibility Provision (CEP)","39","448","School is eligible for Title I Schoolwide program (SWP) and provides Title I Schoolwide program","No"
mixed - most recent,"510339001872","SPOTSWOOD HIGH","VA","Rockingham County Public Schools","High","Regular school","No","Yes participating without using any Provision or the CEP","60","947","School is not eligible for either Title I Targeted Assistance or Schoolwide program","No"
mixed - most recent,"510364001875","Spotsylvania Career and Technical Center","VA","Spotsylvania County Public Schools","Not applicable","Vocational school","No","Missing/not reported","21","","School is not eligible for either Title I Targeted Assistance or Schoolwide program","No"
mixed - most recent,"510364001591","Spotsylvania Elementary","VA","Spotsylvania County Public Schools","Primary","Regular school","No","Yes participating without using any Provision or the CEP","34","588","School is not eligible for either Title I Targeted Assistance or Schoolwide program","No"
mixed - most recent,"510364001593","SPOTSYLVANIA HIGH","VA","Spotsylvania County Public Schools","High","Regular school","No","Yes under the Community Eligibility Provision (CEP)","90","1388","School is not eligible for either Title I Targeted Assistance or Schoolwide program","No"
mixed - most recent,"510364001999","SPOTSYLVANIA MIDDLE","VA","Spotsylvania County Public Schools","Middle","Regular school","No","Yes participating without using any Provision or the CEP","60","981","School is not eligible for either Title I Targeted Assistance or Schoolwide program","No"
mixed - most recent,"510126000567","Spring Hill Elementary","VA","Fairfax County Public Schools","Primary","Regular school","No","Yes participating without using any Provision or the CEP","49","869","School is not eligible for either Title I Targeted Assistance or Schoolwide program","No"
mixed - most recent,"510084001903","Spring Run Elementary","VA","Chesterfield County Public Schools","Primary","Regular school","No","Yes participating without using any Provision or the CEP","50","872","School is not eligible for either Title I Targeted Assistance or Schoolwide program","No"
mixed - most recent,"510285001183","Springfield Elementary","VA","Page County Public Schools","Primary","Regular school","No","Yes under the Community Eligibility Provision (CEP)","16","214","School is eligible for Title I Schoolwide program (SWP) and provides Title I Schoolwide program","No"
mixed - most recent,"510126000568","Springfield Estates Elementary","VA","Fairfax County Public Schools","Primary","Regular school","No","Yes participating without using any Provision or the CEP","39","612","School is not eligible for either Title I Targeted Assistance or Schoolwide program","No"
mixed - most recent,"510189001384","Springfield Park Elementary","VA","Henrico County Public Schools","Primary","Regular school","No","Yes participating without using any Provision or the CEP","38","632","School is not eligible for either Title I Targeted Assistance or Schoolwide program","No"
mixed - most recent,"510313002038","Springwoods Elementary","VA","Prince William County Public Schools","Primary","Regular school","No","Yes participating without using any Provision or the CEP","47","878","School is not eligible for either Title I Targeted Assistance or Schoolwide program","Yes"
mixed - most recent,"510219000902","St. Charles Elementary","VA","Lee County Public Schools","Primary","Regular school","No","Yes under the Community Eligibility Provision (CEP)","11","120","School is eligible for Title I Schoolwide program (SWP) and provides Title I Schoolwide program","No"
mixed - most recent,"510249002195","ST. CLARE WALKER MIDDLE","VA","Middlesex County Public Schools","Middle","Regular school","No","Yes under the Community Eligibility Provision (CEP)","25","287","School is not eligible for either Title I Targeted Assistance or Schoolwide program","No"
mixed - most recent,"510267001137","St. Helena Elementary","VA","Norfolk City Public Schools","Primary","Regular school","No","Yes under the Community Eligibility Provision (CEP)","26","230","School is eligible for Title I Schoolwide program (SWP) and provides Title I Schoolwide program","No"
mixed - most recent,"510408001794","St. Paul Elementary","VA","Wise County Public Schools","Primary","Regular school","No","Yes under the Community Eligibility Provision (CEP)","39","469","School is eligible for Title I Schoolwide program (SWP) and provides Title I Schoolwide program","No"
mixed - most recent,"510069000254","St. Paul","VA","Carroll County Public Schools","Primary","Regular school","No","Yes under the Community Eligibility Provision (CEP)","25","303","School is eligible for Title I Schoolwide program (SWP) and provides Title I Schoolwide program","No"
mixed - most recent,"510366002984","STAFFORD ACADEMY FOR TECHNOLGY (STAT)","VA","Stafford County Public Schools","Not applicable","Vocational school","No","Missing/not reported","11","","School is not eligible for either Title I Targeted Assistance or Schoolwide program","No"
mixed - most recent,"510366001600","Stafford Elementary","VA","Stafford County Public Schools","Primary","Regular school","No","Yes participating without using any Provision or the CEP","47","741","School is not eligible for either Title I Targeted Assistance or Schoolwide program","No"
mixed - most recent,"510366001601","STAFFORD MIDDLE","VA","Stafford County Public Schools","Middle","Regular school","No","Yes participating without using any Provision or the CEP","67","903","School is not eligible for either Title I Targeted Assistance or Schoolwide program","No"
mixed - most recent,"510366001602","Stafford Senior High","VA","Stafford County Public Schools","High","Regular school","No","Yes participating without using any Provision or the CEP","183","2117","School is not eligible for either Title I Targeted Assistance or Schoolwide program","No"
mixed - most recent,"510285001184","Stanley Elementary","VA","Page County Public Schools","Primary","Regular school","No","Yes under the Community Eligibility Provision (CEP)","27","361","School is eligible for Title I Schoolwide program (SWP) and provides Title I Schoolwide program","No"
mixed - most recent,"510192000860","Stanleytown Elementary","VA","Henry County Public Schools","Primary","Regular school","No","Yes under the Community Eligibility Provision (CEP)","21","267","School is eligible for Title I Schoolwide program (SWP) and provides Title I Schoolwide program","No"
mixed - most recent,"510369002828","Staunton City School PreSchool Programs","VA","Staunton City Public Schools","Prekindergarten","Regular school","No","Yes under the Community Eligibility Provision (CEP)","5","134","School is not eligible for either Title I Targeted Assistance or Schoolwide program","No"
mixed - most recent,"510369001606","STAUNTON HIGH","VA","Staunton City Public Schools","High","Regular school","No","Yes under the Community Eligibility Provision (CEP)","53","822","School is not eligible for either Title I Targeted Assistance or Schoolwide program","No"
mixed - most recent,"510036000156","STAUNTON RIVER HIGH","VA","Bedford County Public Schools","High","Regular school","No","Yes under the Community Eligibility Provision (CEP)","67","889","School is not eligible for either Title I Targeted Assistance or Schoolwide program","No"
mixed - most recent,"510036002029","STAUNTON RIVER MIDDLE","VA","Bedford County Public Schools","Middle","Regular school","No","Yes under the Community Eligibility Provision (CEP)","47","627","School is not eligible for either Title I Targeted Assistance or Schoolwide program","No"
mixed - most recent,"510342002997","STEM FOR LIFE GOVERNOR'S ACADEMY","VA","Russell County Public Schools","Not applicable","Vocational school","No","Missing/not reported","","","School is not eligible for either Title I Targeted Assistance or Schoolwide program","No"
mixed - most recent,"510126000569","Stenwood Elementary","VA","Fairfax County Public Schools","Primary","Regular school","No","Yes participating without using any Provision or the CEP","37","541","School is not eligible for either Title I Targeted Assistance or Schoolwide program","No"
mixed - most recent,"510225000932","Sterling Elementary","VA","Loudoun County Public Schools","Primary","Regular school","No","Yes under the Community Eligibility Provision (CEP)","42","432","School is eligible for Title I Schoolwide program (SWP) and provides Title I Schoolwide program","No"
mixed - most recent,"510225000933","STERLING MIDDLE","VA","Loudoun County Public Schools","Middle","Regular school","No","Yes under the Community Eligibility Provision (CEP)","96","1037","School is eligible for Title I Schoolwide program (SWP) and provides Title I Schoolwide program","No"
mixed - most recent,"510225002776","Steuart W. Weller Elementary","VA","Loudoun County Public Schools","Primary","Regular school","No","Yes participating without using any Provision or the CEP","45","627","School is not eligible for either Title I Targeted Assistance or Schoolwide program","No"
mixed - most recent,"510036000157","Stewartsville Elementary","VA","Bedford County Public Schools","Primary","Regular school","No","Yes under the Community Eligibility Provision (CEP)","21","330","School is eligible for Title I Schoolwide program (SWP) and provides Title I Schoolwide program","No"
mixed - most recent,"510225002538","STONE BRIDGE HIGH","VA","Loudoun County Public Schools","High","Regular school","No","Yes participating without using any Provision or the CEP","131","1701","School is not eligible for either Title I Targeted Assistance or Schoolwide program","No"
mixed - most recent,"510225002764","STONE HILL MIDDLE","VA","Loudoun County Public Schools","Middle","Regular school","No","Yes participating without using any Provision or the CEP","75","1110","School is not eligible for either Title I Targeted Assistance or Schoolwide program","No"
mixed - most recent,"510126000086","STONE MIDDLE","VA","Fairfax County Public Schools","Middle","Regular school","No","Yes participating without using any Provision or the CEP","51","678","School is not eligible for either Title I Targeted Assistance or Schoolwide program","Yes"
mixed - most recent,"510009000032","Stone Robinson Elementary","VA","Albemarle County Public Schools","Primary","Regular school","No","Yes participating without using any Provision or the CEP","35","473","School is not eligible for either Title I Targeted Assistance or Schoolwide program","No"
mixed - most recent,"510186000602","Stone Spring Elementary","VA","Harrisonburg City Public Schools","Primary","Regular school","No","Yes under the Community Eligibility Provision (CEP)","45","557","School is eligible for Title I Schoolwide program (SWP) and provides Title I Schoolwide program","No"
mixed - most recent,"510402002556","Stonehouse Elementary","VA","Williamsburg-James City County Public Schools","Primary","Regular school","No","Yes participating without using any Provision or the CEP","52","802","School is not eligible for either Title I Targeted Assistance or Schoolwide program","No"
mixed - most recent,"510147000659","Stonewall Elementary","VA","Frederick County Public Schools","Primary","Regular school","No","Yes under the Community Eligibility Provision (CEP)","30","369","School is eligible for Title I Schoolwide program (SWP) and provides Title I Schoolwide program","No"
mixed - most recent,"510045000177","Stonewall Jackson Elementary","VA","Bristol City Public Schools","Primary","Regular school","No","Yes under the Community Eligibility Provision (CEP)","14","254","School is eligible for Title I Schoolwide program (SWP) and provides Title I Schoolwide program","No"
mixed - most recent,"510264001054","Stoney Run Elementary","VA","Newport News City Public Schools","Primary","Regular school","No","Yes under the Community Eligibility Provision (CEP)","27","461","School is eligible for Title I Schoolwide program (SWP) and provides Title I Schoolwide program","No"
mixed - most recent,"510294001226","Stony Mill Elementary","VA","Pittsylvania County Public Schools","Primary","Regular school","No","Yes under the Community Eligibility Provision (CEP)","32","403","School is eligible for Title I Schoolwide program (SWP) and provides Title I Schoolwide program","No"
mixed - most recent,"510009000033","Stony Point Elementary","VA","Albemarle County Public Schools","Primary","Regular school","No","Yes participating without using any Provision or the CEP","13","189","School is not eligible for either Title I Targeted Assistance or Schoolwide program","No"
mixed - most recent,"510351001549","STRASBURG HIGH","VA","Shenandoah County Public Schools","High","Regular school","No","Yes under the Community Eligibility Provision (CEP)","41","573","School is not eligible for either Title I Targeted Assistance or Schoolwide program","No"
mixed - most recent,"510126000570","Stratford Landing Elementary","VA","Fairfax County Public Schools","Primary","Regular school","No","Yes participating without using any Provision or the CEP","47","730","School is not eligible for either Title I Targeted Assistance or Schoolwide program","No"
mixed - most recent,"510384000443","Strawbridge Elementary","VA","Virginia Beach City Public Schools","Primary","Regular school","No","Yes participating without using any Provision or the CEP","34","620","School is not eligible for either Title I Targeted Assistance or Schoolwide program","No"
mixed - most recent,"510288001191","Stuart Elementary","VA","Patrick County Public Schools","Primary","Regular school","No","Yes under the Community Eligibility Provision (CEP)","24","380","School is eligible for Title I Schoolwide program (SWP) and provides Title I Schoolwide program","No"
mixed - most recent,"510313000190","STUART M. BEVILLE MIDDLE","VA","Prince William County Public Schools","Middle","Regular school","No","Yes under the Community Eligibility Provision (CEP)","77","1111","School is not eligible for either Title I Targeted Assistance or Schoolwide program","Yes"
mixed - most recent,"510030000131","Stuarts Draft Elementary","VA","Augusta County Public Schools","Primary","Regular school","No","Yes participating without using any Provision or the CEP","38","586","School is eligible for Title I Schoolwide program (SWP) and provides Title I Schoolwide program","No"
mixed - most recent,"510030000132","STUARTS DRAFT HIGH","VA","Augusta County Public Schools","High","Regular school","No","Yes participating without using any Provision or the CEP","49","698","School is not eligible for either Title I Targeted Assistance or Schoolwide program","No"
mixed - most recent,"510030000130","STUARTS DRAFT MIDDLE","VA","Augusta County Public Schools","Middle","Regular school","No","Yes participating without using any Provision or the CEP","36","488","School is not eligible for either Title I Targeted Assistance or Schoolwide program","No"
mixed - most recent,"510267001140","Suburban Park Elementary","VA","Norfolk City Public Schools","Primary","Regular school","No","Yes under the Community Eligibility Provision (CEP)","36","452","School is eligible for Title I Schoolwide program (SWP) and provides Title I Schoolwide program","No"
mixed - most recent,"510313001323","Sudley Elementary","VA","Prince William County Public Schools","Primary","Regular school","No","Yes under the Community Eligibility Provision (CEP)","46","647","School is eligible for Title I Schoolwide program (SWP) and provides Title I Schoolwide program","Yes"
mixed - most recent,"510313002456","Suella G. Ellis Elementary","VA","Prince William County Public Schools","Primary","Regular school","No","Yes under the Community Eligibility Provision (CEP)","33","491","School is eligible for Title I Schoolwide program (SWP) and provides Title I Schoolwide program","Yes"
mixed - most recent,"510352003011","Sugar Grove Elementary","VA","Smyth County Public Schools","Primary","Regular school","No","Yes under the Community Eligibility Provision (CEP)","10","101","School is eligible for Title I Schoolwide program (SWP) and provides Title I Schoolwide program","No"
mixed - most recent,"510225000934","Sugarland Elementary","VA","Loudoun County Public Schools","Primary","Regular school","No","Yes under the Community Eligibility Provision (CEP)","49","494","School is eligible for Title I Schoolwide program (SWP) and provides Title I Schoolwide program","No"
mixed - most recent,"510225000935","Sully Elementary","VA","Loudoun County Public Schools","Primary","Regular school","No","Yes under the Community Eligibility Provision (CEP)","47","462","School is eligible for Title I Schoolwide program (SWP) and provides Title I Schoolwide program","No"
mixed - most recent,"510324003035","SUMMER HILL PRESCHOOL CENTER","VA","Richmond City Public Schools","Prekindergarten","Regular school","No","Yes under the Community Eligibility Provision (CEP)","12","193","School is not eligible for either Title I Targeted Assistance or Schoolwide program","No"
mixed - most recent,"510117000418","Sunnyside Elementary","VA","Dinwiddie County Public Schools","Primary","Regular school","No","Yes under the Community Eligibility Provision (CEP)","21","247","School is eligible for Title I Schoolwide program (SWP) and provides Title I Schoolwide program","No"
mixed - most recent,"510126000571","Sunrise Valley Elementary","VA","Fairfax County Public Schools","Primary","Regular school","No","Yes participating without using any Provision or the CEP","39","543","School is not eligible for either Title I Targeted Assistance or Schoolwide program","No"
mixed - most recent,"510108002995","Superintendent's Region 8 Gov's Health/Science Academy","VA","Cumberland County Public Schools","Not applicable","Vocational school","No","Missing/not reported","","","School is not eligible for either Title I Targeted Assistance or Schoolwide program","No"
mixed - most recent,"510375001635","SURRY COUNTY HIGH","VA","Surry County Public Schools","High","Regular school","No","Yes under the Community Eligibility Provision (CEP)","33","209","School is not eligible for either Title I Targeted Assistance or Schoolwide program","No"
mixed - most recent,"510375002002","Surry Elementary","VA","Surry County Public Schools","Primary","Regular school","No","Yes under the Community Eligibility Provision (CEP)","26","271","School is eligible for Title I Targeted Assistance (TAS) and provides TAS program","No"
mixed - most recent,"510036000142","SUSIE G. GIBSON SCIENCE AND TECHNOLOGY CENTER","VA","Bedford County Public Schools","Not applicable","Vocational school","No","Missing/not reported","12","","School is not eligible for either Title I Targeted Assistance or Schoolwide program","No"
mixed - most recent,"510378002959","Sussex Central Elementary","VA","Sussex County Public Schools","Primary","Regular school","No","Yes under the Community Eligibility Provision (CEP)","32","443","School is eligible for Title I Schoolwide program (SWP) and provides Title I Schoolwide program","No"
mixed - most recent,"510378001643","SUSSEX CENTRAL HIGH","VA","Sussex County Public Schools","High","Regular school","No","Yes under the Community Eligibility Provision (CEP)","32","319","School is not eligible for either Title I Targeted Assistance or Schoolwide program","No"
mixed - most recent,"510378002962","SUSSEX CENTRAL MIDDLE","VA","Sussex County Public Schools","Middle","Regular school","No","Yes under the Community Eligibility Provision (CEP)","20","236","School is eligible for Title I Schoolwide program (SWP) and provides Title I Schoolwide program","No"
mixed - most recent,"510117000416","Sutherland Elementary","VA","Dinwiddie County Public Schools","Primary","Regular school","No","Yes under the Community Eligibility Provision (CEP)","38","554","School is eligible for Title I Schoolwide program (SWP) and provides Title I Schoolwide program","No"
mixed - most recent,"510313002305","Swans Creek Elementary","VA","Prince William County Public Schools","Primary","Regular school","No","Yes under the Community Eligibility Provision (CEP)","38","615","School is eligible for Title I Schoolwide program (SWP) and provides Title I Schoolwide program","Yes"
mixed - most recent,"510324001367","Swansboro Elementary","VA","Richmond City Public Schools","Primary","Regular school","No","Yes under the Community Eligibility Provision (CEP)","16","158","School is eligible for Title I Schoolwide program (SWP) and provides Title I Schoolwide program","No"
mixed - most recent,"510027000107","SWANSON MIDDLE","VA","Arlington County Public Schools","Middle","Regular school","No","Yes participating without using any Provision or the CEP","68","936","School is not eligible for either Title I Targeted Assistance or Schoolwide program","No"
mixed - most recent,"510084001990","Swift Creek Elementary","VA","Chesterfield County Public Schools","Primary","Regular school","No","Yes participating without using any Provision or the CEP","40","708","School is not eligible for either Title I Targeted Assistance or Schoolwide program","No"
mixed - most recent,"510084001834","SWIFT CREEK MIDDLE","VA","Chesterfield County Public Schools","Middle","Regular school","No","Yes participating without using any Provision or the CEP","69","1115","School is not eligible for either Title I Targeted Assistance or Schoolwide program","No"
mixed - most recent,"510342001527","Swords Creek Elementary","VA","Russell County Public Schools","Primary","Regular school","No","Yes under the Community Eligibility Provision (CEP)","11","106","School is eligible for Title I Schoolwide program (SWP) and provides Title I Schoolwide program","No"
mixed - most recent,"510105000382","Sycamore Park Elementary","VA","Culpeper County Public Schools","Primary","Regular school","No","Yes under the Community Eligibility Provision (CEP)","47","695","School is eligible for Title I Schoolwide program (SWP) and provides Title I Schoolwide program","No"
mixed - most recent,"510225002755","Sycolin Creek Elementary","VA","Loudoun County Public Schools","Primary","Regular school","No","Yes participating without using any Provision or the CEP","41","506","School is not eligible for either Title I Targeted Assistance or Schoolwide program","No"
mixed - most recent,"510177000720","Sydnor Jennings Elementary","VA","Halifax County Public Schools","Primary","Regular school","No","Yes under the Community Eligibility Provision (CEP)","18","192","School is eligible for Title I Schoolwide program (SWP) and provides Title I Schoolwide program","No"
mixed - most recent,"510366001603","T. BENTON GAYLE MIDDLE","VA","Stafford County Public Schools","Middle","Regular school","No","Yes participating without using any Provision or the CEP","66","899","School is not eligible for either Title I Targeted Assistance or Schoolwide program","No"
mixed - most recent,"510313002852","T. Clay Wood Elementary","VA","Prince William County Public Schools","Primary","Regular school","No","Yes participating without using any Provision or the CEP","46","830","School is not eligible for either Title I Targeted Assistance or Schoolwide program","Yes"
mixed - most recent,"510264001075","T. Ryland Sanford Elementary","VA","Newport News City Public Schools","Primary","Regular school","No","Yes under the Community Eligibility Provision (CEP)","29","482","School is eligible for Title I Schoolwide program (SWP) and provides Title I Schoolwide program","No"
mixed - most recent,"510234000603","T.C. Miller Elementary School for Innovation","VA","Lynchburg City Public Schools","Primary","Regular school","No","Yes under the Community Eligibility Provision (CEP)","18","208","School is eligible for Title I Schoolwide program (SWP) and provides Title I Schoolwide program","Yes"
mixed - most recent,"510415001819","Tabb Elementary","VA","York County Public Schools","Primary","Regular school","No","Yes participating without using any Provision or the CEP","38","644","School is not eligible for either Title I Targeted Assistance or Schoolwide program","No"
mixed - most recent,"510415001820","TABB HIGH","VA","York County Public Schools","High","Regular school","No","Yes participating without using any Provision or the CEP","73","1123","School is not eligible for either Title I Targeted Assistance or Schoolwide program","No"
mixed - most recent,"510415001821","TABB MIDDLE","VA","York County Public Schools","Middle","Regular school","No","Yes participating without using any Provision or the CEP","56","903","School is not eligible for either Title I Targeted Assistance or Schoolwide program","No"
mixed - most recent,"510384002169","Tallwood Elementary","VA","Virginia Beach City Public Schools","Primary","Regular school","No","Yes participating without using any Provision or the CEP","42","594","School is not eligible for either Title I Targeted Assistance or Schoolwide program","No"
mixed - most recent,"510384000434","TALLWOOD HIGH","VA","Virginia Beach City Public Schools","High","Regular school","No","Yes participating without using any Provision or the CEP","119","1861","School is not eligible for either Title I Targeted Assistance or Schoolwide program","No"
mixed - most recent,"510006000014","TANGIER COMBINED","VA","Accomack County Public Schools","Other","Regular school","No","Yes under the Community Eligibility Provision (CEP)","9","41","School is not eligible for either Title I Targeted Assistance or Schoolwide program","No"
mixed - most recent,"510267002210","Tanners Creek Elementary","VA","Norfolk City Public Schools","Primary","Regular school","No","Yes under the Community Eligibility Provision (CEP)","38","530","School is eligible for Title I Schoolwide program (SWP) and provides Title I Schoolwide program","No"
mixed - most recent,"510120000421","Tappahannock Elementary","VA","Essex County Public Schools","Primary","Regular school","No","Yes under the Community Eligibility Provision (CEP)","29","334","School is eligible for Title I Schoolwide program (SWP) and provides Title I Schoolwide program","No"
mixed - most recent,"510267001141","Tarrallton Elementary","VA","Norfolk City Public Schools","Primary","Regular school","No","Yes under the Community Eligibility Provision (CEP)","21","316","School is not eligible for either Title I Targeted Assistance or Schoolwide program","No"
mixed - most recent,"510027000108","Taylor Elementary","VA","Arlington County Public Schools","Primary","Regular school","No","Yes participating without using any Provision or the CEP","57","539","School is not eligible for either Title I Targeted Assistance or Schoolwide program","No"
mixed - most recent,"510381001666","Tazewell County Career & Technical Center","VA","Tazewell County Public Schools","Not applicable","Vocational school","No","Missing/not reported","4","","School is not eligible for either Title I Targeted Assistance or Schoolwide program","No"
mixed - most recent,"510381001668","TAZEWELL HIGH","VA","Tazewell County Public Schools","High","Regular school","No","Yes under the Community Eligibility Provision (CEP)","39","537","School is not eligible for either Title I Targeted Assistance or Schoolwide program","No"
mixed - most recent,"510381001657","TAZEWELL INTERMEDIATE","VA","Tazewell County Public Schools","Primary","Regular school","No","Yes under the Community Eligibility Provision (CEP)","27","346","School is eligible for Title I Schoolwide program (SWP) and provides Title I Schoolwide program","No"
mixed - most recent,"510381001669","TAZEWELL MIDDLE","VA","Tazewell County Public Schools","Middle","Regular school","No","Yes under the Community Eligibility Provision (CEP)","30","369","School is not eligible for either Title I Targeted Assistance or Schoolwide program","No"
mixed - most recent,"510381001667","TAZEWELL PRIMARY","VA","Tazewell County Public Schools","Primary","Regular school","No","Yes under the Community Eligibility Provision (CEP)","21","422","School is eligible for Title I Schoolwide program (SWP) and provides Title I Schoolwide program","No"
mixed - most recent,"510384001722","TECHNICAL & CAREER ED. CTR.","VA","Virginia Beach City Public Schools","Not applicable","Vocational school","No","Missing/not reported","33","","School is not eligible for either Title I Targeted Assistance or Schoolwide program","No"
mixed - most recent,"510027000109","Technical Education & Career Center","VA","Arlington County Public Schools","Not applicable","Vocational school","No","Missing/not reported","","","School is not eligible for either Title I Targeted Assistance or Schoolwide program","No"
mixed - most recent,"510021000075","Temperance Elementary","VA","Amherst County Public Schools","Primary","Regular school","No","Yes under the Community Eligibility Provision (CEP)","9","92","School is eligible for Title I Schoolwide program (SWP) and provides Title I Schoolwide program","No"
mixed - most recent,"510126001842","Terra Centre Elementary","VA","Fairfax County Public Schools","Primary","Regular school","No","Yes participating without using any Provision or the CEP","42","629","School is not eligible for either Title I Targeted Assistance or Schoolwide program","No"
mixed - most recent,"510126000573","Terraset Elementary","VA","Fairfax County Public Schools","Primary","Regular school","No","Yes participating without using any Provision or the CEP","45","620","School is not eligible for either Title I Targeted Assistance or Schoolwide program","No"
mixed - most recent,"510384001717","Thalia Elementary","VA","Virginia Beach City Public Schools","Primary","Regular school","No","Yes under the Community Eligibility Provision (CEP)","37","593","School is not eligible for either Title I Targeted Assistance or Schoolwide program","No"
mixed - most recent,"510267002843","THE ACADEMY OF INTERNATIONAL STUDIES AT ROSEMONT","VA","Norfolk City Public Schools","Not applicable","Other/alternative school","No","Yes under the Community Eligibility Provision (CEP)","35","","School is not eligible for either Title I Targeted Assistance or Schoolwide program","No"
mixed - most recent,"510371003045","THE COLLEGE AND CAREER ACADEMY AT PRUDEN","VA","Suffolk City Public Schools","Not applicable","Vocational school","No","Missing/not reported","16","","School is not eligible for either Title I Targeted Assistance or Schoolwide program","No"
mixed - most recent,"510183002691","THE GEORGETOWN SCHOOL","VA","Hanover County Public Schools","Not applicable","Other/alternative school","No","Missing/not reported","7","","School is not eligible for either Title I Targeted Assistance or Schoolwide program","No"
mixed - most recent,"510324002988","The Governor's Career and Technical Education Academy for ST","VA","Richmond City Public Schools","Not applicable","Vocational school","No","Missing/not reported","3","","School is not eligible for either Title I Targeted Assistance or Schoolwide program","No"
mixed - most recent,"510025202848","THE GOVERNOR'S SCHOOL @ INNOVATION PARK","VA","THE GOVERNOR'S SCHOOL @ INNOVATION PARK","Not applicable","Regular school","No","Missing/not reported","","0","School is not eligible for either Title I Targeted Assistance or Schoolwide program","No"
mixed - most recent,"510183002775","The Hanover Center For Trades And Technology","VA","Hanover County Public Schools","Not applicable","Vocational school","No","Missing/not reported","9","","School is not eligible for either Title I Targeted Assistance or Schoolwide program","No"
mixed - most recent,"510225002989","THE LOUDOUN GOVERNOR'S CAREER & TECHNICAL ACADEMY","VA","Loudoun County Public Schools","Not applicable","Vocational school","No","Missing/not reported","8","","School is not eligible for either Title I Targeted Assistance or Schoolwide program","No"
mixed - most recent,"510313001311","THE NOKESVILLE SCHOOL","VA","Prince William County Public Schools","Primary","Regular school","No","Yes participating without using any Provision or the CEP","70","1202","School is not eligible for either Title I Targeted Assistance or Schoolwide program","Yes"
mixed - most recent,"510225002281","THE NORTH STAR SCHOOL","VA","Loudoun County Public Schools","Not applicable","Other/alternative school","No","Yes under the Community Eligibility Provision (CEP)","35","","School is not eligible for either Title I Targeted Assistance or Schoolwide program","No"
mixed - most recent,"510111002872","THE NORTHSIDE PRESCHOOL","VA","Danville City Public Schools","Prekindergarten","Regular school","No","Missing/not reported","9","141","School is not eligible for either Title I Targeted Assistance or Schoolwide program","No"
mixed - most recent,"510008202373","THE REGIONAL COMMUNITY ALTERNATIVE ED CONTINUUM","VA","THE REGIONAL COMMUNITY ALTERNATIVE ED CONTINUUM","Not applicable","Other/alternative school","No","Missing/not reported","","0","School is not eligible for either Title I Targeted Assistance or Schoolwide program","No"
mixed - most recent,"510384002822","THE RENAISSANCE ACADEMY","VA","Virginia Beach City Public Schools","Not applicable","Other/alternative school","No","Yes under the Community Eligibility Provision (CEP)","86","","School is not eligible for either Title I Targeted Assistance or Schoolwide program","No"
mixed - most recent,"510271001161","THE T.E.C.H. CENTER","VA","Northampton County Public Schools","Not applicable","Other/alternative school","No","Missing/not reported","","","School is not eligible for either Title I Targeted Assistance or Schoolwide program","No"
mixed - most recent,"510084002099","Thelma Crenshaw Elementary","VA","Chesterfield County Public Schools","Primary","Regular school","No","Yes under the Community Eligibility Provision (CEP)","44","651","School is eligible for Title I Schoolwide program (SWP) and provides Title I Schoolwide program","No"
mixed - most recent,"510324002425","Thirteen Acres Special Education Center","VA","Richmond City Public Schools","Not applicable","Special education school","No","Missing/not reported","16","","School is not eligible for either Title I Targeted Assistance or Schoolwide program","No"
mixed - most recent,"510324002078","THOMAS C. BOUSHALL MIDDLE","VA","Richmond City Public Schools","Middle","Regular school","No","Yes under the Community Eligibility Provision (CEP)","47","611","School is eligible for Title I Schoolwide program (SWP) and provides Title I Schoolwide program","No"
mixed - most recent,"510369001608","Thomas C. McSwain Elementary","VA","Staunton City Public Schools","Primary","Regular school","No","Yes under the Community Eligibility Provision (CEP)","30","415","School is eligible for Title I Schoolwide program (SWP) and provides Title I Schoolwide program","No"
mixed - most recent,"510084000350","THOMAS DALE HIGH","VA","Chesterfield County Public Schools","High","Regular school","No","Yes participating without using any Provision or the CEP","170","2556","School is not eligible for either Title I Targeted Assistance or Schoolwide program","No"
mixed - most recent,"510180000760","THOMAS EATON MIDDLE","VA","Hampton City Public Schools","Middle","Regular school","No","Yes under the Community Eligibility Provision (CEP)","43","577","School is not eligible for either Title I Targeted Assistance or Schoolwide program","No"
mixed - most recent,"510186002150","THOMAS HARRISON MIDDLE","VA","Harrisonburg City Public Schools","Middle","Regular school","No","Yes under the Community Eligibility Provision (CEP)","63","693","School is not eligible for either Title I Targeted Assistance or Schoolwide program","No"
mixed - most recent,"510243000994","THOMAS HUNTER MIDDLE","VA","Mathews County Public Schools","Middle","Regular school","No","Yes under the Community Eligibility Provision (CEP)","23","283","School is not eligible for either Title I Targeted Assistance or Schoolwide program","No"
mixed - most recent,"510228000942","Thomas Jefferson Elementary","VA","Louisa County Public Schools","Primary","Regular school","No","Yes under the Community Eligibility Provision (CEP)","47","632","School is eligible for Title I Schoolwide program (SWP) and provides Title I Schoolwide program","No"
mixed - most recent,"510036002525","Thomas Jefferson Elementary","VA","Bedford County Public Schools","Primary","Regular school","No","Yes participating without using any Provision or the CEP","34","510","School is not eligible for either Title I Targeted Assistance or Schoolwide program","No"
mixed - most recent,"510126002034","Thomas Jefferson High for Science and Technology","VA","Fairfax County Public Schools","High","Regular school","No","Yes participating without using any Provision or the CEP","114","1967","School is not eligible for either Title I Targeted Assistance or Schoolwide program","Yes"
mixed - most recent,"510324002070","THOMAS JEFFERSON HIGH","VA","Richmond City Public Schools","High","Regular school","No","Yes under the Community Eligibility Provision (CEP)","72","816","School is eligible for Title I Schoolwide program (SWP) and provides Title I Schoolwide program","No"
mixed - most recent,"510219000904","THOMAS WALKER HIGH","VA","Lee County Public Schools","High","Regular school","No","Yes under the Community Eligibility Provision (CEP)","23","278","School is not eligible for either Title I Targeted Assistance or Schoolwide program","No"
mixed - most recent,"510126000574","THOREAU MIDDLE","VA","Fairfax County Public Schools","Middle","Regular school","No","Yes participating without using any Provision or the CEP","78","1194","School is not eligible for either Title I Targeted Assistance or Schoolwide program","No"
mixed - most recent,"510364000981","THORNBURG MIDDLE","VA","Spotsylvania County Public Schools","Middle","Regular school","No","Yes under the Community Eligibility Provision (CEP)","47","696","School is not eligible for either Title I Targeted Assistance or Schoolwide program","No"
mixed - most recent,"510384001718","Thoroughgood Elementary","VA","Virginia Beach City Public Schools","Primary","Regular school","No","Yes participating without using any Provision or the CEP","39","749","School is not eligible for either Title I Targeted Assistance or Schoolwide program","No"
mixed - most recent,"510189000829","Three Chopt Elementary","VA","Henrico County Public Schools","Primary","Regular school","No","Yes under the Community Eligibility Provision (CEP)","22","296","School is not eligible for either Title I Targeted Assistance or Schoolwide program","No"
mixed - most recent,"510384002475","Three Oaks Elementary","VA","Virginia Beach City Public Schools","Primary","Regular school","No","Yes participating without using any Provision or the CEP","38","659","School is not eligible for either Title I Targeted Assistance or Schoolwide program","No"
mixed - most recent,"510324003020","THRIVE ACADEMY","VA","Richmond City Public Schools","Not applicable","Other/alternative school","No","Missing/not reported","9","","School is not eligible for either Title I Targeted Assistance or Schoolwide program","No"
mixed - most recent,"510313000938","Thurgood Marshall Elementary","VA","Prince William County Public Schools","Primary","Regular school","No","Yes participating without using any Provision or the CEP","37","698","School is not eligible for either Title I Targeted Assistance or Schoolwide program","Yes"
mixed - most recent,"510081000304","Thurgood Marshall Elementary","VA","Chesapeake City Public Schools","Primary","Regular school","No","Yes under the Community Eligibility Provision (CEP)","39","436","School is eligible for Title I Schoolwide program (SWP) and provides Title I Schoolwide program","No"
mixed - most recent,"510004202379","TIDEWATER JUVENILE DETENTION HOME - CHESAPEAKE","VA","Department of Education State-Operated Educ Prgms","Not applicable","Other/alternative school","No","Missing/not reported","","","School is not eligible for either Title I Targeted Assistance or Schoolwide program","No"
mixed - most recent,"510267001142","Tidewater Park Elementary","VA","Norfolk City Public Schools","Primary","Regular school","No","Yes under the Community Eligibility Provision (CEP)","13","124","School is eligible for Title I Schoolwide program (SWP) and provides Title I Schoolwide program","No"
mixed - most recent,"510007402349","TIDEWATER REGIONAL ALTERNATIVE ED PROJECT","VA","TIDEWATER REGIONAL ALTERNATIVE ED PROJECT","Not applicable","Other/alternative school","No","No","","0","School is not eligible for either Title I Targeted Assistance or Schoolwide program","No"
mixed - most recent,"510126000575","Timber Lane Elementary","VA","Fairfax County Public Schools","Primary","Regular school","No","Yes participating without using any Provision or the CEP","50","613","School is eligible for Title I Schoolwide program (SWP) and provides Title I Schoolwide program","No"
mixed - most recent,"510402000446","TOANO MIDDLE","VA","Williamsburg-James City County Public Schools","Middle","Regular school","No","Yes participating without using any Provision or the CEP","44","678","School is not eligible for either Title I Targeted Assistance or Schoolwide program","No"
mixed - most recent,"510084002754","TOMAHAWK CREEK MIDDLE","VA","Chesterfield County Public Schools","Middle","Regular school","No","Yes participating without using any Provision or the CEP","104","1680","School is not eligible for either Title I Targeted Assistance or Schoolwide program","No"
mixed - most recent,"510060000232","Tomahawk Elementary","VA","Campbell County Public Schools","Primary","Regular school","No","Yes under the Community Eligibility Provision (CEP)","44","685","School is eligible for Title I Schoolwide program (SWP) and provides Title I Schoolwide program","No"
mixed - most recent,"510048000188","Totaro Elementary","VA","Brunswick County Public Schools","Primary","Regular school","No","Yes under the Community Eligibility Provision (CEP)","22","291","School is eligible for Title I Schoolwide program (SWP) and provides Title I Schoolwide program","No"
mixed - most recent,"510225002965","TRAILSIDE MIDDLE","VA","Loudoun County Public Schools","Middle","Regular school","No","Yes participating without using any Provision or the CEP","80","1148","School is not eligible for either Title I Targeted Assistance or Schoolwide program","No"
mixed - most recent,"510007602351","TRANSITION SUPPORT RESOURCE CENTER/FAIRFAX","VA","TRANSITION SUPPORT RESOURCE CTR/FAIRFAX","Not applicable","Other/alternative school","No","Missing/not reported","","0","School is not eligible for either Title I Targeted Assistance or Schoolwide program","No"
mixed - most recent,"510384001719","Trantwood Elementary","VA","Virginia Beach City Public Schools","Primary","Regular school","No","Yes participating without using any Provision or the CEP","36","499","School is not eligible for either Title I Targeted Assistance or Schoolwide program","No"
mixed - most recent,"510228002066","Trevilians Elementary","VA","Louisa County Public Schools","Primary","Regular school","No","Yes under the Community Eligibility Provision (CEP)","37","536","School is eligible for Title I Schoolwide program (SWP) and provides Title I Schoolwide program","No"
mixed - most recent,"510313001324","Triangle Elementary","VA","Prince William County Public Schools","Primary","Regular school","No","Yes under the Community Eligibility Provision (CEP)","51","768","School is eligible for Title I Schoolwide program (SWP) and provides Title I Schoolwide program","Yes"
mixed - most recent,"510351001552","TRIPLETT BUSINESS & TECH.","VA","Shenandoah County Public Schools","Not applicable","Vocational school","No","Missing/not reported","14","","School is not eligible for either Title I Targeted Assistance or Schoolwide program","No"
mixed - most recent,"510042000173","Troutville Elementary","VA","Botetourt County Public Schools","Primary","Regular school","No","Yes participating without using any Provision or the CEP","18","247","School is eligible for Title I Targeted Assistance (TAS) and provides TAS program","No"
mixed - most recent,"510081001899","TRUITT INTERMEDIATE","VA","Chesapeake City Public Schools","Primary","Regular school","No","Yes under the Community Eligibility Provision (CEP)","22","259","School is eligible for Title I Schoolwide program (SWP) and provides Title I Schoolwide program","No"
mixed - most recent,"510189000831","Tuckahoe Elementary","VA","Henrico County Public Schools","Primary","Regular school","No","Yes participating without using any Provision or the CEP","41","650","School is not eligible for either Title I Targeted Assistance or Schoolwide program","No"
mixed - most recent,"510027000110","Tuckahoe Elementary","VA","Arlington County Public Schools","Primary","Regular school","No","Yes participating without using any Provision or the CEP","35","442","School is not eligible for either Title I Targeted Assistance or Schoolwide program","No"
mixed - most recent,"510189000832","TUCKAHOE MIDDLE","VA","Henrico County Public Schools","Middle","Regular school","No","Yes participating without using any Provision or the CEP","60","1003","School is not eligible for either Title I Targeted Assistance or Schoolwide program","No"
mixed - most recent,"510294001227","TUNSTALL HIGH","VA","Pittsylvania County Public Schools","High","Regular school","No","Yes under the Community Eligibility Provision (CEP)","56","843","School is not eligible for either Title I Targeted Assistance or Schoolwide program","No"
mixed - most recent,"510294001206","TUNSTALL MIDDLE","VA","Pittsylvania County Public Schools","Middle","Regular school","No","Yes under the Community Eligibility Provision (CEP)","44","564","School is not eligible for either Title I Targeted Assistance or Schoolwide program","No"
mixed - most recent,"510371002555","TURLINGTON WOODS ALTERNATIVE","VA","Suffolk City Public Schools","Not applicable","Other/alternative school","No","Yes under the Community Eligibility Provision (CEP)","14","","School is not eligible for either Title I Targeted Assistance or Schoolwide program","No"
mixed - most recent,"510339002164","TURNER ASHBY HIGH","VA","Rockingham County Public Schools","High","Regular school","No","Yes participating without using any Provision or the CEP","64","994","School is not eligible for either Title I Targeted Assistance or Schoolwide program","No"
mixed - most recent,"510282002746","Turning Point Alternative Education","VA","Orange County Public Schools","Not applicable","Other/alternative school","No","Missing/not reported","","","School is not eligible for either Title I Targeted Assistance or Schoolwide program","No"
mixed - most recent,"510225002817","TUSCARORA HIGH","VA","Loudoun County Public Schools","Other","Regular school","No","Yes participating without using any Provision or the CEP","121","1411","School is not eligible for either Title I Targeted Assistance or Schoolwide program","No"
mixed - most recent,"510096000366","Tussing Elementary","VA","Colonial Heights City Public Schools","Primary","Regular school","No","Yes under the Community Eligibility Provision (CEP)","48","623","School is eligible for Title I Targeted Assistance (TAS) and provides TAS program","No"
mixed - most recent,"510126000576","TWAIN MIDDLE","VA","Fairfax County Public Schools","Middle","Regular school","No","Yes participating without using any Provision or the CEP","71","988","School is not eligible for either Title I Targeted Assistance or Schoolwide program","Yes"
mixed - most recent,"510189002536","Twin Hickory Elementary","VA","Henrico County Public Schools","Primary","Regular school","No","Yes participating without using any Provision or the CEP","35","547","School is not eligible for either Title I Targeted Assistance or Schoolwide program","No"
mixed - most recent,"510294001395","Twin Springs Elementary","VA","Pittsylvania County Public Schools","Primary","Regular school","No","Yes under the Community Eligibility Provision (CEP)","44","619","School is not eligible for either Title I Targeted Assistance or Schoolwide program","No"
mixed - most recent,"510348001539","TWIN SPRINGS HIGH","VA","Scott County Public Schools","High","Regular school","No","Yes under the Community Eligibility Provision (CEP)","23","242","School is eligible for Title I Schoolwide program (SWP) and provides Title I Schoolwide program","No"
mixed - most recent,"510051001946","Twin Valley Elementary/Middle","VA","Buchanan County Public Schools","Primary","Regular school","No","Yes under the Community Eligibility Provision (CEP)","23","286","School is eligible for Title I Schoolwide program (SWP) and provides Title I Schoolwide program","No"
mixed - most recent,"510051001947","TWIN VALLEY HIGH","VA","Buchanan County Public Schools","High","Regular school","No","Yes under the Community Eligibility Provision (CEP)","17","194","School is not eligible for either Title I Targeted Assistance or Schoolwide program","No"
mixed - most recent,"510258001160","Tye River Elementary","VA","Nelson County Public Schools","Primary","Regular school","No","Yes under the Community Eligibility Provision (CEP)","27","355","School is eligible for Title I Schoolwide program (SWP) and provides Title I Schoolwide program","No"
mixed - most recent,"510294001228","Union Hall Elementary","VA","Pittsylvania County Public Schools","Primary","Regular school","No","Yes under the Community Eligibility Provision (CEP)","17","179","School is eligible for Title I Schoolwide program (SWP) and provides Title I Schoolwide program","No"
mixed - most recent,"510408001792","UNION HIGH","VA","Wise County Public Schools","High","Regular school","No","Yes under the Community Eligibility Provision (CEP)","38","601","School is not eligible for either Title I Targeted Assistance or Schoolwide program","No"
mixed - most recent,"510408002050","UNION MIDDLE","VA","Wise County Public Schools","Middle","Regular school","No","Yes under the Community Eligibility Provision (CEP)","45","583","School is not eligible for either Title I Targeted Assistance or Schoolwide program","No"
mixed - most recent,"510126002060","Union Mill Elementary","VA","Fairfax County Public Schools","Primary","Regular school","No","Yes participating without using any Provision or the CEP","52","895","School is not eligible for either Title I Targeted Assistance or Schoolwide program","No"
mixed - most recent,"510408001793","UNION PRIMARY","VA","Wise County Public Schools","Primary","Regular school","No","Yes under the Community Eligibility Provision (CEP)","59","861","School is eligible for Title I Schoolwide program (SWP) and provides Title I Schoolwide program","No"
mixed - most recent,"510282001177","Unionville Elementary","VA","Orange County Public Schools","Primary","Regular school","No","Yes under the Community Eligibility Provision (CEP)","16","230","School is eligible for Title I Schoolwide program (SWP) and provides Title I Schoolwide program","No"
mixed - most recent,"510313001322","UNITY BRAXTON MIDDLE","VA","Prince William County Public Schools","Middle","Regular school","No","Yes under the Community Eligibility Provision (CEP)","77","1116","School is eligible for Title I Schoolwide program (SWP) and provides Title I Schoolwide program","Yes"
mixed - most recent,"510313001321","UNITY REED HIGH","VA","Prince William County Public Schools","High","Regular school","No","Yes under the Community Eligibility Provision (CEP)","154","2316","School is not eligible for either Title I Targeted Assistance or Schoolwide program","Yes"
mixed - most recent,"510025803074","VALLEY ACADEMY","VA","VALLEY ACADEMY","Not applicable","Other/alternative school","No","Missing/not reported","","0","School is not eligible for either Title I Targeted Assistance or Schoolwide program","No"
mixed - most recent,"510000802020","Valley Career and Technical Center","VA","Valley Career and Technical Center","Not applicable","Vocational school","No","Missing/not reported","","0","School is not eligible for either Title I Targeted Assistance or Schoolwide program","No"
mixed - most recent,"510033000141","Valley Elementary","VA","Bath County Public Schools","Primary","Regular school","No","Yes under the Community Eligibility Provision (CEP)","15","175","School is eligible for Title I Targeted Assistance (TAS) and provides TAS program","No"
mixed - most recent,"510390001750","Valley Institute Elementary","VA","Washington County Public Schools","Primary","Regular school","No","Yes under the Community Eligibility Provision (CEP)","26","277","School is eligible for Title I Schoolwide program (SWP) and provides Title I Schoolwide program","No"
mixed - most recent,"510189000834","Varina Elementary","VA","Henrico County Public Schools","Primary","Regular school","No","Yes under the Community Eligibility Provision (CEP)","18","263","School is not eligible for either Title I Targeted Assistance or Schoolwide program","No"
mixed - most recent,"510189000835","VARINA HIGH","VA","Henrico County Public Schools","High","Regular school","No","Yes under the Community Eligibility Provision (CEP)","99","1405","School is not eligible for either Title I Targeted Assistance or Schoolwide program","Yes"
mixed - most recent,"510078002143","Venable Elementary","VA","Charlottesville City Public Schools","Primary","Regular school","No","Yes participating without using any Provision or the CEP","25","306","School is not eligible for either Title I Targeted Assistance or Schoolwide program","No"
mixed - most recent,"510291002794","VERNON JOHNS MIDDLE","VA","Petersburg City Public Schools","Middle","Regular school","No","Yes under the Community Eligibility Provision (CEP)","64","921","School is eligible for Title I Schoolwide program (SWP) and provides Title I Schoolwide program","No"
mixed - most recent,"510231000949","Victoria Elementary","VA","Lunenburg County Public Schools","Primary","Regular school","No","Yes under the Community Eligibility Provision (CEP)","27","378","School is eligible for Title I Schoolwide program (SWP) and provides Title I Schoolwide program","No"
mixed - most recent,"510294003056","Victory Academy/Ready for Success","VA","Pittsylvania County Public Schools","Not applicable","Other/alternative school","No","Missing/not reported","2","","School is not eligible for either Title I Targeted Assistance or Schoolwide program","No"
mixed - most recent,"510313002586","Victory Elementary","VA","Prince William County Public Schools","Primary","Regular school","No","Yes participating without using any Provision or the CEP","40","694","School is not eligible for either Title I Targeted Assistance or Schoolwide program","Yes"
mixed - most recent,"510300002625","Victory Elementary","VA","Portsmouth City Public Schools","Primary","Regular school","No","Yes under the Community Eligibility Provision (CEP)","33","589","School is eligible for Title I Schoolwide program (SWP) and provides Title I Schoolwide program","No"
mixed - most recent,"510126000577","Vienna Elementary","VA","Fairfax County Public Schools","Primary","Regular school","No","Yes participating without using any Provision or the CEP","28","382","School is not eligible for either Title I Targeted Assistance or Schoolwide program","No"
mixed - most recent,"510405001782","Virginia Avenue Charlotte Dehart Elementary","VA","Winchester City Public Schools","Primary","Regular school","No","Yes under the Community Eligibility Provision (CEP)","31","441","School is eligible for Title I Schoolwide program (SWP) and provides Title I Schoolwide program","No"
mixed - most recent,"510004202476","VIRGINIA BEACH JUVENILE DETENTION HOME","VA","Department of Education State-Operated Educ Prgms","Not applicable","Other/alternative school","No","Missing/not reported","","","School is not eligible for either Title I Targeted Assistance or Schoolwide program","No"
mixed - most recent,"510384001721","VIRGINIA BEACH MIDDLE","VA","Virginia Beach City Public Schools","Middle","Regular school","No","Yes participating without using any Provision or the CEP","40","589","School is not eligible for either Title I Targeted Assistance or Schoolwide program","No"
mixed - most recent,"510348003096","VIRGINIA CONNECTIONS ACADEMY","VA","Scott County Public Schools","Middle","Regular school","No","No","11","513","",""
mixed - most recent,"510330000667","Virginia Heights Elementary","VA","Roanoke City Public Schools","Primary","Regular school","No","Yes under the Community Eligibility Provision (CEP)","24","266","School is eligible for Title I Schoolwide program (SWP) and provides Title I Schoolwide program","No"
mixed - most recent,"510045000179","VIRGINIA HIGH","VA","Bristol City Public Schools","High","Regular school","No","Yes under the Community Eligibility Provision (CEP)","55","637","School is not eligible for either Title I Targeted Assistance or Schoolwide program","No"
mixed - most recent,"510126002819","Virginia Hills Early Childhood Resource Center","VA","Fairfax County Public Schools","Prekindergarten","Regular school","No","Missing/not reported","38","203","School is not eligible for either Title I Targeted Assistance or Schoolwide program","No"
mixed - most recent,"510009000003","Virginia L. Murray Elementary","VA","Albemarle County Public Schools","Primary","Regular school","No","Yes participating without using any Provision or the CEP","20","282","School is not eligible for either Title I Targeted Assistance or Schoolwide program","No"
mixed - most recent,"510045000180","VIRGINIA MIDDLE","VA","Bristol City Public Schools","Middle","Regular school","No","Yes under the Community Eligibility Provision (CEP)","59","487","School is eligible for Title I Schoolwide program (SWP) and provides Title I Schoolwide program","No"
mixed - most recent,"510189002442","Virginia Randolph Education Center","VA","Henrico County Public Schools","Not applicable","Special education school","No","Missing/not reported","","","School is not eligible for either Title I Targeted Assistance or Schoolwide program","No"
mixed - most recent,"510126002146","Virginia Run Elementary","VA","Fairfax County Public Schools","Primary","Regular school","No","Yes participating without using any Provision or the CEP","46","706","School is not eligible for either Title I Targeted Assistance or Schoolwide program","No"
mixed - most recent,"510005803052","Virginia School for the Deaf and Blind Elementary","VA","Virginia School for the Deaf and Blind-Staunton","Primary","Special education school","No","Missing/not reported","","10","School is not eligible for either Title I Targeted Assistance or Schoolwide program","No"
mixed - most recent,"510005803050","Virginia School for the Deaf and Blind High","VA","Virginia School for the Deaf and Blind-Staunton","High","Special education school","No","Missing/not reported","","40","School is not eligible for either Title I Targeted Assistance or Schoolwide program","No"
mixed - most recent,"510005803051","Virginia School for the Deaf and Blind Middle","VA","Virginia School for the Deaf and Blind-Staunton","Middle","Special education school","No","Missing/not reported","","11","School is not eligible for either Title I Targeted Assistance or Schoolwide program","No"
mixed - most recent,"510005502290","VIRGINIA TREATMENT CTR.","VA","MCV-Virginia Treatment Center For Children","Other","Special education school","No","Missing/not reported","","0","School is not eligible for either Title I Targeted Assistance or Schoolwide program","No"
mixed - most recent,"510346003134","Virginia Virtual Academy at Salem","VA","Salem City Public Schools","Missing/not reported","Regular school","No","","","","",""
mixed - most recent,"510132000614","W.C. TAYLOR MIDDLE","VA","Fauquier County Public Schools","Middle","Regular school","No","Yes participating without using any Provision or the CEP","39","437","School is not eligible for either Title I Targeted Assistance or Schoolwide program","No"
mixed - most recent,"510333001459","W.E. Cundiff Elementary","VA","Roanoke County Public Schools","Primary","Regular school","No","Yes under the Community Eligibility Provision (CEP)","37","490","School is eligible for Title I Schoolwide program (SWP) and provides Title I Schoolwide program","No"
mixed - most recent,"510132000615","W.G. Coleman Elementary","VA","Fauquier County Public Schools","Primary","Regular school","No","Yes participating without using any Provision or the CEP","24","337","School is not eligible for either Title I Targeted Assistance or Schoolwide program","No"
mixed - most recent,"510225003084","W.O. ROBEY HIGH","VA","Loudoun County Public Schools","High","Regular school","No","Missing/not reported","11","31","School is not eligible for either Title I Targeted Assistance or Schoolwide program","No"
mixed - most recent,"510384001723","W.T. Cooke Elementary","VA","Virginia Beach City Public Schools","Primary","Regular school","No","Yes under the Community Eligibility Provision (CEP)","36","523","School is not eligible for either Title I Targeted Assistance or Schoolwide program","No"
mixed - most recent,"510084001835","W.W. Gordon Elementary","VA","Chesterfield County Public Schools","Primary","Regular school","No","Yes participating without using any Provision or the CEP","36","577","School is not eligible for either Title I Targeted Assistance or Schoolwide program","No"
mixed - most recent,"510004202382","W.W. Moore Jr. Juvenile Detention Home","VA","Department of Education State-Operated Educ Prgms","Not applicable","Other/alternative school","No","Missing/not reported","","","School is not eligible for either Title I Targeted Assistance or Schoolwide program","No"
mixed - most recent,"510351001554","W.W. Robinson Elementary","VA","Shenandoah County Public Schools","Primary","Regular school","No","Yes under the Community Eligibility Provision (CEP)","73","1061","School is eligible for Title I Schoolwide program (SWP) and provides Title I Schoolwide program","No"
mixed - most recent,"510126000580","Wakefield Forest Elementary","VA","Fairfax County Public Schools","Primary","Regular school","No","Yes participating without using any Provision or the CEP","41","670","School is not eligible for either Title I Targeted Assistance or Schoolwide program","No"
mixed - most recent,"510027000111","WAKEFIELD HIGH","VA","Arlington County Public Schools","High","Regular school","No","Yes participating without using any Provision or the CEP","171","2766","School is not eligible for either Title I Targeted Assistance or Schoolwide program","No"
mixed - most recent,"510078000279","Walker Upper Elementary","VA","Charlottesville City Public Schools","Middle","Regular school","No","Yes under the Community Eligibility Provision (CEP)","51","616","School is not eligible for either Title I Targeted Assistance or Schoolwide program","No"
mixed - most recent,"510151002274","Walker-Grant Early Childhood Center","VA","Fredericksburg City Public Schools","Prekindergarten","Regular school","No","Yes under the Community Eligibility Provision (CEP)","8","139","School is not eligible for either Title I Targeted Assistance or Schoolwide program","No"
mixed - most recent,"510151002612","WALKER-GRANT MIDDLE","VA","Fredericksburg City Public Schools","Middle","Regular school","No","Yes under the Community Eligibility Provision (CEP)","59","750","School is eligible for Title I Schoolwide program (SWP) and provides Title I Schoolwide program","No"
mixed - most recent,"510390001752","WALLACE MIDDLE","VA","Washington County Public Schools","Middle","Regular school","No","Yes under the Community Eligibility Provision (CEP)","44","426","School is not eligible for either Title I Targeted Assistance or Schoolwide program","No"
mixed - most recent,"510415001822","Waller Mill Elementary","VA","York County Public Schools","Primary","Regular school","No","Yes participating without using any Provision or the CEP","24","364","School is not eligible for either Title I Targeted Assistance or Schoolwide program","Yes"
mixed - most recent,"510291001203","Walnut Hill Elementary","VA","Petersburg City Public Schools","Primary","Regular school","No","Yes under the Community Eligibility Provision (CEP)","37","515","School is eligible for Title I Schoolwide program (SWP) and provides Title I Schoolwide program","No"
mixed - most recent,"510267001144","Walter Herron Taylor Elementary","VA","Norfolk City Public Schools","Primary","Regular school","No","Yes under the Community Eligibility Provision (CEP)","23","341","School is not eligible for either Title I Targeted Assistance or Schoolwide program","No"
mixed - most recent,"510126000088","Waples Mill Elementary","VA","Fairfax County Public Schools","Primary","Regular school","No","Yes participating without using any Provision or the CEP","56","843","School is not eligible for either Title I Targeted Assistance or Schoolwide program","No"
mixed - most recent,"510402002658","WARHILL HIGH","VA","Williamsburg-James City County Public Schools","High","Regular school","No","Yes participating without using any Provision or the CEP","81","1322","School is not eligible for either Title I Targeted Assistance or Schoolwide program","No"
mixed - most recent,"510387001733","WARREN COUNTY HIGH","VA","Warren County Public Schools","High","Regular school","No","Yes under the Community Eligibility Provision (CEP)","59","833","School is not eligible for either Title I Targeted Assistance or Schoolwide program","No"
mixed - most recent,"510387003038","WARREN COUNTY MIDDLE","VA","Warren County Public Schools","Middle","Regular school","No","Yes under the Community Eligibility Provision (CEP)","46","543","School is not eligible for either Title I Targeted Assistance or Schoolwide program","No"
mixed - most recent,"510132000616","WARRENTON MIDDLE","VA","Fauquier County Public Schools","Middle","Regular school","No","Yes participating without using any Provision or the CEP","39","395","School is not eligible for either Title I Targeted Assistance or Schoolwide program","No"
mixed - most recent,"510264001076","WARWICK HIGH","VA","Newport News City Public Schools","High","Regular school","No","Yes under the Community Eligibility Provision (CEP)","112","1645","School is not eligible for either Title I Targeted Assistance or Schoolwide program","No"
mixed - most recent,"510330001349","Wasena Elementary","VA","Roanoke City Public Schools","Primary","Regular school","No","Yes under the Community Eligibility Provision (CEP)","18","233","School is eligible for Title I Schoolwide program (SWP) and provides Title I Schoolwide program","No"
mixed - most recent,"510390001751","WASHINGTON COUNTY CAREER & TECHNICAL EDUCATION CENTER","VA","Washington County Public Schools","Not applicable","Vocational school","No","Missing/not reported","26","","School is not eligible for either Title I Targeted Assistance or Schoolwide program","No"
mixed - most recent,"510398001769","Washington District Elementary","VA","Westmoreland County Public Schools","Primary","Regular school","No","Yes under the Community Eligibility Provision (CEP)","27","385","School is eligible for Title I Schoolwide program (SWP) and provides Title I Schoolwide program","No"
mixed - most recent,"510126000582","Washington Mill Elementary","VA","Fairfax County Public Schools","Primary","Regular school","No","Yes under the Community Eligibility Provision (CEP)","42","551","School is eligible for Title I Schoolwide program (SWP) and provides Title I Schoolwide program","Yes"
mixed - most recent,"510183000781","Washington-Henry Elementary","VA","Hanover County Public Schools","Primary","Regular school","No","Yes participating without using any Provision or the CEP","27","385","School is not eligible for either Title I Targeted Assistance or Schoolwide program","No"
mixed - most recent,"510045000181","Washington-Lee Elementary","VA","Bristol City Public Schools","Primary","Regular school","No","Yes under the Community Eligibility Provision (CEP)","15","224","School is eligible for Title I Schoolwide program (SWP) and provides Title I Schoolwide program","No"
mixed - most recent,"510027000112","Washington-Liberty High","VA","Arlington County Public Schools","High","Regular school","No","Yes participating without using any Provision or the CEP","171","2715","School is not eligible for either Title I Targeted Assistance or Schoolwide program","No"
mixed - most recent,"510390001986","Watauga Elementary","VA","Washington County Public Schools","Primary","Regular school","No","Yes under the Community Eligibility Provision (CEP)","38","557","School is eligible for Title I Targeted Assistance (TAS) and provides TAS program","No"
mixed - most recent,"510225000936","Waterford Elementary","VA","Loudoun County Public Schools","Primary","Regular school","No","Yes participating without using any Provision or the CEP","18","247","School is not eligible for either Title I Targeted Assistance or Schoolwide program","No"
mixed - most recent,"510186000787","Waterman Elementary","VA","Harrisonburg City Public Schools","Primary","Regular school","No","Yes under the Community Eligibility Provision (CEP)","43","530","School is eligible for Title I Schoolwide program (SWP) and provides Title I Schoolwide program","No"
mixed - most recent,"510300001253","Waterview Elementary","VA","Portsmouth City Public Schools","Primary","Regular school","No","Yes under the Community Eligibility Provision (CEP)","41","639","School is eligible for Title I Schoolwide program (SWP) and provides Title I Schoolwide program","No"
mixed - most recent,"510264002471","WATKINS EARLY CHILDHOOD CENTER","VA","Newport News City Public Schools","Prekindergarten","Regular school","No","Yes under the Community Eligibility Provision (CEP)","15","329","School is eligible for Title I Schoolwide program (SWP) and provides Title I Schoolwide program","No"
mixed - most recent,"510237000974","Waverly Yowell Elementary","VA","Madison County Public Schools","Primary","Regular school","No","Yes under the Community Eligibility Provision (CEP)","25","337","School is eligible for Title I Schoolwide program (SWP) and provides Title I Schoolwide program","No"
mixed - most recent,"510225003060","Waxpool Elementary","VA","Loudoun County Public Schools","Primary","Regular school","No","Yes participating without using any Provision or the CEP","53","702","School is not eligible for either Title I Targeted Assistance or Schoolwide program","No"
mixed - most recent,"510393002855","Wayne Hills Center","VA","Waynesboro City Public Schools","Prekindergarten","Regular school","No","Yes under the Community Eligibility Provision (CEP)","14","185","School is not eligible for either Title I Targeted Assistance or Schoolwide program","No"
mixed - most recent,"510393001759","WAYNESBORO HIGH","VA","Waynesboro City Public Schools","High","Regular school","No","Yes under the Community Eligibility Provision (CEP)","64","905","School is not eligible for either Title I Targeted Assistance or Schoolwide program","No"
mixed - most recent,"510126000583","Waynewood Elementary","VA","Fairfax County Public Schools","Primary","Regular school","No","Yes participating without using any Provision or the CEP","42","715","School is not eligible for either Title I Targeted Assistance or Schoolwide program","No"
mixed - most recent,"510348001540","Weber City Elementary","VA","Scott County Public Schools","Primary","Regular school","No","Yes under the Community Eligibility Provision (CEP)","22","362","School is eligible for Title I Targeted Assistance (TAS) and provides TAS program","No"
mixed - most recent,"510236000979","Weems Elementary","VA","Manassas City Public Schools","Primary","Regular school","No","Yes under the Community Eligibility Provision (CEP)","37","566","School is eligible for Title I Schoolwide program (SWP) and provides Title I Schoolwide program","No"
mixed - most recent,"510393001760","Wenonah Elementary","VA","Waynesboro City Public Schools","Primary","Regular school","No","Yes under the Community Eligibility Provision (CEP)","22","223","School is eligible for Title I Schoolwide program (SWP) and provides Title I Schoolwide program","No"
mixed - most recent,"510138002956","WEST CENTRAL PRIMARY","VA","Fluvanna County Public Schools","Primary","Regular school","No","Missing/not reported","18","255","School is eligible for Title I Schoolwide program (SWP) and provides Title I Schoolwide program","No"
mixed - most recent,"510313001325","West Gate Elementary","VA","Prince William County Public Schools","Primary","Regular school","No","Yes under the Community Eligibility Provision (CEP)","46","583","School is eligible for Title I Schoolwide program (SWP) and provides Title I Schoolwide program","Yes"
mixed - most recent,"510395001762","West Point Elementary","VA","West Point Public Schools","Primary","Regular school","No","Yes participating without using any Provision or the CEP","31","370","School is eligible for Title I Schoolwide program (SWP) and provides Title I Schoolwide program","No"
mixed - most recent,"510395001763","WEST POINT MIDDLE/HIGH","VA","West Point Public Schools","High","Regular school","No","Yes participating without using any Provision or the CEP","34","440","School is not eligible for either Title I Targeted Assistance or Schoolwide program","No"
mixed - most recent,"510126002945","WEST POTOMAC HIGH SCHOOL ACADEMY","VA","Fairfax County Public Schools","Not applicable","Vocational school","No","Missing/not reported","10","","School is not eligible for either Title I Targeted Assistance or Schoolwide program","No"
mixed - most recent,"510126000489","WEST POTOMAC HIGH","VA","Fairfax County Public Schools","High","Regular school","No","Yes participating without using any Provision or the CEP","165","2764","School is not eligible for either Title I Targeted Assistance or Schoolwide program","No"
mixed - most recent,"510346002046","West Salem Elementary","VA","Salem City Public Schools","Primary","Regular school","No","Yes participating without using any Provision or the CEP","27","399","School is not eligible for either Title I Targeted Assistance or Schoolwide program","No"
mixed - most recent,"510126000584","West Springfield Elementary","VA","Fairfax County Public Schools","Primary","Regular school","No","Yes participating without using any Provision or the CEP","42","568","School is not eligible for either Title I Targeted Assistance or Schoolwide program","No"
mixed - most recent,"510126000585","WEST SPRINGFIELD HIGH","VA","Fairfax County Public Schools","High","Regular school","No","Yes participating without using any Provision or the CEP","151","2663","School is not eligible for either Title I Targeted Assistance or Schoolwide program","No"
mixed - most recent,"510126000586","Westbriar Elementary","VA","Fairfax County Public Schools","Primary","Regular school","No","Yes participating without using any Provision or the CEP","48","812","School is not eligible for either Title I Targeted Assistance or Schoolwide program","No"
mixed - most recent,"510009000035","WESTERN ALBEMARLE HIGH","VA","Albemarle County Public Schools","High","Regular school","No","Yes participating without using any Provision or the CEP","79","1158","School is not eligible for either Title I Targeted Assistance or Schoolwide program","Yes"
mixed - most recent,"510081000312","WESTERN BRANCH HIGH","VA","Chesapeake City Public Schools","High","Regular school","No","Yes participating without using any Provision or the CEP","137","2121","School is not eligible for either Title I Targeted Assistance or Schoolwide program","No"
mixed - most recent,"510081000311","Western Branch Intermediate","VA","Chesapeake City Public Schools","Primary","Regular school","No","Yes participating without using any Provision or the CEP","43","748","School is not eligible for either Title I Targeted Assistance or Schoolwide program","No"
mixed - most recent,"510081000313","WESTERN BRANCH MIDDLE","VA","Chesapeake City Public Schools","Middle","Regular school","No","Yes participating without using any Provision or the CEP","66","887","School is not eligible for either Title I Targeted Assistance or Schoolwide program","No"
mixed - most recent,"510081001910","WESTERN BRANCH PRIMARY","VA","Chesapeake City Public Schools","Primary","Regular school","No","Yes participating without using any Provision or the CEP","48","813","School is not eligible for either Title I Targeted Assistance or Schoolwide program","No"
mixed - most recent,"510004802325","WESTERN ST. HOSP. ED. PR.","VA","Western State Hospital","Other","Special education school","No","Missing/not reported","","0","School is not eligible for either Title I Targeted Assistance or Schoolwide program","No"
mixed - most recent,"510126002529","WESTFIELD HIGH","VA","Fairfax County Public Schools","High","Regular school","No","Yes participating without using any Provision or the CEP","160","2686","School is not eligible for either Title I Targeted Assistance or Schoolwide program","No"
mixed - most recent,"510126000587","Westgate Elementary","VA","Fairfax County Public Schools","Primary","Regular school","No","Yes participating without using any Provision or the CEP","40","584","School is not eligible for either Title I Targeted Assistance or Schoolwide program","No"
mixed - most recent,"510300001264","Westhaven Elementary","VA","Portsmouth City Public Schools","Primary","Regular school","No","Yes under the Community Eligibility Provision (CEP)","33","442","School is eligible for Title I Schoolwide program (SWP) and provides Title I Schoolwide program","No"
mixed - most recent,"510126000588","Westlawn Elementary","VA","Fairfax County Public Schools","Primary","Regular school","No","Yes participating without using any Provision or the CEP","51","741","School is eligible for Title I Schoolwide program (SWP) and provides Title I Schoolwide program","No"
mixed - most recent,"510398001768","Westmoreland High","VA","Westmoreland County Public Schools","High","Regular school","No","Yes under the Community Eligibility Provision (CEP)","37","486","School is not eligible for either Title I Targeted Assistance or Schoolwide program","No"
mixed - most recent,"510324001404","Westover Hills Elementary","VA","Richmond City Public Schools","Primary","Regular school","No","Yes under the Community Eligibility Provision (CEP)","25","370","School is eligible for Title I Schoolwide program (SWP) and provides Title I Schoolwide program","No"
mixed - most recent,"510313002160","Westridge Elementary","VA","Prince William County Public Schools","Primary","Regular school","No","Yes participating without using any Provision or the CEP","37","680","School is not eligible for either Title I Targeted Assistance or Schoolwide program","Yes"
mixed - most recent,"510330001437","Westside Elementary","VA","Roanoke City Public Schools","Primary","Regular school","No","Yes under the Community Eligibility Provision (CEP)","51","640","School is eligible for Title I Schoolwide program (SWP) and provides Title I Schoolwide program","No"
mixed - most recent,"510201002444","Westside Elementary","VA","Isle of Wight County Public Schools","Middle","Regular school","No","Yes participating without using any Provision or the CEP","53","729","School is not eligible for either Title I Targeted Assistance or Schoolwide program","No"
mixed - most recent,"510291001204","Westview Early Childhood Education Center","VA","Petersburg City Public Schools","Prekindergarten","Regular school","No","Yes under the Community Eligibility Provision (CEP)","22","337","School is not eligible for either Title I Targeted Assistance or Schoolwide program","No"
mixed - most recent,"510393001761","Westwood Hills Elementary","VA","Waynesboro City Public Schools","Primary","Regular school","No","Yes under the Community Eligibility Provision (CEP)","29","384","School is not eligible for either Title I Targeted Assistance or Schoolwide program","No"
mixed - most recent,"510111001233","WESTWOOD MIDDLE","VA","Danville City Public Schools","Middle","Regular school","No","Yes under the Community Eligibility Provision (CEP)","43","609","School is eligible for Title I Schoolwide program (SWP) and provides Title I Schoolwide program","No"
mixed - most recent,"510126000590","Weyanoke Elementary","VA","Fairfax County Public Schools","Primary","Regular school","No","Yes under the Community Eligibility Provision (CEP)","41","570","School is eligible for Title I Schoolwide program (SWP) and provides Title I Schoolwide program","No"
mixed - most recent,"510384001724","White Oaks Elementary","VA","Virginia Beach City Public Schools","Primary","Regular school","No","Yes participating without using any Provision or the CEP","48","679","School is not eligible for either Title I Targeted Assistance or Schoolwide program","No"
mixed - most recent,"510126001843","White Oaks Elementary","VA","Fairfax County Public Schools","Primary","Regular school","No","Yes participating without using any Provision or the CEP","46","718","School is not eligible for either Title I Targeted Assistance or Schoolwide program","No"
mixed - most recent,"510126000475","WHITMAN MIDDLE","VA","Fairfax County Public Schools","Middle","Regular school","No","Yes participating without using any Provision or the CEP","61","869","School is not eligible for either Title I Targeted Assistance or Schoolwide program","No"
mixed - most recent,"510366002106","Widewater Elementary","VA","Stafford County Public Schools","Primary","Regular school","No","Yes under the Community Eligibility Provision (CEP)","43","626","School is eligible for Title I Targeted Assistance (TAS) and provides TAS program","No"
mixed - most recent,"510339001511","WILBUR S. PENCE MIDDLE","VA","Rockingham County Public Schools","Middle","Regular school","No","Yes participating without using any Provision or the CEP","54","668","School is not eligible for either Title I Targeted Assistance or Schoolwide program","No"
mixed - most recent,"510364001870","Wilderness Elementary","VA","Spotsylvania County Public Schools","Primary","Regular school","No","Yes under the Community Eligibility Provision (CEP)","42","656","School is not eligible for either Title I Targeted Assistance or Schoolwide program","No"
mixed - most recent,"510267001087","Willard Elementary","VA","Norfolk City Public Schools","Primary","Regular school","No","Yes under the Community Eligibility Provision (CEP)","37","506","School is eligible for Title I Schoolwide program (SWP) and provides Title I Schoolwide program","No"
mixed - most recent,"510225003059","WILLARD MIDDLE","VA","Loudoun County Public Schools","Middle","Regular school","No","Yes participating without using any Provision or the CEP","106","1587","School is not eligible for either Title I Targeted Assistance or Schoolwide program","No"
mixed - most recent,"510333001476","WILLIAM BYRD HIGH","VA","Roanoke County Public Schools","High","Regular school","No","Yes participating without using any Provision or the CEP","73","1142","School is not eligible for either Title I Targeted Assistance or Schoolwide program","No"
mixed - most recent,"510333001477","WILLIAM BYRD MIDDLE","VA","Roanoke County Public Schools","Middle","Regular school","No","Yes participating without using any Provision or the CEP","59","827","School is not eligible for either Title I Targeted Assistance or Schoolwide program","No"
mixed - most recent,"510060000233","WILLIAM CAMPBELL HIGH","VA","Campbell County Public Schools","High","Regular school","No","Yes under the Community Eligibility Provision (CEP)","38","397","School is not eligible for either Title I Targeted Assistance or Schoolwide program","No"
mixed - most recent,"510300001265","William E. Waters Middle","VA","Portsmouth City Public Schools","Middle","Regular school","No","Yes under the Community Eligibility Provision (CEP)","43","534","School is not eligible for either Title I Targeted Assistance or Schoolwide program","No"
mixed - most recent,"510330001438","WILLIAM FLEMING HIGH","VA","Roanoke City Public Schools","High","Regular school","No","Yes under the Community Eligibility Provision (CEP)","115","1911","School is eligible for Title I Schoolwide program (SWP) and provides Title I Schoolwide program","No"
mixed - most recent,"510324001406","William Fox Elementary","VA","Richmond City Public Schools","Primary","Regular school","No","Yes under the Community Eligibility Provision (CEP)","25","326","School is not eligible for either Title I Targeted Assistance or Schoolwide program","No"
mixed - most recent,"510267001134","William H. Ruffner Middle","VA","Norfolk City Public Schools","Middle","Regular school","No","Yes under the Community Eligibility Provision (CEP)","42","436","School is eligible for Title I Schoolwide program (SWP) and provides Title I Schoolwide program","No"
mixed - most recent,"510237000975","WILLIAM H. WETSEL MIDDLE","VA","Madison County Public Schools","Middle","Regular school","No","Yes participating without using any Provision or the CEP","33","394","School is not eligible for either Title I Targeted Assistance or Schoolwide program","No"
mixed - most recent,"510234000970","William M. Bass Elementary","VA","Lynchburg City Public Schools","Primary","Regular school","No","Yes under the Community Eligibility Provision (CEP)","16","175","School is eligible for Title I Schoolwide program (SWP) and provides Title I Schoolwide program","No"
mixed - most recent,"510180000763","William Mason Cooper Elementary","VA","Hampton City Public Schools","Primary","Regular school","No","Yes under the Community Eligibility Provision (CEP)","27","386","School is not eligible for either Title I Targeted Assistance or Schoolwide program","No"
mixed - most recent,"510171000702","WILLIAM MONROE HIGH","VA","Greene County Public Schools","High","Regular school","No","Yes under the Community Eligibility Provision (CEP)","65","957","School is not eligible for either Title I Targeted Assistance or Schoolwide program","No"
mixed - most recent,"510171000106","WILLIAM MONROE MIDDLE","VA","Greene County Public Schools","Middle","Regular school","No","Yes under the Community Eligibility Provision (CEP)","57","675","School is not eligible for either Title I Targeted Assistance or Schoolwide program","No"
mixed - most recent,"510393001064","William Perry Elementary","VA","Waynesboro City Public Schools","Primary","Regular school","No","Yes under the Community Eligibility Provision (CEP)","30","446","School is eligible for Title I Schoolwide program (SWP) and provides Title I Schoolwide program","No"
mixed - most recent,"510012000055","William Ramsay Elementary","VA","Alexandria City Public Schools","Primary","Regular school","No","Yes under the Community Eligibility Provision (CEP)","43","607","School is eligible for Title I Schoolwide program (SWP) and provides Title I Schoolwide program","No"
mixed - most recent,"510384001725","Williams Elementary","VA","Virginia Beach City Public Schools","Primary","Regular school","No","Yes under the Community Eligibility Provision (CEP)","36","409","School is eligible for Title I Schoolwide program (SWP) and provides Title I Schoolwide program","No"
mixed - most recent,"510027000113","WILLIAMSBURG MIDDLE","VA","Arlington County Public Schools","Middle","Regular school","No","Yes participating without using any Provision or the CEP","54","827","School is not eligible for either Title I Targeted Assistance or Schoolwide program","No"
mixed - most recent,"510264001077","Willis A. Jenkins Elementary","VA","Newport News City Public Schools","Primary","Regular school","No","Yes under the Community Eligibility Provision (CEP)","32","499","School is eligible for Title I Schoolwide program (SWP) and provides Title I Schoolwide program","No"
mixed - most recent,"510135000621","Willis Elementary","VA","Floyd County Public Schools","Primary","Regular school","No","Yes under the Community Eligibility Provision (CEP)","11","175","School is eligible for Title I Schoolwide program (SWP) and provides Title I Schoolwide program","No"
mixed - most recent,"510267001146","WILLOUGHBY EARLY CHILDHOOD CENTER","VA","Norfolk City Public Schools","Prekindergarten","Regular school","No","Yes under the Community Eligibility Provision (CEP)","10","147","School is not eligible for either Title I Targeted Assistance or Schoolwide program","No"
mixed - most recent,"510126002147","Willow Springs Elementary","VA","Fairfax County Public Schools","Primary","Regular school","No","Yes participating without using any Provision or the CEP","53","904","School is not eligible for either Title I Targeted Assistance or Schoolwide program","No"
mixed - most recent,"510030000137","Wilson Elementary","VA","Augusta County Public Schools","Primary","Regular school","No","Yes under the Community Eligibility Provision (CEP)","45","647","School is eligible for Title I Schoolwide program (SWP) and provides Title I Schoolwide program","No"
mixed - most recent,"510030000138","WILSON MEMORIAL HIGH","VA","Augusta County Public Schools","High","Regular school","No","Yes participating without using any Provision or the CEP","56","858","School is not eligible for either Title I Targeted Assistance or Schoolwide program","No"
mixed - most recent,"510030002435","WILSON MIDDLE","VA","Augusta County Public Schools","Middle","Regular school","No","Yes participating without using any Provision or the CEP","47","632","School is not eligible for either Title I Targeted Assistance or Schoolwide program","No"
mixed - most recent,"510366001634","Winding Creek Elementary","VA","Stafford County Public Schools","Primary","Regular school","No","Yes participating without using any Provision or the CEP","46","840","School is not eligible for either Title I Targeted Assistance or Schoolwide program","No"
mixed - most recent,"510201000876","Windsor Elementary","VA","Isle of Wight County Public Schools","Primary","Regular school","No","Yes participating without using any Provision or the CEP","44","600","School is eligible for Title I Schoolwide program (SWP) and provides Title I Schoolwide program","No"
mixed - most recent,"510201000877","WINDSOR HIGH","VA","Isle of Wight County Public Schools","High","Regular school","No","Yes participating without using any Provision or the CEP","36","527","School is not eligible for either Title I Targeted Assistance or Schoolwide program","No"
mixed - most recent,"510384001726","Windsor Oaks Elementary","VA","Virginia Beach City Public Schools","Primary","Regular school","No","Yes under the Community Eligibility Provision (CEP)","43","509","School is not eligible for either Title I Targeted Assistance or Schoolwide program","No"
mixed - most recent,"510384001727","Windsor Woods Elementary","VA","Virginia Beach City Public Schools","Primary","Regular school","No","Yes participating without using any Provision or the CEP","34","426","School is not eligible for either Title I Targeted Assistance or Schoolwide program","No"
mixed - most recent,"510144002763","Windy Gap Elementary","VA","Franklin County Public Schools","Primary","Regular school","No","Yes under the Community Eligibility Provision (CEP)","20","281","School is not eligible for either Title I Targeted Assistance or Schoolwide program","No"
mixed - most recent,"510084002780","Winterpock Elementary","VA","Chesterfield County Public Schools","Primary","Regular school","No","Yes participating without using any Provision or the CEP","45","760","School is not eligible for either Title I Targeted Assistance or Schoolwide program","No"
mixed - most recent,"510408002342","WISE CO. ALTERNATIVE ED. CTR.","VA","Wise County Public Schools","Not applicable","Other/alternative school","No","Missing/not reported","8","","School is not eligible for either Title I Targeted Assistance or Schoolwide program","No"
mixed - most recent,"510408001796","WISE COUNTY CAREER-TECHNICAL CENTER","VA","Wise County Public Schools","Not applicable","Vocational school","No","Missing/not reported","17","","School is not eligible for either Title I Targeted Assistance or Schoolwide program","No"
mixed - most recent,"510408001798","WISE PRIMARY","VA","Wise County Public Schools","Primary","Regular school","No","Yes under the Community Eligibility Provision (CEP)","46","607","School is eligible for Title I Schoolwide program (SWP) and provides Title I Schoolwide program","No"
mixed - most recent,"510126000594","Wolftrap Elementary","VA","Fairfax County Public Schools","Primary","Regular school","No","Yes participating without using any Provision or the CEP","34","539","School is not eligible for either Title I Targeted Assistance or Schoolwide program","No"
mixed - most recent,"510111000398","Woodberry Hills Elementary","VA","Danville City Public Schools","Primary","Regular school","No","Yes under the Community Eligibility Provision (CEP)","27","394","School is eligible for Title I Schoolwide program (SWP) and provides Title I Schoolwide program","No"
mixed - most recent,"510313001955","WOODBINE PRE-SCHOOL CENTER","VA","Prince William County Public Schools","Prekindergarten","Regular school","No","Missing/not reported","10","12","School is not eligible for either Title I Targeted Assistance or Schoolwide program","No"
mixed - most recent,"510313001327","WOODBRIDGE HIGH","VA","Prince William County Public Schools","High","Regular school","No","Yes participating without using any Provision or the CEP","166","2905","School is not eligible for either Title I Targeted Assistance or Schoolwide program","Yes"
mixed - most recent,"510313001326","WOODBRIDGE MIDDLE","VA","Prince William County Public Schools","Middle","Regular school","No","Yes participating without using any Provision or the CEP","64","926","School is not eligible for either Title I Targeted Assistance or Schoolwide program","Yes"
mixed - most recent,"510009000036","Woodbrook Elementary","VA","Albemarle County Public Schools","Primary","Regular school","No","Yes under the Community Eligibility Provision (CEP)","51","609","School is eligible for Title I Targeted Assistance (TAS) and provides TAS program","No"
mixed - most recent,"510126000597","Woodburn Elementary","VA","Fairfax County Public Schools","Primary","Regular school","No","Yes participating without using any Provision or the CEP","41","498","School is eligible for Title I Schoolwide program (SWP) and provides Title I Schoolwide program","No"
mixed - most recent,"510225002812","WOODGROVE HIGH","VA","Loudoun County Public Schools","Other","Regular school","No","Yes participating without using any Provision or the CEP","128","1597","School is not eligible for either Title I Targeted Assistance or Schoolwide program","No"
mixed - most recent,"510126000598","Woodlawn Elementary","VA","Fairfax County Public Schools","Primary","Regular school","No","Yes under the Community Eligibility Provision (CEP)","43","479","School is eligible for Title I Schoolwide program (SWP) and provides Title I Schoolwide program","No"
mixed - most recent,"510198002279","Woodlawn Pre-School Learning Center","VA","Hopewell City Public Schools","Prekindergarten","Regular school","No","Yes under the Community Eligibility Provision (CEP)","19","309","School is not eligible for either Title I Targeted Assistance or Schoolwide program","No"
mixed - most recent,"510126000599","Woodley Hills Elementary","VA","Fairfax County Public Schools","Primary","Regular school","No","Yes under the Community Eligibility Provision (CEP)","40","486","School is eligible for Title I Schoolwide program (SWP) and provides Title I Schoolwide program","No"
mixed - most recent,"510330001440","WOODROW WILSON MIDDLE","VA","Roanoke City Public Schools","Middle","Regular school","No","Yes under the Community Eligibility Provision (CEP)","43","642","School is not eligible for either Title I Targeted Assistance or Schoolwide program","No"
mixed - most recent,"510005402326","WOODROW WILSON REHAB CTR","VA","Wilson Workforce and Rehabilitation Center","Other","Vocational school","No","Missing/not reported","","0","School is not eligible for either Title I Targeted Assistance or Schoolwide program","No"
mixed - most recent,"510264001453","WOODSIDE HIGH","VA","Newport News City Public Schools","High","Regular school","No","Yes under the Community Eligibility Provision (CEP)","111","1807","School is not eligible for either Title I Targeted Assistance or Schoolwide program","No"
mixed - most recent,"510126000600","WOODSON HIGH","VA","Fairfax County Public Schools","High","Regular school","No","Yes participating without using any Provision or the CEP","162","2478","School is not eligible for either Title I Targeted Assistance or Schoolwide program","No"
mixed - most recent,"510384001728","Woodstock Elementary","VA","Virginia Beach City Public Schools","Primary","Regular school","No","Yes participating without using any Provision or the CEP","42","664","School is not eligible for either Title I Targeted Assistance or Schoolwide program","No"
mixed - most recent,"510324001407","Woodville Elementary","VA","Richmond City Public Schools","Primary","Regular school","No","Yes under the Community Eligibility Provision (CEP)","21","267","School is eligible for Title I Schoolwide program (SWP) and provides Title I Schoolwide program","No"
mixed - most recent,"510084002176","Woolridge Elementary","VA","Chesterfield County Public Schools","Primary","Regular school","No","Yes participating without using any Provision or the CEP","48","804","School is not eligible for either Title I Targeted Assistance or Schoolwide program","No"
mixed - most recent,"510288001192","Woolwine Elementary","VA","Patrick County Public Schools","Primary","Regular school","No","Yes under the Community Eligibility Provision (CEP)","11","141","School is eligible for Title I Schoolwide program (SWP) and provides Title I Schoolwide program","No"
mixed - most recent,"510411001810","WYTHE COUNTY TECH CENTER","VA","Wythe County Public Schools","Not applicable","Vocational school","No","Missing/not reported","9","","School is not eligible for either Title I Targeted Assistance or Schoolwide program","No"
mixed - most recent,"510060000234","Yellow Branch Elementary","VA","Campbell County Public Schools","Primary","Regular school","No","Yes under the Community Eligibility Provision (CEP)","41","573","School is eligible for Title I Schoolwide program (SWP) and provides Title I Schoolwide program","No"
mixed - most recent,"510415001823","YORK HIGH","VA","York County Public Schools","High","Regular school","No","Yes participating without using any Provision or the CEP","74","1050","School is not eligible for either Title I Targeted Assistance or Schoolwide program","No"
mixed - most recent,"510415002330","YORK RIVER ACADEMY","VA","York County Public Schools","High","Regular school","Yes","Missing/not reported","8","68","School is not eligible for either Title I Targeted Assistance or Schoolwide program","No"
mixed - most recent,"510313001328","Yorkshire Elementary","VA","Prince William County Public Schools","Primary","Regular school","No","Yes under the Community Eligibility Provision (CEP)","56","822","School is eligible for Title I Schoolwide program (SWP) and provides Title I Schoolwide program","Yes"
mixed - most recent,"510415001824","Yorktown Elementary","VA","York County Public Schools","Primary","Regular school","No","Yes participating without using any Provision or the CEP","34","613","School is eligible for Title I Schoolwide program (SWP) and provides Title I Schoolwide program","Yes"
mixed - most recent,"510027000115","YORKTOWN HIGH","VA","Arlington County Public Schools","High","Regular school","No","Yes participating without using any Provision or the CEP","152","2577","School is not eligible for either Title I Targeted Assistance or Schoolwide program","No"
mixed - most recent,"510415001825","YORKTOWN MIDDLE","VA","York County Public Schools","Middle","Regular school","No","Yes participating without using any Provision or the CEP","43","644","School is not eligible for either Title I Targeted Assistance or Schoolwide program","No"
mixed - most recent,"510105002748","Yowell Elementary","VA","Culpeper County Public Schools","Primary","Regular school","No","Yes participating without using any Provision or the CEP","40","666","School is not eligible for either Title I Targeted Assistance or Schoolwide program","No"
mixed - most recent,"510348001541","Yuma Elementary","VA","Scott County Public Schools","Primary","Regular school","No","Yes under the Community Eligibility Provision (CEP)","16","186","School is not eligible for either Title I Targeted Assistance or Schoolwide program","No"
mixed - most recent,"510007002967","YVONNE B. MILLER HIGH SCHOOL","VA","Department of Juvenile Justice -Education Div","High","Other/alternative school","No","Missing/not reported","18","61","School is not eligible for either Title I Targeted Assistance or Schoolwide program","No"